"rid", "binaryID"
29629,1
29630,10
29631,100
29632,1000
30834,1001
29633,10000
30117,10010
30833,100000
30135,100100
30128,1000000
30249,1001000
30832,10000000
28724,10010000
29634,100000000
30265,100100000
30800,100100001
29635,1000000000
29636,10000000000
29637,100000000000
29638,1000000000000
29639,10000000000000
30831,10000000000001
29640,100000000000000
30320,100000000000010
29641,1000000000000000
29642,10000000000000000
29643,100000000000000000
30839,100000000000000001
29644,1000000000000000000
30830,1000000000000000001
28871,1000000000000000010
29645,10000000000000000000
30801,10000000000000000010
30754,10000000000000000100
29646,100000000000000000000
30290,100000000000000000100
30843,100000000000000001000
29647,1000000000000000000000
30016,1000000000000000000001
30294,1000000000000000001000
30295,1000000000000000001001
30728,1000000000000000010000
29648,10000000000000000000000
30017,10000000000000000000010
30802,10000000000000000010000
30727,10000000000000000010010
29649,100000000000000000000000
30838,100000000000000000000001
30018,100000000000000000000100
30076,100000000000000000000101
28880,100000000000000000100000
30726,100000000000000000100100
30829,1000000000000000000000000
28879,1000000000000000000000010
30019,1000000000000000000001000
30077,1000000000000000000001010
30753,1000000000000000001000000
30845,1000000000000000001001000
30468,10000000000000000000000000
30846,10000000000000000000000100
30020,10000000000000000000010000
30305,10000000000000000000010001
30078,10000000000000000000010100
28881,10000000000000000010000000
30374,10000000000000000010010000
30469,100000000000000000000000000
30757,100000000000000000000001000
30021,100000000000000000000100000
30079,100000000000000000000101000
30740,100000000000000000000101001
30844,100000000000000000100000000
30852,100000000000000000100100000
30309,1000000000000000000000000000
30854,1000000000000000000000010000
30022,1000000000000000000001000000
30080,1000000000000000000001010000
30804,1000000000000000000001010001
30245,1000000000000000000001010010
30246,1000000000000000000001010011
30730,1000000000000000001000000000
30400,1000000000000000001001000000
30316,10000000000000000000000000000
30470,10000000000000000000000000001
30731,10000000000000000000000100000
30023,10000000000000000000010000000
30081,10000000000000000000010100000
30799,10000000000000000000010100010
30243,10000000000000000000010100110
30244,10000000000000000000010100111
30724,100000000000000000000000000000
28878,100000000000000000000000000010
30024,100000000000000000000100000000
28683,100000000000000000000101000000
30082,100000000000000000000101000001
30280,100000000000000000000101000100
30112,100000000000000000000101001100
30739,100000000000000000000101001101
30725,1000000000000000000000000000000
28527,1000000000000000000000000000100
30025,1000000000000000000001000000000
30276,1000000000000000000001010000000
30083,1000000000000000000001010000010
28662,1000000000000000000001010011000
28663,1000000000000000000001010011001
30364,10000000000000000000000000000000
30365,10000000000000000000000000000001
28528,10000000000000000000000000001000
30026,10000000000000000000010000000000
30308,10000000000000000000010000000001
30084,10000000000000000000010100000100
30803,10000000000000000000010100000101
30847,100000000000000000000000000000000
30848,100000000000000000000000000000010
28529,100000000000000000000000000010000
30027,100000000000000000000100000000000
30275,100000000000000000000100000000001
30317,100000000000000000000100000000010
30329,100000000000000000000100000000011
30085,100000000000000000000101000001000
30738,100000000000000000000101000001001
30268,100000000000000000000101000001010
30729,1000000000000000000000000000000000
30392,1000000000000000000000000000000100
28530,1000000000000000000000000000100000
30028,1000000000000000000001000000000000
30304,1000000000000000000001000000000001
30330,1000000000000000000001000000000100
30557,1000000000000000000001000000000101
30558,1000000000000000000001000000000110
30086,1000000000000000000001010000010000
30774,1000000000000000000001010000010001
30750,1000000000000000000001010000010010
30857,10000000000000000000000000000001000
28531,10000000000000000000000000001000000
30029,10000000000000000000010000000000000
30555,10000000000000000000010000000001000
30556,10000000000000000000010000000001010
30087,10000000000000000000010100000100000
30467,10000000000000000000010100000100001
30103,10000000000000000000010100000100010
30417,100000000000000000000000000000010000
28532,100000000000000000000000000010000000
30835,100000000000000000000000000010000001
30030,100000000000000000000100000000000000
30319,100000000000000000000100000000000001
30554,100000000000000000000100000000010000
30088,100000000000000000000101000001000000
30131,100000000000000000000101000001000010
30415,1000000000000000000000000000000100000
28533,1000000000000000000000000000100000000
30325,1000000000000000000000000000100000010
30031,1000000000000000000001000000000000000
30075,1000000000000000000001000000000000001
28494,1000000000000000000001010000010000000
30089,1000000000000000000001010000010000001
30414,10000000000000000000000000000001000000
28534,10000000000000000000000000001000000000
30828,10000000000000000000000000001000000001
30032,10000000000000000000010000000000000000
30553,10000000000000000000010000000000000001
28495,10000000000000000000010100000100000000
28496,10000000000000000000010100000100000001
28643,10000000000000000000010100000100000010
30428,100000000000000000000000000000010000000
28535,100000000000000000000000000010000000000
30755,100000000000000000000000000010000000010
30033,100000000000000000000100000000000000000
30550,100000000000000000000100000000000000001
30552,100000000000000000000100000000000000010
30107,100000000000000000000101000001000000000
30129,100000000000000000000101000001000000010
28644,100000000000000000000101000001000000100
30466,100000000000000000000101000001000000101
28536,1000000000000000000000000000100000000000
30837,1000000000000000000000000000100000000001
30849,1000000000000000000000000000100000000100
30034,1000000000000000000001000000000000000000
30040,1000000000000000000001000000000000000001
30551,1000000000000000000001000000000000000010
28645,1000000000000000000001010000010000001000
28674,1000000000000000000001010000010000001010
28537,10000000000000000000000000001000000000000
30836,10000000000000000000000000001000000000001
30756,10000000000000000000000000001000000000010
30393,10000000000000000000000000001000000001000
30035,10000000000000000000010000000000000000000
30634,10000000000000000000010000000000000000001
30041,10000000000000000000010000000000000000010
30261,10000000000000000000010000000000000000011
28646,10000000000000000000010100000100000010000
30773,10000000000000000000010100000100000010001
29771,100000000000000000000000000010000000000000
28877,100000000000000000000000000010000000000010
30850,100000000000000000000000000010000000000100
30732,100000000000000000000000000010000000010000
30036,100000000000000000000100000000000000000000
28725,100000000000000000000100000000000000000100
30042,100000000000000000000100000000000000000101
28647,100000000000000000000101000001000000100000
30772,100000000000000000000101000001000000100001
29677,100000000000000000000101000001000000100010
29772,1000000000000000000000000000100000000000000
30382,1000000000000000000000000000100000000001000
30858,1000000000000000000000000000100000000100000
30037,1000000000000000000001000000000000000000000
30043,1000000000000000000001000000000000000001010
30255,1000000000000000000001000000000000000001011
28648,1000000000000000000001010000010000001000000
29676,1000000000000000000001010000010000001000001
30771,1000000000000000000001010000010000001000010
28676,1000000000000000000001010000010000001000100
29773,10000000000000000000000000001000000000000000
30431,10000000000000000000000000001000000001000000
30038,10000000000000000000010000000000000000000000
30344,10000000000000000000010000000000000000000001
30044,10000000000000000000010000000000000000010100
30298,10000000000000000000010000000000000000010101
28649,10000000000000000000010100000100000010000000
28718,10000000000000000000010100000100000010000010
28664,10000000000000000000010100000100000010000100
28677,10000000000000000000010100000100000010001000
29774,100000000000000000000000000010000000000000000
30039,100000000000000000000100000000000000000000000
30045,100000000000000000000100000000000000000101000
30254,100000000000000000000100000000000000000101001
28650,100000000000000000000101000001000000100000000
28675,100000000000000000000101000001000000100000001
28655,100000000000000000000101000001000000100000100
30768,100000000000000000000101000001000000100000101
28672,100000000000000000000101000001000000100010000
29775,1000000000000000000000000000100000000000000000
30046,1000000000000000000001000000000000000001010000
30279,1000000000000000000001000000000000000001010001
30119,1000000000000000000001000000000000000001010010
30120,1000000000000000000001000000000000000001010011
28651,1000000000000000000001010000010000001000000000
30095,1000000000000000000001010000010000001000000001
30769,1000000000000000000001010000010000001000001010
30770,1000000000000000000001010000010000001000001011
29776,10000000000000000000000000001000000000000000000
29777,10000000000000000000000000001000000000000000001
30751,10000000000000000000010000000000000000010100000
32726,10000000000000000000010000000000000000010100001
30315,10000000000000000000010000000000000000010100010
30635,10000000000000000000010000000000000000010100011
30116,10000000000000000000010000000000000000010100100
28659,10000000000000000000010000000000000000010100110
28660,10000000000000000000010000000000000000010100111
28652,10000000000000000000010100000100000010000000000
29669,10000000000000000000010100000100000010000000010
30096,10000000000000000000010100000100000010000000011
29675,10000000000000000000010100000100000010000010110
30240,10000000000000000000010100000100000010000010111
30760,100000000000000000000000000010000000000000000000
29778,100000000000000000000000000010000000000000000010
30752,100000000000000000000100000000000000000101000000
28418,100000000000000000000100000000000000000101000010
28424,100000000000000000000100000000000000000101000011
30104,100000000000000000000100000000000000000101001000
30105,100000000000000000000100000000000000000101001001
28656,100000000000000000000100000000000000000101001100
28492,100000000000000000000100000000000000000101001110
28653,100000000000000000000101000001000000100000000000
30737,100000000000000000000101000001000000100000000100
28679,100000000000000000000101000001000000100000000110
30097,100000000000000000000101000001000000100000000111
30806,1000000000000000000000000000100000000000000000000
29779,1000000000000000000000000000100000000000000000100
30827,1000000000000000000000000000100000000000000000101
28419,1000000000000000000001000000000000000001010000100
30314,1000000000000000000001000000000000000001010000101
28425,1000000000000000000001000000000000000001010000110
28868,1000000000000000000001000000000000000001010000111
28658,1000000000000000000001000000000000000001010010000
28486,1000000000000000000001000000000000000001010011000
28485,1000000000000000000001000000000000000001010011100
28673,1000000000000000000001010000010000001000000000000
30090,1000000000000000000001010000010000001000000000001
30059,1000000000000000000001010000010000001000000001000
30060,1000000000000000000001010000010000001000000001001
28678,1000000000000000000001010000010000001000000001100
30098,1000000000000000000001010000010000001000000001110
30149,1000000000000000000001010000010000001000000001111
30805,10000000000000000000000000001000000000000000000000
29780,10000000000000000000000000001000000000000000001000
30826,10000000000000000000000000001000000000000000001010
28420,10000000000000000000010000000000000000010100001000
28426,10000000000000000000010000000000000000010100001100
30745,10000000000000000000010000000000000000010100001110
28654,10000000000000000000010000000000000000010100100000
30239,10000000000000000000010000000000000000010100110000
30230,10000000000000000000010100000100000010000000000000
30231,10000000000000000000010100000100000010000000000001
29670,10000000000000000000010100000100000010000000000010
30091,10000000000000000000010100000100000010000000000011
30051,10000000000000000000010100000100000010000000010000
30052,10000000000000000000010100000100000010000000010010
30099,10000000000000000000010100000100000010000000011100
30736,10000000000000000000010100000100000010000000011101
30150,10000000000000000000010100000100000010000000011110
30761,100000000000000000000000000010000000000000000000000
29781,100000000000000000000000000010000000000000000010000
30386,100000000000000000000000000010000000000000000010100
28421,100000000000000000000100000000000000000101000010000
30281,100000000000000000000100000000000000000101000010001
28427,100000000000000000000100000000000000000101000011000
30765,100000000000000000000100000000000000000101000011001
29672,100000000000000000000100000000000000000101001100000
30224,100000000000000000000101000001000000100000000000000
28715,100000000000000000000101000001000000100000000000100
29671,100000000000000000000101000001000000100000000000110
30092,100000000000000000000101000001000000100000000000111
30136,100000000000000000000101000001000000100000000111000
29662,100000000000000000000101000001000000100000000111100
30151,100000000000000000000101000001000000100000000111101
30406,1000000000000000000000000000100000000000000000000000
30560,1000000000000000000000000000100000000000000000000001
29782,1000000000000000000000000000100000000000000000100000
30824,1000000000000000000000000000100000000000000000100001
28422,1000000000000000000001000000000000000001010000100000
30277,1000000000000000000001000000000000000001010000100010
28428,1000000000000000000001000000000000000001010000110000
28723,1000000000000000000001000000000000000001010000110001
30127,1000000000000000000001000000000000000001010000110010
30762,1000000000000000000001000000000000000001010011000000
30093,1000000000000000000001010000010000001000000000001110
30232,1000000000000000000001010000010000001000000000001111
30137,1000000000000000000001010000010000001000000001110000
30562,10000000000000000000000000001000000000000000000000000
30561,10000000000000000000000000001000000000000000000000010
29783,10000000000000000000000000001000000000000000001000000
30409,10000000000000000000000000001000000000000000001000010
28423,10000000000000000000010000000000000000010100001000000
28429,10000000000000000000010000000000000000010100001100000
30764,10000000000000000000010000000000000000010100001100001
30257,10000000000000000000010000000000000000010100001100010
30259,10000000000000000000010000000000000000010100001100011
30094,10000000000000000000010100000100000010000000000011100
30225,10000000000000000000010100000100000010000000000011110
30138,10000000000000000000010100000100000010000000011100000
30139,10000000000000000000010100000100000010000000011100001
30798,100000000000000000000000000010000000000000000000000000
30408,100000000000000000000000000010000000000000000000000100
29784,100000000000000000000000000010000000000000000010000000
30411,100000000000000000000000000010000000000000000010000100
28430,100000000000000000000100000000000000000101000011000000
30115,100000000000000000000100000000000000000101000011000010
30266,100000000000000000000100000000000000000101000011000110
30733,100000000000000000000101000001000000100000000111000000
30842,100000000000000000000101000001000000100000000111000001
30140,100000000000000000000101000001000000100000000111000010
28883,1000000000000000000000000000100000000000000000000000000
30410,1000000000000000000000000000100000000000000000000001000
29785,1000000000000000000000000000100000000000000000100000000
30419,1000000000000000000000000000100000000000000000100001000
30062,1000000000000000000001000000000000000001010000110000000
30126,1000000000000000000001000000000000000001010000110000001
30734,1000000000000000000001010000010000001000000001110000000
30735,1000000000000000000001010000010000001000000001110000010
30141,1000000000000000000001010000010000001000000001110000100
28882,10000000000000000000000000001000000000000000000000000000
30430,10000000000000000000000000001000000000000000000000010000
30565,10000000000000000000000000001000000000000000000000010001
29786,10000000000000000000000000001000000000000000001000000000
30063,10000000000000000000010000000000000000010100001100000000
30123,10000000000000000000010000000000000000010100001100000001
30763,10000000000000000000010000000000000000010100001100000010
30142,10000000000000000000010100000100000010000000011100001000
29787,100000000000000000000000000010000000000000000010000000000
30823,100000000000000000000000000010000000000000000010000000001
30064,100000000000000000000100000000000000000101000011000000000
28721,100000000000000000000100000000000000000101000011000000010
30143,100000000000000000000101000001000000100000000111000010000
29788,1000000000000000000000000000100000000000000000100000000000
30822,1000000000000000000000000000100000000000000000100000000001
30759,1000000000000000000000000000100000000000000000100000000010
30065,1000000000000000000001000000000000000001010000110000000000
30766,1000000000000000000001000000000000000001010000110000000001
30144,1000000000000000000001010000010000001000000001110000100000
29789,10000000000000000000000000001000000000000000001000000000000
30559,10000000000000000000000000001000000000000000001000000000010
30855,10000000000000000000000000001000000000000000001000000000100
30066,10000000000000000000010000000000000000010100001100000000000
30101,10000000000000000000010000000000000000010100001100000000001
30058,10000000000000000000010100000100000010000000011100001000000
30145,10000000000000000000010100000100000010000000011100001000001
29790,100000000000000000000000000010000000000000000010000000000000
30856,100000000000000000000000000010000000000000000010000000000100
30387,100000000000000000000000000010000000000000000010000000001000
30067,100000000000000000000100000000000000000101000011000000000000
28665,100000000000000000000100000000000000000101000011000000000010
30102,100000000000000000000100000000000000000101000011000000000011
29659,100000000000000000000101000001000000100000000111000010000010
30146,100000000000000000000101000001000000100000000111000010000011
29791,1000000000000000000000000000100000000000000000100000000000000
30391,1000000000000000000000000000100000000000000000100000000001000
29678,1000000000000000000001000000000000000001010000110000000000000
30068,1000000000000000000001000000000000000001010000110000000000001
30109,1000000000000000000001000000000000000001010000110000000000100
30122,1000000000000000000001000000000000000001010000110000000000101
30118,1000000000000000000001000000000000000001010000110000000000110
29651,1000000000000000000001010000010000001000000001110000100000100
29652,1000000000000000000001010000010000001000000001110000100000101
29663,1000000000000000000001010000010000001000000001110000100000110
30147,1000000000000000000001010000010000001000000001110000100000111
29792,10000000000000000000000000001000000000000000001000000000000000
30825,10000000000000000000000000001000000000000000001000000000000001
28493,10000000000000000000010000000000000000010100001100000000000000
29667,10000000000000000000010000000000000000010100001100000000000010
30069,10000000000000000000010000000000000000010100001100000000000011
30108,10000000000000000000010000000000000000010100001100000000001000
30288,10000000000000000000010000000000000000010100001100000000001010
28680,10000000000000000000010100000100000010000000011100001000001100
30626,10000000000000000000010100000100000010000000011100001000001101
30148,10000000000000000000010100000100000010000000011100001000001110
30767,10000000000000000000010100000100000010000000011100001000001111
29793,100000000000000000000000000010000000000000000010000000000000000
30568,100000000000000000000000000010000000000000000010000000000000010
28681,100000000000000000000100000000000000000101000011000000000000100
28682,100000000000000000000100000000000000000101000011000000000000101
30070,100000000000000000000100000000000000000101000011000000000000110
30237,100000000000000000000100000000000000000101000011000000000000111
30121,100000000000000000000100000000000000000101000011000000000010000
29794,1000000000000000000000000000100000000000000000100000000000000000
30003,1000000000000000000000000000100000000000000000100000000000000001
28870,1000000000000000000000000000100000000000000000100000000000000100
30537,1000000000000000000000000000100000000000000000100000000000000101
30071,1000000000000000000001000000000000000001010000110000000000001100
30236,1000000000000000000001000000000000000001010000110000000000001110
29795,10000000000000000000000000001000000000000000001000000000000000000
30004,10000000000000000000000000001000000000000000001000000000000000010
30563,10000000000000000000000000001000000000000000001000000000000001000
30418,10000000000000000000000000001000000000000000001000000000000001010
30072,10000000000000000000010000000000000000010100001100000000000011000
28867,10000000000000000000010000000000000000010100001100000000000011100
29796,100000000000000000000000000010000000000000000010000000000000000000
30005,100000000000000000000000000010000000000000000010000000000000000100
30758,100000000000000000000000000010000000000000000010000000000000000101
30429,100000000000000000000000000010000000000000000010000000000000010000
30564,100000000000000000000000000010000000000000000010000000000000010001
30056,100000000000000000000100000000000000000101000011000000000000110000
30073,100000000000000000000100000000000000000101000011000000000000110001
30235,100000000000000000000100000000000000000101000011000000000000111000
29797,1000000000000000000000000000100000000000000000100000000000000000000
30851,1000000000000000000000000000100000000000000000100000000000000001000
30853,1000000000000000000000000000100000000000000000100000000000000001010
30566,1000000000000000000000000000100000000000000000100000000000000100010
30050,1000000000000000000001000000000000000001010000110000000000001100010
30074,1000000000000000000001000000000000000001010000110000000000001100011
30629,1000000000000000000001000000000000000001010000110000000000001110000
29798,10000000000000000000000000001000000000000000001000000000000000000000
30821,10000000000000000000000000001000000000000000001000000000000000000001
30006,10000000000000000000000000001000000000000000001000000000000000010000
30723,10000000000000000000000000001000000000000000001000000000000000010100
30567,10000000000000000000000000001000000000000000001000000000000001000100
28716,10000000000000000000010000000000000000010100001100000000000011100000
30670,10000000000000000000010000000000000000010100001100000000000011100001
29799,100000000000000000000000000010000000000000000010000000000000000000000
30819,100000000000000000000000000010000000000000000010000000000000000000001
28876,100000000000000000000000000010000000000000000010000000000000000000010
30007,100000000000000000000000000010000000000000000010000000000000000100000
30385,100000000000000000000000000010000000000000000010000000000000000100001
30345,100000000000000000000000000010000000000000000010000000000000000101000
30357,100000000000000000000000000010000000000000000010000000000000000101001
30440,100000000000000000000000000010000000000000000010000000000000010001000
29800,1000000000000000000000000000100000000000000000100000000000000000000000
30820,1000000000000000000000000000100000000000000000100000000000000000000001
30420,1000000000000000000000000000100000000000000000100000000000000000000010
30859,1000000000000000000000000000100000000000000000100000000000000000000100
30008,1000000000000000000000000000100000000000000000100000000000000001000000
30372,1000000000000000000000000000100000000000000000100000000000000001000001
30441,1000000000000000000000000000100000000000000000100000000000000100010000
29801,10000000000000000000000000001000000000000000001000000000000000000000000
30818,10000000000000000000000000001000000000000000001000000000000000000000001
30426,10000000000000000000000000001000000000000000001000000000000000000000010
30405,10000000000000000000000000001000000000000000001000000000000000000001000
30009,10000000000000000000000000001000000000000000001000000000000000010000000
30643,10000000000000000000000000001000000000000000001000000000000000010000001
30448,10000000000000000000000000001000000000000000001000000000000001000100000
29802,100000000000000000000000000010000000000000000010000000000000000000000000
30433,100000000000000000000000000010000000000000000010000000000000000000000010
30432,100000000000000000000000000010000000000000000010000000000000000000000100
30010,100000000000000000000000000010000000000000000010000000000000000100000000
30349,100000000000000000000000000010000000000000000010000000000000000100000001
28857,100000000000000000000000000010000000000000000010000000000000010001000000
29803,1000000000000000000000000000100000000000000000100000000000000000000000000
30722,1000000000000000000000000000100000000000000000100000000000000000000001000
30011,1000000000000000000000000000100000000000000000100000000000000001000000000
30642,1000000000000000000000000000100000000000000000100000000000000001000000001
30331,1000000000000000000000000000100000000000000000100000000000000001000000010
29804,10000000000000000000000000001000000000000000001000000000000000000000000000
30012,10000000000000000000000000001000000000000000001000000000000000010000000000
29805,100000000000000000000000000010000000000000000010000000000000000000000000000
30013,100000000000000000000000000010000000000000000010000000000000000100000000000
30636,100000000000000000000000000010000000000000000010000000000000000100000000001
29806,1000000000000000000000000000100000000000000000100000000000000000000000000000
30817,1000000000000000000000000000100000000000000000100000000000000000000000000001
30014,1000000000000000000000000000100000000000000000100000000000000001000000000000
30341,1000000000000000000000000000100000000000000000100000000000000001000000000010
28848,10000000000000000000000000001000000000000000001000000000000000000000000000000
29807,10000000000000000000000000001000000000000000001000000000000000000000000000001
30647,10000000000000000000000000001000000000000000001000000000000000000000000000010
30015,10000000000000000000000000001000000000000000001000000000000000010000000000000
28849,100000000000000000000000000010000000000000000010000000000000000000000000000000
29808,100000000000000000000000000010000000000000000010000000000000000000000000000010
28850,1000000000000000000000000000100000000000000000100000000000000000000000000000000
29809,1000000000000000000000000000100000000000000000100000000000000000000000000000100
30860,10000000000000000000000000001000000000000000001000000000000000000000000000000000
29810,10000000000000000000000000001000000000000000001000000000000000000000000000001000
30816,10000000000000000000000000001000000000000000001000000000000000000000000000001001
28851,100000000000000000000000000010000000000000000010000000000000000000000000000000000
29811,100000000000000000000000000010000000000000000010000000000000000000000000000010000
30721,100000000000000000000000000010000000000000000010000000000000000000000000000010010
28852,1000000000000000000000000000100000000000000000100000000000000000000000000000000000
30363,1000000000000000000000000000100000000000000000100000000000000000000000000000000001
29812,1000000000000000000000000000100000000000000000100000000000000000000000000000100000
28853,10000000000000000000000000001000000000000000001000000000000000000000000000000000000
30346,10000000000000000000000000001000000000000000001000000000000000000000000000000000001
30373,10000000000000000000000000001000000000000000001000000000000000000000000000000000010
30548,10000000000000000000000000001000000000000000001000000000000000000000000000000000011
29813,10000000000000000000000000001000000000000000001000000000000000000000000000001000000
30815,10000000000000000000000000001000000000000000001000000000000000000000000000001000001
28854,100000000000000000000000000010000000000000000010000000000000000000000000000000000000
30638,100000000000000000000000000010000000000000000010000000000000000000000000000000000010
30641,100000000000000000000000000010000000000000000010000000000000000000000000000000000011
29707,100000000000000000000000000010000000000000000010000000000000000000000000000000000110
30549,100000000000000000000000000010000000000000000010000000000000000000000000000000000111
29814,100000000000000000000000000010000000000000000010000000000000000000000000000010000000
30445,100000000000000000000000000010000000000000000010000000000000000000000000000010000010
30447,100000000000000000000000000010000000000000000010000000000000000000000000000010000011
30334,1000000000000000000000000000100000000000000000100000000000000000000000000000000000000
32727,1000000000000000000000000000100000000000000000100000000000000000000000000000000000001
30332,1000000000000000000000000000100000000000000000100000000000000000000000000000000000100
29815,1000000000000000000000000000100000000000000000100000000000000000000000000000100000000
30437,1000000000000000000000000000100000000000000000100000000000000000000000000000100000100
30438,1000000000000000000000000000100000000000000000100000000000000000000000000000100000101
30444,1000000000000000000000000000100000000000000000100000000000000000000000000000100000110
30450,1000000000000000000000000000100000000000000000100000000000000000000000000000100000111
30342,10000000000000000000000000001000000000000000001000000000000000000000000000000000000000
28855,10000000000000000000000000001000000000000000001000000000000000000000000000000000000010
30312,10000000000000000000000000001000000000000000001000000000000000000000000000000000000011
30639,10000000000000000000000000001000000000000000001000000000000000000000000000000000001000
29816,10000000000000000000000000001000000000000000001000000000000000000000000000001000000000
30814,10000000000000000000000000001000000000000000001000000000000000000000000000001000000001
30452,10000000000000000000000000001000000000000000001000000000000000000000000000001000001110
30454,10000000000000000000000000001000000000000000001000000000000000000000000000001000001111
30000,100000000000000000000000000010000000000000000010000000000000000000000000000000000000100
29706,100000000000000000000000000010000000000000000010000000000000000000000000000000000000110
30336,100000000000000000000000000010000000000000000010000000000000000000000000000000000010000
29817,100000000000000000000000000010000000000000000010000000000000000000000000000010000000000
30717,100000000000000000000000000010000000000000000010000000000000000000000000000010000000010
30718,100000000000000000000000000010000000000000000010000000000000000000000000000010000011100
30001,1000000000000000000000000000100000000000000000100000000000000000000000000000000000001000
30303,1000000000000000000000000000100000000000000000100000000000000000000000000000000000001100
29818,1000000000000000000000000000100000000000000000100000000000000000000000000000100000000000
30719,1000000000000000000000000000100000000000000000100000000000000000000000000000100000000100
28858,1000000000000000000000000000100000000000000000100000000000000000000000000000100000111000
30002,10000000000000000000000000001000000000000000001000000000000000000000000000000000000010000
30292,10000000000000000000000000001000000000000000001000000000000000000000000000000000000011000
29819,10000000000000000000000000001000000000000000001000000000000000000000000000001000000000000
30720,10000000000000000000000000001000000000000000001000000000000000000000000000001000000001000
30455,10000000000000000000000000001000000000000000001000000000000000000000000000001000001110000
30456,10000000000000000000000000001000000000000000001000000000000000000000000000001000001110001
29820,100000000000000000000000000010000000000000000010000000000000000000000000000010000000000000
28875,100000000000000000000000000010000000000000000010000000000000000000000000000010000000010000
29821,1000000000000000000000000000100000000000000000100000000000000000000000000000100000000000000
28874,1000000000000000000000000000100000000000000000100000000000000000000000000000100000000100000
29822,10000000000000000000000000001000000000000000001000000000000000000000000000001000000000000000
30713,10000000000000000000000000001000000000000000001000000000000000000000000000001000000001000000
29823,100000000000000000000000000010000000000000000010000000000000000000000000000010000000000000000
28872,100000000000000000000000000010000000000000000010000000000000000000000000000010000000010000000
30714,100000000000000000000000000010000000000000000010000000000000000000000000000010000000010000001
29824,1000000000000000000000000000100000000000000000100000000000000000000000000000100000000000000000
28873,1000000000000000000000000000100000000000000000100000000000000000000000000000100000000100000000
29825,10000000000000000000000000001000000000000000001000000000000000000000000000001000000000000000000
30715,10000000000000000000000000001000000000000000001000000000000000000000000000001000000001000000000
29826,100000000000000000000000000010000000000000000010000000000000000000000000000010000000000000000000
30716,100000000000000000000000000010000000000000000010000000000000000000000000000010000000010000000000
29827,1000000000000000000000000000100000000000000000100000000000000000000000000000100000000000000000000
30384,1000000000000000000000000000100000000000000000100000000000000000000000000000100000000100000000000
30390,1000000000000000000000000000100000000000000000100000000000000000000000000000100000000100000000001
29828,10000000000000000000000000001000000000000000001000000000000000000000000000001000000000000000000000
30369,10000000000000000000000000001000000000000000001000000000000000000000000000001000000001000000000000
30370,10000000000000000000000000001000000000000000001000000000000000000000000000001000000001000000000001
29829,100000000000000000000000000010000000000000000010000000000000000000000000000010000000000000000000000
29830,1000000000000000000000000000100000000000000000100000000000000000000000000000100000000000000000000000
29831,10000000000000000000000000001000000000000000001000000000000000000000000000001000000000000000000000000
29832,100000000000000000000000000010000000000000000010000000000000000000000000000010000000000000000000000000
29833,1000000000000000000000000000100000000000000000100000000000000000000000000000100000000000000000000000000
29834,10000000000000000000000000001000000000000000001000000000000000000000000000001000000000000000000000000000
29835,100000000000000000000000000010000000000000000010000000000000000000000000000010000000000000000000000000000
28703,1000000000000000000000000000100000000000000000100000000000000000000000000000100000000000000000000000000000
28704,10000000000000000000000000001000000000000000001000000000000000000000000000001000000000000000000000000000000
28705,100000000000000000000000000010000000000000000010000000000000000000000000000010000000000000000000000000000000
28706,1000000000000000000000000000100000000000000000100000000000000000000000000000100000000000000000000000000000000
28707,10000000000000000000000000001000000000000000001000000000000000000000000000001000000000000000000000000000000000
28708,100000000000000000000000000010000000000000000010000000000000000000000000000010000000000000000000000000000000000
30812,100000000000000000000000000010000000000000000010000000000000000000000000000010000000000000000000000000000000001
28709,1000000000000000000000000000100000000000000000100000000000000000000000000000100000000000000000000000000000000000
30813,1000000000000000000000000000100000000000000000100000000000000000000000000000100000000000000000000000000000000010
30152,10000000000000000000000000001000000000000000001000000000000000000000000000001000000000000000000000000000000000000
30712,10000000000000000000000000001000000000000000001000000000000000000000000000001000000000000000000000000000000000100
30153,100000000000000000000000000010000000000000000010000000000000000000000000000010000000000000000000000000000000000000
30710,100000000000000000000000000010000000000000000010000000000000000000000000000010000000000000000000000000000000001000
30154,1000000000000000000000000000100000000000000000100000000000000000000000000000100000000000000000000000000000000000000
30811,1000000000000000000000000000100000000000000000100000000000000000000000000000100000000000000000000000000000000000001
30711,1000000000000000000000000000100000000000000000100000000000000000000000000000100000000000000000000000000000000010000
30155,10000000000000000000000000001000000000000000001000000000000000000000000000001000000000000000000000000000000000000000
30810,10000000000000000000000000001000000000000000001000000000000000000000000000001000000000000000000000000000000000000001
30709,10000000000000000000000000001000000000000000001000000000000000000000000000001000000000000000000000000000000000000010
30451,10000000000000000000000000001000000000000000001000000000000000000000000000001000000000000000000000000000000000100000
30156,100000000000000000000000000010000000000000000010000000000000000000000000000010000000000000000000000000000000000000000
30809,100000000000000000000000000010000000000000000010000000000000000000000000000010000000000000000000000000000000000000001
30436,100000000000000000000000000010000000000000000010000000000000000000000000000010000000000000000000000000000000000000010
30708,100000000000000000000000000010000000000000000010000000000000000000000000000010000000000000000000000000000000000000100
28710,1000000000000000000000000000100000000000000000100000000000000000000000000000100000000000000000000000000000000000000000
28711,1000000000000000000000000000100000000000000000100000000000000000000000000000100000000000000000000000000000000000000001
30413,1000000000000000000000000000100000000000000000100000000000000000000000000000100000000000000000000000000000000000000010
29704,1000000000000000000000000000100000000000000000100000000000000000000000000000100000000000000000000000000000000000001000
29705,1000000000000000000000000000100000000000000000100000000000000000000000000000100000000000000000000000000000000000001001
28713,10000000000000000000000000001000000000000000001000000000000000000000000000001000000000000000000000000000000000000000000
29739,10000000000000000000000000001000000000000000001000000000000000000000000000001000000000000000000000000000000000000000001
28712,10000000000000000000000000001000000000000000001000000000000000000000000000001000000000000000000000000000000000000000010
30412,10000000000000000000000000001000000000000000001000000000000000000000000000001000000000000000000000000000000000000000100
28714,100000000000000000000000000010000000000000000010000000000000000000000000000010000000000000000000000000000000000000000000
30808,100000000000000000000000000010000000000000000010000000000000000000000000000010000000000000000000000000000000000000000001
29740,100000000000000000000000000010000000000000000010000000000000000000000000000010000000000000000000000000000000000000000010
29836,1000000000000000000000000000100000000000000000100000000000000000000000000000100000000000000000000000000000000000000000000
30434,1000000000000000000000000000100000000000000000100000000000000000000000000000100000000000000000000000000000000000000000010
29741,1000000000000000000000000000100000000000000000100000000000000000000000000000100000000000000000000000000000000000000000100
30398,1000000000000000000000000000100000000000000000100000000000000000000000000000100000000000000000000000000000000000000000101
29837,10000000000000000000000000001000000000000000001000000000000000000000000000001000000000000000000000000000000000000000000000
30443,10000000000000000000000000001000000000000000001000000000000000000000000000001000000000000000000000000000000000000000000100
30449,10000000000000000000000000001000000000000000001000000000000000000000000000001000000000000000000000000000000000000000000101
29742,10000000000000000000000000001000000000000000001000000000000000000000000000001000000000000000000000000000000000000000001000
30383,10000000000000000000000000001000000000000000001000000000000000000000000000001000000000000000000000000000000000000000001001
30367,10000000000000000000000000001000000000000000001000000000000000000000000000001000000000000000000000000000000000000000001010
30380,10000000000000000000000000001000000000000000001000000000000000000000000000001000000000000000000000000000000000000000001011
29838,100000000000000000000000000010000000000000000010000000000000000000000000000010000000000000000000000000000000000000000000000
28856,100000000000000000000000000010000000000000000010000000000000000000000000000010000000000000000000000000000000000000000001000
29743,100000000000000000000000000010000000000000000010000000000000000000000000000010000000000000000000000000000000000000000010000
30536,100000000000000000000000000010000000000000000010000000000000000000000000000010000000000000000000000000000000000000000010001
30378,100000000000000000000000000010000000000000000010000000000000000000000000000010000000000000000000000000000000000000000010010
29698,100000000000000000000000000010000000000000000010000000000000000000000000000010000000000000000000000000000000000000000010100
29839,1000000000000000000000000000100000000000000000100000000000000000000000000000100000000000000000000000000000000000000000000000
29744,1000000000000000000000000000100000000000000000100000000000000000000000000000100000000000000000000000000000000000000000100000
30460,1000000000000000000000000000100000000000000000100000000000000000000000000000100000000000000000000000000000000000000000100010
30377,1000000000000000000000000000100000000000000000100000000000000000000000000000100000000000000000000000000000000000000000100100
29697,1000000000000000000000000000100000000000000000100000000000000000000000000000100000000000000000000000000000000000000000101000
29840,10000000000000000000000000001000000000000000001000000000000000000000000000001000000000000000000000000000000000000000000000000
30707,10000000000000000000000000001000000000000000001000000000000000000000000000001000000000000000000000000000000000000000000000001
29745,10000000000000000000000000001000000000000000001000000000000000000000000000001000000000000000000000000000000000000000001000000
29703,10000000000000000000000000001000000000000000001000000000000000000000000000001000000000000000000000000000000000000000001000100
30376,10000000000000000000000000001000000000000000001000000000000000000000000000001000000000000000000000000000000000000000001001000
29696,10000000000000000000000000001000000000000000001000000000000000000000000000001000000000000000000000000000000000000000001010000
30339,10000000000000000000000000001000000000000000001000000000000000000000000000001000000000000000000000000000000000000000001010001
29841,100000000000000000000000000010000000000000000010000000000000000000000000000010000000000000000000000000000000000000000000000000
30462,100000000000000000000000000010000000000000000010000000000000000000000000000010000000000000000000000000000000000000000000000010
29746,100000000000000000000000000010000000000000000010000000000000000000000000000010000000000000000000000000000000000000000010000000
30355,100000000000000000000000000010000000000000000010000000000000000000000000000010000000000000000000000000000000000000000010001000
29700,100000000000000000000000000010000000000000000010000000000000000000000000000010000000000000000000000000000000000000000010010000
29701,100000000000000000000000000010000000000000000010000000000000000000000000000010000000000000000000000000000000000000000010010001
29695,100000000000000000000000000010000000000000000010000000000000000000000000000010000000000000000000000000000000000000000010100000
30637,100000000000000000000000000010000000000000000010000000000000000000000000000010000000000000000000000000000000000000000010100010
30677,100000000000000000000000000010000000000000000010000000000000000000000000000010000000000000000000000000000000000000000010100011
29842,1000000000000000000000000000100000000000000000100000000000000000000000000000100000000000000000000000000000000000000000000000000
30807,1000000000000000000000000000100000000000000000100000000000000000000000000000100000000000000000000000000000000000000000000000001
30423,1000000000000000000000000000100000000000000000100000000000000000000000000000100000000000000000000000000000000000000000000000100
30463,1000000000000000000000000000100000000000000000100000000000000000000000000000100000000000000000000000000000000000000000000000101
29747,1000000000000000000000000000100000000000000000100000000000000000000000000000100000000000000000000000000000000000000000100000000
30324,1000000000000000000000000000100000000000000000100000000000000000000000000000100000000000000000000000000000000000000000100000001
29702,1000000000000000000000000000100000000000000000100000000000000000000000000000100000000000000000000000000000000000000000100010000
30359,1000000000000000000000000000100000000000000000100000000000000000000000000000100000000000000000000000000000000000000000100010001
30351,1000000000000000000000000000100000000000000000100000000000000000000000000000100000000000000000000000000000000000000000100100000
30352,1000000000000000000000000000100000000000000000100000000000000000000000000000100000000000000000000000000000000000000000100100001
30358,1000000000000000000000000000100000000000000000100000000000000000000000000000100000000000000000000000000000000000000000100100010
29694,1000000000000000000000000000100000000000000000100000000000000000000000000000100000000000000000000000000000000000000000101000000
29843,10000000000000000000000000001000000000000000001000000000000000000000000000001000000000000000000000000000000000000000000000000000
30427,10000000000000000000000000001000000000000000001000000000000000000000000000001000000000000000000000000000000000000000000000001000
30457,10000000000000000000000000001000000000000000001000000000000000000000000000001000000000000000000000000000000000000000000000001001
30424,10000000000000000000000000001000000000000000001000000000000000000000000000001000000000000000000000000000000000000000000000001010
29748,10000000000000000000000000001000000000000000001000000000000000000000000000001000000000000000000000000000000000000000001000000000
30318,10000000000000000000000000001000000000000000001000000000000000000000000000001000000000000000000000000000000000000000001000000001
30321,10000000000000000000000000001000000000000000001000000000000000000000000000001000000000000000000000000000000000000000001000000010
30323,10000000000000000000000000001000000000000000001000000000000000000000000000001000000000000000000000000000000000000000001000000011
30343,10000000000000000000000000001000000000000000001000000000000000000000000000001000000000000000000000000000000000000000001000100000
30340,10000000000000000000000000001000000000000000001000000000000000000000000000001000000000000000000000000000000000000000001001000000
30338,10000000000000000000000000001000000000000000001000000000000000000000000000001000000000000000000000000000000000000000001001000010
30353,10000000000000000000000000001000000000000000001000000000000000000000000000001000000000000000000000000000000000000000001010000000
30640,10000000000000000000000000001000000000000000001000000000000000000000000000001000000000000000000000000000000000000000001010000001
29844,100000000000000000000000000010000000000000000010000000000000000000000000000010000000000000000000000000000000000000000000000000000
28859,100000000000000000000000000010000000000000000010000000000000000000000000000010000000000000000000000000000000000000000000000010000
30439,100000000000000000000000000010000000000000000010000000000000000000000000000010000000000000000000000000000000000000000000000010001
30465,100000000000000000000000000010000000000000000010000000000000000000000000000010000000000000000000000000000000000000000000000010100
29749,100000000000000000000000000010000000000000000010000000000000000000000000000010000000000000000000000000000000000000000010000000000
30299,100000000000000000000000000010000000000000000010000000000000000000000000000010000000000000000000000000000000000000000010000000010
30310,100000000000000000000000000010000000000000000010000000000000000000000000000010000000000000000000000000000000000000000010000000100
30328,100000000000000000000000000010000000000000000010000000000000000000000000000010000000000000000000000000000000000000000010000000110
30461,100000000000000000000000000010000000000000000010000000000000000000000000000010000000000000000000000000000000000000000010001000000
30644,100000000000000000000000000010000000000000000010000000000000000000000000000010000000000000000000000000000000000000000010100000000
29845,1000000000000000000000000000100000000000000000100000000000000000000000000000100000000000000000000000000000000000000000000000000000
30648,1000000000000000000000000000100000000000000000100000000000000000000000000000100000000000000000000000000000000000000000000000100010
30464,1000000000000000000000000000100000000000000000100000000000000000000000000000100000000000000000000000000000000000000000000000101000
29750,1000000000000000000000000000100000000000000000100000000000000000000000000000100000000000000000000000000000000000000000100000000000
30291,1000000000000000000000000000100000000000000000100000000000000000000000000000100000000000000000000000000000000000000000100000000001
30297,1000000000000000000000000000100000000000000000100000000000000000000000000000100000000000000000000000000000000000000000100000000100
30311,1000000000000000000000000000100000000000000000100000000000000000000000000000100000000000000000000000000000000000000000100000001000
29699,1000000000000000000000000000100000000000000000100000000000000000000000000000100000000000000000000000000000000000000000100000001100
29846,10000000000000000000000000001000000000000000001000000000000000000000000000001000000000000000000000000000000000000000000000000000000
29852,10000000000000000000000000001000000000000000001000000000000000000000000000001000000000000000000000000000000000000000000000001010000
29751,10000000000000000000000000001000000000000000001000000000000000000000000000001000000000000000000000000000000000000000001000000000000
30278,10000000000000000000000000001000000000000000001000000000000000000000000000001000000000000000000000000000000000000000001000000000001
30287,10000000000000000000000000001000000000000000001000000000000000000000000000001000000000000000000000000000000000000000001000000000010
30296,10000000000000000000000000001000000000000000001000000000000000000000000000001000000000000000000000000000000000000000001000000001000
28869,10000000000000000000000000001000000000000000001000000000000000000000000000001000000000000000000000000000000000000000001000000010000
30459,10000000000000000000000000001000000000000000001000000000000000000000000000001000000000000000000000000000000000000000001000000010001
30322,10000000000000000000000000001000000000000000001000000000000000000000000000001000000000000000000000000000000000000000001000000011000
29847,100000000000000000000000000010000000000000000010000000000000000000000000000010000000000000000000000000000000000000000000000000000000
30684,100000000000000000000000000010000000000000000010000000000000000000000000000010000000000000000000000000000000000000000000000000000001
29853,100000000000000000000000000010000000000000000010000000000000000000000000000010000000000000000000000000000000000000000000000010100000
29752,100000000000000000000000000010000000000000000010000000000000000000000000000010000000000000000000000000000000000000000010000000000000
30251,100000000000000000000000000010000000000000000010000000000000000000000000000010000000000000000000000000000000000000000010000000000001
30271,100000000000000000000000000010000000000000000010000000000000000000000000000010000000000000000000000000000000000000000010000000000010
30272,100000000000000000000000000010000000000000000010000000000000000000000000000010000000000000000000000000000000000000000010000000000011
30285,100000000000000000000000000010000000000000000010000000000000000000000000000010000000000000000000000000000000000000000010000000000100
30674,100000000000000000000000000010000000000000000010000000000000000000000000000010000000000000000000000000000000000000000010000000000101
30300,100000000000000000000000000010000000000000000010000000000000000000000000000010000000000000000000000000000000000000000010000000010000
30293,100000000000000000000000000010000000000000000010000000000000000000000000000010000000000000000000000000000000000000000010000000100000
29848,1000000000000000000000000000100000000000000000100000000000000000000000000000100000000000000000000000000000000000000000000000000000000
29854,1000000000000000000000000000100000000000000000100000000000000000000000000000100000000000000000000000000000000000000000000000101000000
29753,1000000000000000000000000000100000000000000000100000000000000000000000000000100000000000000000000000000000000000000000100000000000000
30110,1000000000000000000000000000100000000000000000100000000000000000000000000000100000000000000000000000000000000000000000100000000000001
28722,1000000000000000000000000000100000000000000000100000000000000000000000000000100000000000000000000000000000000000000000100000000000010
30262,1000000000000000000000000000100000000000000000100000000000000000000000000000100000000000000000000000000000000000000000100000000000100
28726,1000000000000000000000000000100000000000000000100000000000000000000000000000100000000000000000000000000000000000000000100000000000110
30270,1000000000000000000000000000100000000000000000100000000000000000000000000000100000000000000000000000000000000000000000100000000001010
29849,10000000000000000000000000001000000000000000001000000000000000000000000000001000000000000000000000000000000000000000000000000000000000
29754,10000000000000000000000000001000000000000000001000000000000000000000000000001000000000000000000000000000000000000000001000000000000000
30672,10000000000000000000000000001000000000000000001000000000000000000000000000001000000000000000000000000000000000000000001000000000000001
30132,10000000000000000000000000001000000000000000001000000000000000000000000000001000000000000000000000000000000000000000001000000000000010
30741,10000000000000000000000000001000000000000000001000000000000000000000000000001000000000000000000000000000000000000000001000000000000011
30742,10000000000000000000000000001000000000000000001000000000000000000000000000001000000000000000000000000000000000000000001000000000001000
30743,10000000000000000000000000001000000000000000001000000000000000000000000000001000000000000000000000000000000000000000001000000000001001
29850,100000000000000000000000000010000000000000000010000000000000000000000000000010000000000000000000000000000000000000000000000000000000000
29755,100000000000000000000000000010000000000000000010000000000000000000000000000010000000000000000000000000000000000000000010000000000000000
30100,100000000000000000000000000010000000000000000010000000000000000000000000000010000000000000000000000000000000000000000010000000000000001
30248,100000000000000000000000000010000000000000000010000000000000000000000000000010000000000000000000000000000000000000000010000000000000100
30111,100000000000000000000000000010000000000000000010000000000000000000000000000010000000000000000000000000000000000000000010000000000000110
30252,100000000000000000000000000010000000000000000010000000000000000000000000000010000000000000000000000000000000000000000010000000000010000
30744,100000000000000000000000000010000000000000000010000000000000000000000000000010000000000000000000000000000000000000000010000000000010010
29851,1000000000000000000000000000100000000000000000100000000000000000000000000000100000000000000000000000000000000000000000000000000000000000
29756,1000000000000000000000000000100000000000000000100000000000000000000000000000100000000000000000000000000000000000000000100000000000000000
29941,1000000000000000000000000000100000000000000000100000000000000000000000000000100000000000000000000000000000000000000000100000000000000001
30247,1000000000000000000000000000100000000000000000100000000000000000000000000000100000000000000000000000000000000000000000100000000000100000
29855,10000000000000000000000000001000000000000000001000000000000000000000000000001000000000000000000000000000000000000000000000000000000000000
29757,10000000000000000000000000001000000000000000001000000000000000000000000000001000000000000000000000000000000000000000001000000000000000000
30157,10000000000000000000000000001000000000000000001000000000000000000000000000001000000000000000000000000000000000000000001000000000000000001
28491,10000000000000000000000000001000000000000000001000000000000000000000000000001000000000000000000000000000000000000000001000000000000000010
29942,10000000000000000000000000001000000000000000001000000000000000000000000000001000000000000000000000000000000000000000001000000000000000011
29856,100000000000000000000000000010000000000000000010000000000000000000000000000010000000000000000000000000000000000000000000000000000000000000
29758,100000000000000000000000000010000000000000000010000000000000000000000000000010000000000000000000000000000000000000000010000000000000000000
30633,100000000000000000000000000010000000000000000010000000000000000000000000000010000000000000000000000000000000000000000010000000000000000001
30158,100000000000000000000000000010000000000000000010000000000000000000000000000010000000000000000000000000000000000000000010000000000000000010
28490,100000000000000000000000000010000000000000000010000000000000000000000000000010000000000000000000000000000000000000000010000000000000000100
29943,100000000000000000000000000010000000000000000010000000000000000000000000000010000000000000000000000000000000000000000010000000000000000110
30666,100000000000000000000000000010000000000000000010000000000000000000000000000010000000000000000000000000000000000000000010000000000000000111
29857,1000000000000000000000000000100000000000000000100000000000000000000000000000100000000000000000000000000000000000000000000000000000000000000
29759,1000000000000000000000000000100000000000000000100000000000000000000000000000100000000000000000000000000000000000000000100000000000000000000
30632,1000000000000000000000000000100000000000000000100000000000000000000000000000100000000000000000000000000000000000000000100000000000000000001
29674,1000000000000000000000000000100000000000000000100000000000000000000000000000100000000000000000000000000000000000000000100000000000000000010
30159,1000000000000000000000000000100000000000000000100000000000000000000000000000100000000000000000000000000000000000000000100000000000000000100
29668,1000000000000000000000000000100000000000000000100000000000000000000000000000100000000000000000000000000000000000000000100000000000000001100
29944,1000000000000000000000000000100000000000000000100000000000000000000000000000100000000000000000000000000000000000000000100000000000000001101
29673,1000000000000000000000000000100000000000000000100000000000000000000000000000100000000000000000000000000000000000000000100000000000000001110
29858,10000000000000000000000000001000000000000000001000000000000000000000000000001000000000000000000000000000000000000000000000000000000000000000
30229,10000000000000000000000000001000000000000000001000000000000000000000000000001000000000000000000000000000000000000000001000000000000000000000
30233,10000000000000000000000000001000000000000000001000000000000000000000000000001000000000000000000000000000000000000000001000000000000000000001
30160,10000000000000000000000000001000000000000000001000000000000000000000000000001000000000000000000000000000000000000000001000000000000000001000
30671,10000000000000000000000000001000000000000000001000000000000000000000000000001000000000000000000000000000000000000000001000000000000000001001
29666,10000000000000000000000000001000000000000000001000000000000000000000000000001000000000000000000000000000000000000000001000000000000000011000
29945,10000000000000000000000000001000000000000000001000000000000000000000000000001000000000000000000000000000000000000000001000000000000000011010
30061,10000000000000000000000000001000000000000000001000000000000000000000000000001000000000000000000000000000000000000000001000000000000000011011
28717,10000000000000000000000000001000000000000000001000000000000000000000000000001000000000000000000000000000000000000000001000000000000000011100
29859,100000000000000000000000000010000000000000000010000000000000000000000000000010000000000000000000000000000000000000000000000000000000000000000
29760,100000000000000000000000000010000000000000000010000000000000000000000000000010000000000000000000000000000000000000000010000000000000000000000
30226,100000000000000000000000000010000000000000000010000000000000000000000000000010000000000000000000000000000000000000000010000000000000000000001
30234,100000000000000000000000000010000000000000000010000000000000000000000000000010000000000000000000000000000000000000000010000000000000000000010
30630,100000000000000000000000000010000000000000000010000000000000000000000000000010000000000000000000000000000000000000000010000000000000000000011
28719,100000000000000000000000000010000000000000000010000000000000000000000000000010000000000000000000000000000000000000000010000000000000000010000
30161,100000000000000000000000000010000000000000000010000000000000000000000000000010000000000000000000000000000000000000000010000000000000000010001
30667,100000000000000000000000000010000000000000000010000000000000000000000000000010000000000000000000000000000000000000000010000000000000000010010
30668,100000000000000000000000000010000000000000000010000000000000000000000000000010000000000000000000000000000000000000000010000000000000000010011
29946,100000000000000000000000000010000000000000000010000000000000000000000000000010000000000000000000000000000000000000000010000000000000000110100
30659,100000000000000000000000000010000000000000000010000000000000000000000000000010000000000000000000000000000000000000000010000000000000000110101
29665,100000000000000000000000000010000000000000000010000000000000000000000000000010000000000000000000000000000000000000000010000000000000000110110
30746,100000000000000000000000000010000000000000000010000000000000000000000000000010000000000000000000000000000000000000000010000000000000000110111
29860,1000000000000000000000000000100000000000000000100000000000000000000000000000100000000000000000000000000000000000000000000000000000000000000000
29761,1000000000000000000000000000100000000000000000100000000000000000000000000000100000000000000000000000000000000000000000100000000000000000000000
30057,1000000000000000000000000000100000000000000000100000000000000000000000000000100000000000000000000000000000000000000000100000000000000000000001
28720,1000000000000000000000000000100000000000000000100000000000000000000000000000100000000000000000000000000000000000000000100000000000000000100010
30162,1000000000000000000000000000100000000000000000100000000000000000000000000000100000000000000000000000000000000000000000100000000000000000100011
29658,1000000000000000000000000000100000000000000000100000000000000000000000000000100000000000000000000000000000000000000000100000000000000001101000
29947,1000000000000000000000000000100000000000000000100000000000000000000000000000100000000000000000000000000000000000000000100000000000000001101001
29861,10000000000000000000000000001000000000000000001000000000000000000000000000001000000000000000000000000000000000000000000000000000000000000000000
29929,10000000000000000000000000001000000000000000001000000000000000000000000000001000000000000000000000000000000000000000001000000000000000000000000
30627,10000000000000000000000000001000000000000000001000000000000000000000000000001000000000000000000000000000000000000000001000000000000000000000001
30163,10000000000000000000000000001000000000000000001000000000000000000000000000001000000000000000000000000000000000000000001000000000000000001000110
30263,10000000000000000000000000001000000000000000001000000000000000000000000000001000000000000000000000000000000000000000001000000000000000001000111
30545,10000000000000000000000000001000000000000000001000000000000000000000000000001000000000000000000000000000000000000000001000000000000000011010000
30749,10000000000000000000000000001000000000000000001000000000000000000000000000001000000000000000000000000000000000000000001000000000000000011010001
29660,10000000000000000000000000001000000000000000001000000000000000000000000000001000000000000000000000000000000000000000001000000000000000011010010
29948,10000000000000000000000000001000000000000000001000000000000000000000000000001000000000000000000000000000000000000000001000000000000000011010011
29862,100000000000000000000000000010000000000000000010000000000000000000000000000010000000000000000000000000000000000000000000000000000000000000000000
29930,100000000000000000000000000010000000000000000010000000000000000000000000000010000000000000000000000000000000000000000010000000000000000000000000
30228,100000000000000000000000000010000000000000000010000000000000000000000000000010000000000000000000000000000000000000000010000000000000000000000001
30238,100000000000000000000000000010000000000000000010000000000000000000000000000010000000000000000000000000000000000000000010000000000000000000000010
30628,100000000000000000000000000010000000000000000010000000000000000000000000000010000000000000000000000000000000000000000010000000000000000000000011
29661,100000000000000000000000000010000000000000000010000000000000000000000000000010000000000000000000000000000000000000000010000000000000000110100100
30047,100000000000000000000000000010000000000000000010000000000000000000000000000010000000000000000000000000000000000000000010000000000000000110100101
29654,100000000000000000000000000010000000000000000010000000000000000000000000000010000000000000000000000000000000000000000010000000000000000110100110
29949,100000000000000000000000000010000000000000000010000000000000000000000000000010000000000000000000000000000000000000000010000000000000000110100111
29863,1000000000000000000000000000100000000000000000100000000000000000000000000000100000000000000000000000000000000000000000000000000000000000000000000
29931,1000000000000000000000000000100000000000000000100000000000000000000000000000100000000000000000000000000000000000000000100000000000000000000000000
30223,1000000000000000000000000000100000000000000000100000000000000000000000000000100000000000000000000000000000000000000000100000000000000000000000001
29664,1000000000000000000000000000100000000000000000100000000000000000000000000000100000000000000000000000000000000000000000100000000000000000000000100
30631,1000000000000000000000000000100000000000000000100000000000000000000000000000100000000000000000000000000000000000000000100000000000000000000000101
30049,1000000000000000000000000000100000000000000000100000000000000000000000000000100000000000000000000000000000000000000000100000000000000001101001010
30665,1000000000000000000000000000100000000000000000100000000000000000000000000000100000000000000000000000000000000000000000100000000000000001101001011
29950,1000000000000000000000000000100000000000000000100000000000000000000000000000100000000000000000000000000000000000000000100000000000000001101001110
29958,1000000000000000000000000000100000000000000000100000000000000000000000000000100000000000000000000000000000000000000000100000000000000001101001111
29864,10000000000000000000000000001000000000000000001000000000000000000000000000001000000000000000000000000000000000000000000000000000000000000000000000
29932,10000000000000000000000000001000000000000000001000000000000000000000000000001000000000000000000000000000000000000000001000000000000000000000000000
29937,10000000000000000000000000001000000000000000001000000000000000000000000000001000000000000000000000000000000000000000001000000000000000000000000001
30053,10000000000000000000000000001000000000000000001000000000000000000000000000001000000000000000000000000000000000000000001000000000000000011010010110
30054,10000000000000000000000000001000000000000000001000000000000000000000000000001000000000000000000000000000000000000000001000000000000000011010010111
29951,10000000000000000000000000001000000000000000001000000000000000000000000000001000000000000000000000000000000000000000001000000000000000011010011100
30656,10000000000000000000000000001000000000000000001000000000000000000000000000001000000000000000000000000000000000000000001000000000000000011010011101
29959,10000000000000000000000000001000000000000000001000000000000000000000000000001000000000000000000000000000000000000000001000000000000000011010011110
30655,10000000000000000000000000001000000000000000001000000000000000000000000000001000000000000000000000000000000000000000001000000000000000011010011111
29865,100000000000000000000000000010000000000000000010000000000000000000000000000010000000000000000000000000000000000000000000000000000000000000000000000
29896,100000000000000000000000000010000000000000000010000000000000000000000000000010000000000000000000000000000000000000000000000000000000000000000000001
29933,100000000000000000000000000010000000000000000010000000000000000000000000000010000000000000000000000000000000000000000010000000000000000000000000000
30662,100000000000000000000000000010000000000000000010000000000000000000000000000010000000000000000000000000000000000000000010000000000000000000000000001
29938,100000000000000000000000000010000000000000000010000000000000000000000000000010000000000000000000000000000000000000000010000000000000000000000000010
30048,100000000000000000000000000010000000000000000010000000000000000000000000000010000000000000000000000000000000000000000010000000000000000000000000011
30055,100000000000000000000000000010000000000000000010000000000000000000000000000010000000000000000000000000000000000000000010000000000000000110100101110
30227,100000000000000000000000000010000000000000000010000000000000000000000000000010000000000000000000000000000000000000000010000000000000000110100101111
29952,100000000000000000000000000010000000000000000010000000000000000000000000000010000000000000000000000000000000000000000010000000000000000110100111000
30214,100000000000000000000000000010000000000000000010000000000000000000000000000010000000000000000000000000000000000000000010000000000000000110100111001
30221,100000000000000000000000000010000000000000000010000000000000000000000000000010000000000000000000000000000000000000000010000000000000000110100111010
29650,100000000000000000000000000010000000000000000010000000000000000000000000000010000000000000000000000000000000000000000010000000000000000110100111100
29960,100000000000000000000000000010000000000000000010000000000000000000000000000010000000000000000000000000000000000000000010000000000000000110100111101
29867,1000000000000000000000000000100000000000000000100000000000000000000000000000100000000000000000000000000000000000000000000000000000000000000000000000
29869,1000000000000000000000000000100000000000000000100000000000000000000000000000100000000000000000000000000000000000000000000000000000000000000000000001
29897,1000000000000000000000000000100000000000000000100000000000000000000000000000100000000000000000000000000000000000000000000000000000000000000000000010
30700,1000000000000000000000000000100000000000000000100000000000000000000000000000100000000000000000000000000000000000000000000000000000000000000000000011
29655,1000000000000000000000000000100000000000000000100000000000000000000000000000100000000000000000000000000000000000000000100000000000000000000000000000
29934,1000000000000000000000000000100000000000000000100000000000000000000000000000100000000000000000000000000000000000000000100000000000000000000000000001
29657,1000000000000000000000000000100000000000000000100000000000000000000000000000100000000000000000000000000000000000000000100000000000000000000000000100
29939,1000000000000000000000000000100000000000000000100000000000000000000000000000100000000000000000000000000000000000000000100000000000000000000000000101
29953,1000000000000000000000000000100000000000000000100000000000000000000000000000100000000000000000000000000000000000000000100000000000000001101001110000
30212,1000000000000000000000000000100000000000000000100000000000000000000000000000100000000000000000000000000000000000000000100000000000000001101001110001
30206,1000000000000000000000000000100000000000000000100000000000000000000000000000100000000000000000000000000000000000000000100000000000000001101001110010
30207,1000000000000000000000000000100000000000000000100000000000000000000000000000100000000000000000000000000000000000000000100000000000000001101001110011
30218,1000000000000000000000000000100000000000000000100000000000000000000000000000100000000000000000000000000000000000000000100000000000000001101001110100
29961,1000000000000000000000000000100000000000000000100000000000000000000000000000100000000000000000000000000000000000000000100000000000000001101001111010
30220,1000000000000000000000000000100000000000000000100000000000000000000000000000100000000000000000000000000000000000000000100000000000000001101001111011
28861,10000000000000000000000000001000000000000000001000000000000000000000000000001000000000000000000000000000000000000000000000000000000000000000000000000
29868,10000000000000000000000000001000000000000000001000000000000000000000000000001000000000000000000000000000000000000000000000000000000000000000000000001
29870,10000000000000000000000000001000000000000000001000000000000000000000000000001000000000000000000000000000000000000000000000000000000000000000000000010
30453,10000000000000000000000000001000000000000000001000000000000000000000000000001000000000000000000000000000000000000000000000000000000000000000000000011
29898,10000000000000000000000000001000000000000000001000000000000000000000000000001000000000000000000000000000000000000000000000000000000000000000000000100
30442,10000000000000000000000000001000000000000000001000000000000000000000000000001000000000000000000000000000000000000000000000000000000000000000000000110
30664,10000000000000000000000000001000000000000000001000000000000000000000000000001000000000000000000000000000000000000000001000000000000000000000000000000
29935,10000000000000000000000000001000000000000000001000000000000000000000000000001000000000000000000000000000000000000000001000000000000000000000000000010
30661,10000000000000000000000000001000000000000000001000000000000000000000000000001000000000000000000000000000000000000000001000000000000000000000000000011
29656,10000000000000000000000000001000000000000000001000000000000000000000000000001000000000000000000000000000000000000000001000000000000000000000000001010
29940,10000000000000000000000000001000000000000000001000000000000000000000000000001000000000000000000000000000000000000000001000000000000000000000000001011
29954,10000000000000000000000000001000000000000000001000000000000000000000000000001000000000000000000000000000000000000000001000000000000000011010011100000
30544,10000000000000000000000000001000000000000000001000000000000000000000000000001000000000000000000000000000000000000000001000000000000000011010011100001
30205,10000000000000000000000000001000000000000000001000000000000000000000000000001000000000000000000000000000000000000000001000000000000000011010011100100
30217,10000000000000000000000000001000000000000000001000000000000000000000000000001000000000000000000000000000000000000000001000000000000000011010011101000
29962,10000000000000000000000000001000000000000000001000000000000000000000000000001000000000000000000000000000000000000000001000000000000000011010011110100
30213,10000000000000000000000000001000000000000000001000000000000000000000000000001000000000000000000000000000000000000000001000000000000000011010011110101
29871,100000000000000000000000000010000000000000000010000000000000000000000000000010000000000000000000000000000000000000000000000000000000000000000000000100
30650,100000000000000000000000000010000000000000000010000000000000000000000000000010000000000000000000000000000000000000000000000000000000000000000000000101
30649,100000000000000000000000000010000000000000000010000000000000000000000000000010000000000000000000000000000000000000000000000000000000000000000000000110
30699,100000000000000000000000000010000000000000000010000000000000000000000000000010000000000000000000000000000000000000000000000000000000000000000000000111
29899,100000000000000000000000000010000000000000000010000000000000000000000000000010000000000000000000000000000000000000000000000000000000000000000000001000
30546,100000000000000000000000000010000000000000000010000000000000000000000000000010000000000000000000000000000000000000000010000000000000000000000000000000
29936,100000000000000000000000000010000000000000000010000000000000000000000000000010000000000000000000000000000000000000000010000000000000000000000000000100
30660,100000000000000000000000000010000000000000000010000000000000000000000000000010000000000000000000000000000000000000000010000000000000000000000000000101
30658,100000000000000000000000000010000000000000000010000000000000000000000000000010000000000000000000000000000000000000000010000000000000000000000000000110
30663,100000000000000000000000000010000000000000000010000000000000000000000000000010000000000000000000000000000000000000000010000000000000000000000000010100
29955,100000000000000000000000000010000000000000000010000000000000000000000000000010000000000000000000000000000000000000000010000000000000000110100111000000
30210,100000000000000000000000000010000000000000000010000000000000000000000000000010000000000000000000000000000000000000000010000000000000000110100111000001
30203,100000000000000000000000000010000000000000000010000000000000000000000000000010000000000000000000000000000000000000000010000000000000000110100111001000
30209,100000000000000000000000000010000000000000000010000000000000000000000000000010000000000000000000000000000000000000000010000000000000000110100111001001
28538,100000000000000000000000000010000000000000000010000000000000000000000000000010000000000000000000000000000000000000000010000000000000000110100111010000
29963,100000000000000000000000000010000000000000000010000000000000000000000000000010000000000000000000000000000000000000000010000000000000000110100111101000
30204,100000000000000000000000000010000000000000000010000000000000000000000000000010000000000000000000000000000000000000000010000000000000000110100111101001
29872,1000000000000000000000000000100000000000000000100000000000000000000000000000100000000000000000000000000000000000000000000000000000000000000000000001000
30687,1000000000000000000000000000100000000000000000100000000000000000000000000000100000000000000000000000000000000000000000000000000000000000000000000001001
28866,1000000000000000000000000000100000000000000000100000000000000000000000000000100000000000000000000000000000000000000000000000000000000000000000000001110
29680,1000000000000000000000000000100000000000000000100000000000000000000000000000100000000000000000000000000000000000000000000000000000000000000000000001111
29866,1000000000000000000000000000100000000000000000100000000000000000000000000000100000000000000000000000000000000000000000000000000000000000000000000010000
30222,1000000000000000000000000000100000000000000000100000000000000000000000000000100000000000000000000000000000000000000000100000000000000000000000000001010
29653,1000000000000000000000000000100000000000000000100000000000000000000000000000100000000000000000000000000000000000000000100000000000000000000000000101000
29956,1000000000000000000000000000100000000000000000100000000000000000000000000000100000000000000000000000000000000000000000100000000000000001101001110000000
30211,1000000000000000000000000000100000000000000000100000000000000000000000000000100000000000000000000000000000000000000000100000000000000001101001110000001
30201,1000000000000000000000000000100000000000000000100000000000000000000000000000100000000000000000000000000000000000000000100000000000000001101001110010000
30543,1000000000000000000000000000100000000000000000100000000000000000000000000000100000000000000000000000000000000000000000100000000000000001101001110010001
29964,1000000000000000000000000000100000000000000000100000000000000000000000000000100000000000000000000000000000000000000000100000000000000001101001111010000
30200,1000000000000000000000000000100000000000000000100000000000000000000000000000100000000000000000000000000000000000000000100000000000000001101001111010001
30202,1000000000000000000000000000100000000000000000100000000000000000000000000000100000000000000000000000000000000000000000100000000000000001101001111010010
29873,10000000000000000000000000001000000000000000001000000000000000000000000000001000000000000000000000000000000000000000000000000000000000000000000000010000
29877,10000000000000000000000000001000000000000000001000000000000000000000000000001000000000000000000000000000000000000000000000000000000000000000000000010001
28860,10000000000000000000000000001000000000000000001000000000000000000000000000001000000000000000000000000000000000000000000000000000000000000000000000010010
30458,10000000000000000000000000001000000000000000001000000000000000000000000000001000000000000000000000000000000000000000000000000000000000000000000000010011
28666,10000000000000000000000000001000000000000000001000000000000000000000000000001000000000000000000000000000000000000000000000000000000000000000000000011100
29683,10000000000000000000000000001000000000000000001000000000000000000000000000001000000000000000000000000000000000000000000000000000000000000000000000011101
28671,10000000000000000000000000001000000000000000001000000000000000000000000000001000000000000000000000000000000000000000000000000000000000000000000000011110
29690,10000000000000000000000000001000000000000000001000000000000000000000000000001000000000000000000000000000000000000000000000000000000000000000000000011111
29900,10000000000000000000000000001000000000000000001000000000000000000000000000001000000000000000000000000000000000000000000000000000000000000000000000100000
30657,10000000000000000000000000001000000000000000001000000000000000000000000000001000000000000000000000000000000000000000001000000000000000000000000001010000
29957,10000000000000000000000000001000000000000000001000000000000000000000000000001000000000000000000000000000000000000000001000000000000000011010011100000000
30215,10000000000000000000000000001000000000000000001000000000000000000000000000001000000000000000000000000000000000000000001000000000000000011010011100000001
29965,10000000000000000000000000001000000000000000001000000000000000000000000000001000000000000000000000000000000000000000001000000000000000011010011110100000
29985,10000000000000000000000000001000000000000000001000000000000000000000000000001000000000000000000000000000000000000000001000000000000000011010011110100001
30208,10000000000000000000000000001000000000000000001000000000000000000000000000001000000000000000000000000000000000000000001000000000000000011010011110100100
29679,100000000000000000000000000010000000000000000010000000000000000000000000000010000000000000000000000000000000000000000000000000000000000000000000000100000
29874,100000000000000000000000000010000000000000000010000000000000000000000000000010000000000000000000000000000000000000000000000000000000000000000000000100001
28667,100000000000000000000000000010000000000000000010000000000000000000000000000010000000000000000000000000000000000000000000000000000000000000000000000100010
29878,100000000000000000000000000010000000000000000010000000000000000000000000000010000000000000000000000000000000000000000000000000000000000000000000000100011
30446,100000000000000000000000000010000000000000000010000000000000000000000000000010000000000000000000000000000000000000000000000000000000000000000000000100110
29685,100000000000000000000000000010000000000000000010000000000000000000000000000010000000000000000000000000000000000000000000000000000000000000000000000111010
29901,100000000000000000000000000010000000000000000010000000000000000000000000000010000000000000000000000000000000000000000000000000000000000000000000001000000
30216,100000000000000000000000000010000000000000000010000000000000000000000000000010000000000000000000000000000000000000000010000000000000000110100111000000010
30219,100000000000000000000000000010000000000000000010000000000000000000000000000010000000000000000000000000000000000000000010000000000000000110100111000000011
29966,100000000000000000000000000010000000000000000010000000000000000000000000000010000000000000000000000000000000000000000010000000000000000110100111101000000
30198,100000000000000000000000000010000000000000000010000000000000000000000000000010000000000000000000000000000000000000000010000000000000000110100111101000001
29986,100000000000000000000000000010000000000000000010000000000000000000000000000010000000000000000000000000000000000000000010000000000000000110100111101000010
30196,100000000000000000000000000010000000000000000010000000000000000000000000000010000000000000000000000000000000000000000010000000000000000110100111101000011
29687,1000000000000000000000000000100000000000000000100000000000000000000000000000100000000000000000000000000000000000000000000000000000000000000000000001000010
29875,1000000000000000000000000000100000000000000000100000000000000000000000000000100000000000000000000000000000000000000000000000000000000000000000000001000011
29879,1000000000000000000000000000100000000000000000100000000000000000000000000000100000000000000000000000000000000000000000000000000000000000000000000001000110
30652,1000000000000000000000000000100000000000000000100000000000000000000000000000100000000000000000000000000000000000000000000000000000000000000000000001000111
29902,1000000000000000000000000000100000000000000000100000000000000000000000000000100000000000000000000000000000000000000000000000000000000000000000000010000000
29967,1000000000000000000000000000100000000000000000100000000000000000000000000000100000000000000000000000000000000000000000100000000000000001101001111010000000
30540,1000000000000000000000000000100000000000000000100000000000000000000000000000100000000000000000000000000000000000000000100000000000000001101001111010000001
29987,1000000000000000000000000000100000000000000000100000000000000000000000000000100000000000000000000000000000000000000000100000000000000001101001111010000100
30197,1000000000000000000000000000100000000000000000100000000000000000000000000000100000000000000000000000000000000000000000100000000000000001101001111010000101
29691,10000000000000000000000000001000000000000000001000000000000000000000000000001000000000000000000000000000000000000000000000000000000000000000000000010000100
30691,10000000000000000000000000001000000000000000001000000000000000000000000000001000000000000000000000000000000000000000000000000000000000000000000000010000101
29688,10000000000000000000000000001000000000000000001000000000000000000000000000001000000000000000000000000000000000000000000000000000000000000000000000010000110
29876,10000000000000000000000000001000000000000000001000000000000000000000000000001000000000000000000000000000000000000000000000000000000000000000000000010000111
29880,10000000000000000000000000001000000000000000001000000000000000000000000000001000000000000000000000000000000000000000000000000000000000000000000000010001100
30686,10000000000000000000000000001000000000000000001000000000000000000000000000001000000000000000000000000000000000000000000000000000000000000000000000010001101
29903,10000000000000000000000000001000000000000000001000000000000000000000000000001000000000000000000000000000000000000000000000000000000000000000000000100000000
30425,10000000000000000000000000001000000000000000001000000000000000000000000000001000000000000000000000000000000000000000000000000000000000000000000000100000001
29968,10000000000000000000000000001000000000000000001000000000000000000000000000001000000000000000000000000000000000000000001000000000000000011010011110100000000
30748,10000000000000000000000000001000000000000000001000000000000000000000000000001000000000000000000000000000000000000000001000000000000000011010011110100000001
29988,10000000000000000000000000001000000000000000001000000000000000000000000000001000000000000000000000000000000000000000001000000000000000011010011110100001000
30194,10000000000000000000000000001000000000000000001000000000000000000000000000001000000000000000000000000000000000000000001000000000000000011010011110100001001
29689,100000000000000000000000000010000000000000000010000000000000000000000000000010000000000000000000000000000000000000000000000000000000000000000000000100001100
29692,100000000000000000000000000010000000000000000010000000000000000000000000000010000000000000000000000000000000000000000000000000000000000000000000000100001101
28576,100000000000000000000000000010000000000000000010000000000000000000000000000010000000000000000000000000000000000000000000000000000000000000000000000100001110
28669,100000000000000000000000000010000000000000000010000000000000000000000000000010000000000000000000000000000000000000000000000000000000000000000000000100001111
29881,100000000000000000000000000010000000000000000010000000000000000000000000000010000000000000000000000000000000000000000000000000000000000000000000000100011000
30651,100000000000000000000000000010000000000000000010000000000000000000000000000010000000000000000000000000000000000000000000000000000000000000000000000100011001
29904,100000000000000000000000000010000000000000000010000000000000000000000000000010000000000000000000000000000000000000000000000000000000000000000000001000000000
29969,100000000000000000000000000010000000000000000010000000000000000000000000000010000000000000000000000000000000000000000010000000000000000110100111101000000000
30653,100000000000000000000000000010000000000000000010000000000000000000000000000010000000000000000000000000000000000000000010000000000000000110100111101000000001
29989,100000000000000000000000000010000000000000000010000000000000000000000000000010000000000000000000000000000000000000000010000000000000000110100111101000010000
30193,100000000000000000000000000010000000000000000010000000000000000000000000000010000000000000000000000000000000000000000010000000000000000110100111101000010001
28670,1000000000000000000000000000100000000000000000100000000000000000000000000000100000000000000000000000000000000000000000000000000000000000000000000001000011000
29684,1000000000000000000000000000100000000000000000100000000000000000000000000000100000000000000000000000000000000000000000000000000000000000000000000001000011001
30525,1000000000000000000000000000100000000000000000100000000000000000000000000000100000000000000000000000000000000000000000000000000000000000000000000001000011010
28577,1000000000000000000000000000100000000000000000100000000000000000000000000000100000000000000000000000000000000000000000000000000000000000000000000001000011100
30526,1000000000000000000000000000100000000000000000100000000000000000000000000000100000000000000000000000000000000000000000000000000000000000000000000001000011101
30524,1000000000000000000000000000100000000000000000100000000000000000000000000000100000000000000000000000000000000000000000000000000000000000000000000001000011110
28668,1000000000000000000000000000100000000000000000100000000000000000000000000000100000000000000000000000000000000000000000000000000000000000000000000001000110000
29882,1000000000000000000000000000100000000000000000100000000000000000000000000000100000000000000000000000000000000000000000000000000000000000000000000001000110001
29681,1000000000000000000000000000100000000000000000100000000000000000000000000000100000000000000000000000000000000000000000000000000000000000000000000001000110010
29905,1000000000000000000000000000100000000000000000100000000000000000000000000000100000000000000000000000000000000000000000000000000000000000000000000010000000000
28551,1000000000000000000000000000100000000000000000100000000000000000000000000000100000000000000000000000000000000000000000100000000000000001101001111010000000000
29970,1000000000000000000000000000100000000000000000100000000000000000000000000000100000000000000000000000000000000000000000100000000000000001101001111010000000001
29990,1000000000000000000000000000100000000000000000100000000000000000000000000000100000000000000000000000000000000000000000100000000000000001101001111010000100000
30192,1000000000000000000000000000100000000000000000100000000000000000000000000000100000000000000000000000000000000000000000100000000000000001101001111010000100001
28832,10000000000000000000000000001000000000000000001000000000000000000000000000001000000000000000000000000000000000000000000000000000000000000000000000010000111000
30527,10000000000000000000000000001000000000000000001000000000000000000000000000001000000000000000000000000000000000000000000000000000000000000000000000010000111001
28865,10000000000000000000000000001000000000000000001000000000000000000000000000001000000000000000000000000000000000000000000000000000000000000000000000010001100010
29883,10000000000000000000000000001000000000000000001000000000000000000000000000001000000000000000000000000000000000000000000000000000000000000000000000010001100011
29906,10000000000000000000000000001000000000000000001000000000000000000000000000001000000000000000000000000000000000000000000000000000000000000000000000100000000000
29911,10000000000000000000000000001000000000000000001000000000000000000000000000001000000000000000000000000000000000000000000000000000000000000000000000100000000001
29971,10000000000000000000000000001000000000000000001000000000000000000000000000001000000000000000000000000000000000000000001000000000000000011010011110100000000010
29981,10000000000000000000000000001000000000000000001000000000000000000000000000001000000000000000000000000000000000000000001000000000000000011010011110100000000011
28546,10000000000000000000000000001000000000000000001000000000000000000000000000001000000000000000000000000000000000000000001000000000000000011010011110100001000000
29991,10000000000000000000000000001000000000000000001000000000000000000000000000001000000000000000000000000000000000000000001000000000000000011010011110100001000001
28833,100000000000000000000000000010000000000000000010000000000000000000000000000010000000000000000000000000000000000000000000000000000000000000000000000100001110000
28838,100000000000000000000000000010000000000000000010000000000000000000000000000010000000000000000000000000000000000000000000000000000000000000000000000100001110001
30528,100000000000000000000000000010000000000000000010000000000000000000000000000010000000000000000000000000000000000000000000000000000000000000000000000100001110010
30532,100000000000000000000000000010000000000000000010000000000000000000000000000010000000000000000000000000000000000000000000000000000000000000000000000100001110011
29884,100000000000000000000000000010000000000000000010000000000000000000000000000010000000000000000000000000000000000000000000000000000000000000000000000100011000110
30695,100000000000000000000000000010000000000000000010000000000000000000000000000010000000000000000000000000000000000000000000000000000000000000000000000100011000111
29907,100000000000000000000000000010000000000000000010000000000000000000000000000010000000000000000000000000000000000000000000000000000000000000000000001000000000000
30421,100000000000000000000000000010000000000000000010000000000000000000000000000010000000000000000000000000000000000000000000000000000000000000000000001000000000001
29912,100000000000000000000000000010000000000000000010000000000000000000000000000010000000000000000000000000000000000000000000000000000000000000000000001000000000010
30416,100000000000000000000000000010000000000000000010000000000000000000000000000010000000000000000000000000000000000000000000000000000000000000000000001000000000011
28550,100000000000000000000000000010000000000000000010000000000000000000000000000010000000000000000000000000000000000000000010000000000000000110100111101000000000100
29972,100000000000000000000000000010000000000000000010000000000000000000000000000010000000000000000000000000000000000000000010000000000000000110100111101000000000101
29982,100000000000000000000000000010000000000000000010000000000000000000000000000010000000000000000000000000000000000000000010000000000000000110100111101000000000110
30654,100000000000000000000000000010000000000000000010000000000000000000000000000010000000000000000000000000000000000000000010000000000000000110100111101000000000111
30188,100000000000000000000000000010000000000000000010000000000000000000000000000010000000000000000000000000000000000000000010000000000000000110100111101000010000000
30538,100000000000000000000000000010000000000000000010000000000000000000000000000010000000000000000000000000000000000000000010000000000000000110100111101000010000001
29992,100000000000000000000000000010000000000000000010000000000000000000000000000010000000000000000000000000000000000000000010000000000000000110100111101000010000010
30190,100000000000000000000000000010000000000000000010000000000000000000000000000010000000000000000000000000000000000000000010000000000000000110100111101000010000011
28834,1000000000000000000000000000100000000000000000100000000000000000000000000000100000000000000000000000000000000000000000000000000000000000000000000001000011100000
30530,1000000000000000000000000000100000000000000000100000000000000000000000000000100000000000000000000000000000000000000000000000000000000000000000000001000011100001
28839,1000000000000000000000000000100000000000000000100000000000000000000000000000100000000000000000000000000000000000000000000000000000000000000000000001000011100010
30692,1000000000000000000000000000100000000000000000100000000000000000000000000000100000000000000000000000000000000000000000000000000000000000000000000001000011100011
28863,1000000000000000000000000000100000000000000000100000000000000000000000000000100000000000000000000000000000000000000000000000000000000000000000000001000110001100
29885,1000000000000000000000000000100000000000000000100000000000000000000000000000100000000000000000000000000000000000000000000000000000000000000000000001000110001101
29908,1000000000000000000000000000100000000000000000100000000000000000000000000000100000000000000000000000000000000000000000000000000000000000000000000010000000000000
30701,1000000000000000000000000000100000000000000000100000000000000000000000000000100000000000000000000000000000000000000000000000000000000000000000000010000000000001
29913,1000000000000000000000000000100000000000000000100000000000000000000000000000100000000000000000000000000000000000000000000000000000000000000000000010000000000100
29973,1000000000000000000000000000100000000000000000100000000000000000000000000000100000000000000000000000000000000000000000100000000000000001101001111010000000001010
28549,1000000000000000000000000000100000000000000000100000000000000000000000000000100000000000000000000000000000000000000000100000000000000001101001111010000000001100
29983,1000000000000000000000000000100000000000000000100000000000000000000000000000100000000000000000000000000000000000000000100000000000000001101001111010000000001101
28547,1000000000000000000000000000100000000000000000100000000000000000000000000000100000000000000000000000000000000000000000100000000000000001101001111010000000001110
30191,1000000000000000000000000000100000000000000000100000000000000000000000000000100000000000000000000000000000000000000000100000000000000001101001111010000000001111
28545,1000000000000000000000000000100000000000000000100000000000000000000000000000100000000000000000000000000000000000000000100000000000000001101001111010000100000000
30539,1000000000000000000000000000100000000000000000100000000000000000000000000000100000000000000000000000000000000000000000100000000000000001101001111010000100000001
29993,1000000000000000000000000000100000000000000000100000000000000000000000000000100000000000000000000000000000000000000000100000000000000001101001111010000100000100
30186,1000000000000000000000000000100000000000000000100000000000000000000000000000100000000000000000000000000000000000000000100000000000000001101001111010000100000101
28540,10000000000000000000000000001000000000000000001000000000000000000000000000001000000000000000000000000000000000000000000000000000000000000000000000010000111000000
28835,10000000000000000000000000001000000000000000001000000000000000000000000000001000000000000000000000000000000000000000000000000000000000000000000000010000111000001
30529,10000000000000000000000000001000000000000000001000000000000000000000000000001000000000000000000000000000000000000000000000000000000000000000000000010000111000010
30690,10000000000000000000000000001000000000000000001000000000000000000000000000001000000000000000000000000000000000000000000000000000000000000000000000010000111000011
28840,10000000000000000000000000001000000000000000001000000000000000000000000000001000000000000000000000000000000000000000000000000000000000000000000000010000111000100
30694,10000000000000000000000000001000000000000000001000000000000000000000000000001000000000000000000000000000000000000000000000000000000000000000000000010000111000101
29693,10000000000000000000000000001000000000000000001000000000000000000000000000001000000000000000000000000000000000000000000000000000000000000000000000010000111000110
29886,10000000000000000000000000001000000000000000001000000000000000000000000000001000000000000000000000000000000000000000000000000000000000000000000000010001100011010
30698,10000000000000000000000000001000000000000000001000000000000000000000000000001000000000000000000000000000000000000000000000000000000000000000000000010001100011011
29909,10000000000000000000000000001000000000000000001000000000000000000000000000001000000000000000000000000000000000000000000000000000000000000000000000100000000000000
30685,10000000000000000000000000001000000000000000001000000000000000000000000000001000000000000000000000000000000000000000000000000000000000000000000000100000000000001
29914,10000000000000000000000000001000000000000000001000000000000000000000000000001000000000000000000000000000000000000000000000000000000000000000000000100000000001000
29974,10000000000000000000000000001000000000000000001000000000000000000000000000001000000000000000000000000000000000000000001000000000000000011010011110100000000010100
30840,10000000000000000000000000001000000000000000001000000000000000000000000000001000000000000000000000000000000000000000001000000000000000011010011110100000000010101
29984,10000000000000000000000000001000000000000000001000000000000000000000000000001000000000000000000000000000000000000000001000000000000000011010011110100000000011010
30189,10000000000000000000000000001000000000000000001000000000000000000000000000001000000000000000000000000000000000000000001000000000000000011010011110100000000011011
28544,10000000000000000000000000001000000000000000001000000000000000000000000000001000000000000000000000000000000000000000001000000000000000011010011110100000000011100
30187,10000000000000000000000000001000000000000000001000000000000000000000000000001000000000000000000000000000000000000000001000000000000000011010011110100000000011101
30183,10000000000000000000000000001000000000000000001000000000000000000000000000001000000000000000000000000000000000000000001000000000000000011010011110100001000000000
30184,10000000000000000000000000001000000000000000001000000000000000000000000000001000000000000000000000000000000000000000001000000000000000011010011110100001000000001
29994,10000000000000000000000000001000000000000000001000000000000000000000000000001000000000000000000000000000000000000000001000000000000000011010011110100001000001000
30185,10000000000000000000000000001000000000000000001000000000000000000000000000001000000000000000000000000000000000000000001000000000000000011010011110100001000001001
28836,100000000000000000000000000010000000000000000010000000000000000000000000000010000000000000000000000000000000000000000000000000000000000000000000000100001110000010
30534,100000000000000000000000000010000000000000000010000000000000000000000000000010000000000000000000000000000000000000000000000000000000000000000000000100001110000011
28539,100000000000000000000000000010000000000000000010000000000000000000000000000010000000000000000000000000000000000000000000000000000000000000000000000100001110000100
30688,100000000000000000000000000010000000000000000010000000000000000000000000000010000000000000000000000000000000000000000000000000000000000000000000000100001110000110
30689,100000000000000000000000000010000000000000000010000000000000000000000000000010000000000000000000000000000000000000000000000000000000000000000000000100001110000111
28841,100000000000000000000000000010000000000000000010000000000000000000000000000010000000000000000000000000000000000000000000000000000000000000000000000100001110001000
30693,100000000000000000000000000010000000000000000010000000000000000000000000000010000000000000000000000000000000000000000000000000000000000000000000000100001110001001
28862,100000000000000000000000000010000000000000000010000000000000000000000000000010000000000000000000000000000000000000000000000000000000000000000000000100011000110100
29887,100000000000000000000000000010000000000000000010000000000000000000000000000010000000000000000000000000000000000000000000000000000000000000000000000100011000110101
29910,100000000000000000000000000010000000000000000010000000000000000000000000000010000000000000000000000000000000000000000000000000000000000000000000001000000000000000
30435,100000000000000000000000000010000000000000000010000000000000000000000000000010000000000000000000000000000000000000000000000000000000000000000000001000000000000001
29915,100000000000000000000000000010000000000000000010000000000000000000000000000010000000000000000000000000000000000000000000000000000000000000000000001000000000010000
29975,100000000000000000000000000010000000000000000010000000000000000000000000000010000000000000000000000000000000000000000010000000000000000110100111101000000000101000
30841,100000000000000000000000000010000000000000000010000000000000000000000000000010000000000000000000000000000000000000000010000000000000000110100111101000000000101001
30199,100000000000000000000000000010000000000000000010000000000000000000000000000010000000000000000000000000000000000000000010000000000000000110100111101000000000101010
30175,100000000000000000000000000010000000000000000010000000000000000000000000000010000000000000000000000000000000000000000010000000000000000110100111101000010000000000
30181,100000000000000000000000000010000000000000000010000000000000000000000000000010000000000000000000000000000000000000000010000000000000000110100111101000010000000001
29995,100000000000000000000000000010000000000000000010000000000000000000000000000010000000000000000000000000000000000000000010000000000000000110100111101000010000010000
30182,100000000000000000000000000010000000000000000010000000000000000000000000000010000000000000000000000000000000000000000010000000000000000110100111101000010000010001
28837,1000000000000000000000000000100000000000000000100000000000000000000000000000100000000000000000000000000000000000000000000000000000000000000000000001000011100000100
30535,1000000000000000000000000000100000000000000000100000000000000000000000000000100000000000000000000000000000000000000000000000000000000000000000000001000011100000101
30531,1000000000000000000000000000100000000000000000100000000000000000000000000000100000000000000000000000000000000000000000000000000000000000000000000001000011100001110
30533,1000000000000000000000000000100000000000000000100000000000000000000000000000100000000000000000000000000000000000000000000000000000000000000000000001000011100001111
28842,1000000000000000000000000000100000000000000000100000000000000000000000000000100000000000000000000000000000000000000000000000000000000000000000000001000011100010000
29888,1000000000000000000000000000100000000000000000100000000000000000000000000000100000000000000000000000000000000000000000000000000000000000000000000001000110001101010
29893,1000000000000000000000000000100000000000000000100000000000000000000000000000100000000000000000000000000000000000000000000000000000000000000000000001000110001101011
29916,1000000000000000000000000000100000000000000000100000000000000000000000000000100000000000000000000000000000000000000000000000000000000000000000000010000000000100000
29976,1000000000000000000000000000100000000000000000100000000000000000000000000000100000000000000000000000000000000000000000100000000000000001101001111010000000001010000
29977,1000000000000000000000000000100000000000000000100000000000000000000000000000100000000000000000000000000000000000000000100000000000000001101001111010000000001010001
30542,1000000000000000000000000000100000000000000000100000000000000000000000000000100000000000000000000000000000000000000000100000000000000001101001111010000000001010010
30173,1000000000000000000000000000100000000000000000100000000000000000000000000000100000000000000000000000000000000000000000100000000000000001101001111010000100000000000
30174,1000000000000000000000000000100000000000000000100000000000000000000000000000100000000000000000000000000000000000000000100000000000000001101001111010000100000000001
30178,1000000000000000000000000000100000000000000000100000000000000000000000000000100000000000000000000000000000000000000000100000000000000001101001111010000100000000010
30180,1000000000000000000000000000100000000000000000100000000000000000000000000000100000000000000000000000000000000000000000100000000000000001101001111010000100000000011
29996,1000000000000000000000000000100000000000000000100000000000000000000000000000100000000000000000000000000000000000000000100000000000000001101001111010000100000100000
30176,1000000000000000000000000000100000000000000000100000000000000000000000000000100000000000000000000000000000000000000000100000000000000001101001111010000100000100001
28541,10000000000000000000000000001000000000000000001000000000000000000000000000001000000000000000000000000000000000000000000000000000000000000000000000010000111000001010
28542,10000000000000000000000000001000000000000000001000000000000000000000000000001000000000000000000000000000000000000000000000000000000000000000000000010000111000001011
28864,10000000000000000000000000001000000000000000001000000000000000000000000000001000000000000000000000000000000000000000000000000000000000000000000000010001100011010100
29889,10000000000000000000000000001000000000000000001000000000000000000000000000001000000000000000000000000000000000000000000000000000000000000000000000010001100011010101
29894,10000000000000000000000000001000000000000000001000000000000000000000000000001000000000000000000000000000000000000000000000000000000000000000000000010001100011010110
30696,10000000000000000000000000001000000000000000001000000000000000000000000000001000000000000000000000000000000000000000000000000000000000000000000000010001100011010111
29917,10000000000000000000000000001000000000000000001000000000000000000000000000001000000000000000000000000000000000000000000000000000000000000000000000100000000001000000
29924,10000000000000000000000000001000000000000000001000000000000000000000000000001000000000000000000000000000000000000000000000000000000000000000000000100000000001000001
28548,10000000000000000000000000001000000000000000001000000000000000000000000000001000000000000000000000000000000000000000001000000000000000011010011110100000000010100000
29978,10000000000000000000000000001000000000000000001000000000000000000000000000001000000000000000000000000000000000000000001000000000000000011010011110100000000010100010
28543,10000000000000000000000000001000000000000000001000000000000000000000000000001000000000000000000000000000000000000000001000000000000000011010011110100001000000000110
30179,10000000000000000000000000001000000000000000001000000000000000000000000000001000000000000000000000000000000000000000001000000000000000011010011110100001000000000111
29997,10000000000000000000000000001000000000000000001000000000000000000000000000001000000000000000000000000000000000000000001000000000000000011010011110100001000001000000
30177,10000000000000000000000000001000000000000000001000000000000000000000000000001000000000000000000000000000000000000000001000000000000000011010011110100001000001000001
29682,100000000000000000000000000010000000000000000010000000000000000000000000000010000000000000000000000000000000000000000000000000000000000000000000000100011000110101010
29890,100000000000000000000000000010000000000000000010000000000000000000000000000010000000000000000000000000000000000000000000000000000000000000000000000100011000110101011
29895,100000000000000000000000000010000000000000000010000000000000000000000000000010000000000000000000000000000000000000000000000000000000000000000000000100011000110101100
30697,100000000000000000000000000010000000000000000010000000000000000000000000000010000000000000000000000000000000000000000000000000000000000000000000000100011000110101101
29918,100000000000000000000000000010000000000000000010000000000000000000000000000010000000000000000000000000000000000000000000000000000000000000000000001000000000010000000
30407,100000000000000000000000000010000000000000000010000000000000000000000000000010000000000000000000000000000000000000000000000000000000000000000000001000000000010000001
29925,100000000000000000000000000010000000000000000010000000000000000000000000000010000000000000000000000000000000000000000000000000000000000000000000001000000000010000010
30396,100000000000000000000000000010000000000000000010000000000000000000000000000010000000000000000000000000000000000000000000000000000000000000000000001000000000010000011
29979,100000000000000000000000000010000000000000000010000000000000000000000000000010000000000000000000000000000000000000000010000000000000000110100111101000000000101000100
30541,100000000000000000000000000010000000000000000010000000000000000000000000000010000000000000000000000000000000000000000010000000000000000110100111101000000000101000101
29998,100000000000000000000000000010000000000000000010000000000000000000000000000010000000000000000000000000000000000000000010000000000000000110100111101000010000010000000
30172,100000000000000000000000000010000000000000000010000000000000000000000000000010000000000000000000000000000000000000000010000000000000000110100111101000010000010000001
29686,1000000000000000000000000000100000000000000000100000000000000000000000000000100000000000000000000000000000000000000000000000000000000000000000000001000110001101010110
29891,1000000000000000000000000000100000000000000000100000000000000000000000000000100000000000000000000000000000000000000000000000000000000000000000000001000110001101010111
29919,1000000000000000000000000000100000000000000000100000000000000000000000000000100000000000000000000000000000000000000000000000000000000000000000000010000000000100000000
30678,1000000000000000000000000000100000000000000000100000000000000000000000000000100000000000000000000000000000000000000000000000000000000000000000000010000000000100000001
28638,1000000000000000000000000000100000000000000000100000000000000000000000000000100000000000000000000000000000000000000000000000000000000000000000000010000000000100000100
29926,1000000000000000000000000000100000000000000000100000000000000000000000000000100000000000000000000000000000000000000000000000000000000000000000000010000000000100000101
29980,1000000000000000000000000000100000000000000000100000000000000000000000000000100000000000000000000000000000000000000000100000000000000001101001111010000000001010001000
30195,1000000000000000000000000000100000000000000000100000000000000000000000000000100000000000000000000000000000000000000000100000000000000001101001111010000000001010001001
29999,1000000000000000000000000000100000000000000000100000000000000000000000000000100000000000000000000000000000000000000000100000000000000001101001111010000100000100000000
30171,1000000000000000000000000000100000000000000000100000000000000000000000000000100000000000000000000000000000000000000000100000000000000001101001111010000100000100000001
29892,10000000000000000000000000001000000000000000001000000000000000000000000000001000000000000000000000000000000000000000000000000000000000000000000000010001100011010101110
29920,10000000000000000000000000001000000000000000001000000000000000000000000000001000000000000000000000000000000000000000000000000000000000000000000000100000000001000000000
30646,10000000000000000000000000001000000000000000001000000000000000000000000000001000000000000000000000000000000000000000000000000000000000000000000000100000000001000000001
28639,10000000000000000000000000001000000000000000001000000000000000000000000000001000000000000000000000000000000000000000000000000000000000000000000000100000000001000001000
30375,10000000000000000000000000001000000000000000001000000000000000000000000000001000000000000000000000000000000000000000000000000000000000000000000000100000000001000001001
29927,10000000000000000000000000001000000000000000001000000000000000000000000000001000000000000000000000000000000000000000000000000000000000000000000000100000000001000001010
30381,10000000000000000000000000001000000000000000001000000000000000000000000000001000000000000000000000000000000000000000000000000000000000000000000000100000000001000001011
28843,10000000000000000000000000001000000000000000001000000000000000000000000000001000000000000000000000000000000000000000001000000000000000011010011110100001000001000000000
30170,10000000000000000000000000001000000000000000001000000000000000000000000000001000000000000000000000000000000000000000001000000000000000011010011110100001000001000000001
30168,10000000000000000000000000001000000000000000001000000000000000000000000000001000000000000000000000000000000000000000001000000000000000011010011110100001000001000000010
29921,100000000000000000000000000010000000000000000010000000000000000000000000000010000000000000000000000000000000000000000000000000000000000000000000001000000000010000000000
30399,100000000000000000000000000010000000000000000010000000000000000000000000000010000000000000000000000000000000000000000000000000000000000000000000001000000000010000000001
28640,100000000000000000000000000010000000000000000010000000000000000000000000000010000000000000000000000000000000000000000000000000000000000000000000001000000000010000010000
30706,100000000000000000000000000010000000000000000010000000000000000000000000000010000000000000000000000000000000000000000000000000000000000000000000001000000000010000010001
30397,100000000000000000000000000010000000000000000010000000000000000000000000000010000000000000000000000000000000000000000000000000000000000000000000001000000000010000010010
30703,100000000000000000000000000010000000000000000010000000000000000000000000000010000000000000000000000000000000000000000000000000000000000000000000001000000000010000010011
29928,100000000000000000000000000010000000000000000010000000000000000000000000000010000000000000000000000000000000000000000000000000000000000000000000001000000000010000010100
30379,100000000000000000000000000010000000000000000010000000000000000000000000000010000000000000000000000000000000000000000000000000000000000000000000001000000000010000010101
28844,100000000000000000000000000010000000000000000010000000000000000000000000000010000000000000000000000000000000000000000010000000000000000110100111101000010000010000000000
30165,100000000000000000000000000010000000000000000010000000000000000000000000000010000000000000000000000000000000000000000010000000000000000110100111101000010000010000000001
29922,1000000000000000000000000000100000000000000000100000000000000000000000000000100000000000000000000000000000000000000000000000000000000000000000000010000000000100000000000
30402,1000000000000000000000000000100000000000000000100000000000000000000000000000100000000000000000000000000000000000000000000000000000000000000000000010000000000100000000001
30394,1000000000000000000000000000100000000000000000100000000000000000000000000000100000000000000000000000000000000000000000000000000000000000000000000010000000000100000000010
30395,1000000000000000000000000000100000000000000000100000000000000000000000000000100000000000000000000000000000000000000000000000000000000000000000000010000000000100000000011
28641,1000000000000000000000000000100000000000000000100000000000000000000000000000100000000000000000000000000000000000000000000000000000000000000000000010000000000100000100000
30366,1000000000000000000000000000100000000000000000100000000000000000000000000000100000000000000000000000000000000000000000000000000000000000000000000010000000000100000100010
30702,1000000000000000000000000000100000000000000000100000000000000000000000000000100000000000000000000000000000000000000000000000000000000000000000000010000000000100000100110
30704,1000000000000000000000000000100000000000000000100000000000000000000000000000100000000000000000000000000000000000000000000000000000000000000000000010000000000100000100111
28632,1000000000000000000000000000100000000000000000100000000000000000000000000000100000000000000000000000000000000000000000000000000000000000000000000010000000000100000101000
30645,1000000000000000000000000000100000000000000000100000000000000000000000000000100000000000000000000000000000000000000000000000000000000000000000000010000000000100000101001
28845,1000000000000000000000000000100000000000000000100000000000000000000000000000100000000000000000000000000000000000000000100000000000000001101001111010000100000100000000000
30166,1000000000000000000000000000100000000000000000100000000000000000000000000000100000000000000000000000000000000000000000100000000000000001101001111010000100000100000000001
29923,10000000000000000000000000001000000000000000001000000000000000000000000000001000000000000000000000000000000000000000000000000000000000000000000000100000000001000000000000
30422,10000000000000000000000000001000000000000000001000000000000000000000000000001000000000000000000000000000000000000000000000000000000000000000000000100000000001000000000001
30401,10000000000000000000000000001000000000000000001000000000000000000000000000001000000000000000000000000000000000000000000000000000000000000000000000100000000001000000000010
30404,10000000000000000000000000001000000000000000001000000000000000000000000000001000000000000000000000000000000000000000000000000000000000000000000000100000000001000000000011
30388,10000000000000000000000000001000000000000000001000000000000000000000000000001000000000000000000000000000000000000000000000000000000000000000000000100000000001000000000100
30389,10000000000000000000000000001000000000000000001000000000000000000000000000001000000000000000000000000000000000000000000000000000000000000000000000100000000001000000000101
28642,10000000000000000000000000001000000000000000001000000000000000000000000000001000000000000000000000000000000000000000000000000000000000000000000000100000000001000001000000
30356,10000000000000000000000000001000000000000000001000000000000000000000000000001000000000000000000000000000000000000000000000000000000000000000000000100000000001000001000001
30705,10000000000000000000000000001000000000000000001000000000000000000000000000001000000000000000000000000000000000000000000000000000000000000000000000100000000001000001001100
28633,10000000000000000000000000001000000000000000001000000000000000000000000000001000000000000000000000000000000000000000000000000000000000000000000000100000000001000001010000
30547,10000000000000000000000000001000000000000000001000000000000000000000000000001000000000000000000000000000000000000000000000000000000000000000000000100000000001000001010001
28846,10000000000000000000000000001000000000000000001000000000000000000000000000001000000000000000000000000000000000000000001000000000000000011010011110100001000001000000000000
30747,10000000000000000000000000001000000000000000001000000000000000000000000000001000000000000000000000000000000000000000001000000000000000011010011110100001000001000000000001
30403,100000000000000000000000000010000000000000000010000000000000000000000000000010000000000000000000000000000000000000000000000000000000000000000000001000000000010000000000110
29728,100000000000000000000000000010000000000000000010000000000000000000000000000010000000000000000000000000000000000000000000000000000000000000000000001000000000010000010000000
30326,100000000000000000000000000010000000000000000010000000000000000000000000000010000000000000000000000000000000000000000000000000000000000000000000001000000000010000010011000
30327,100000000000000000000000000010000000000000000010000000000000000000000000000010000000000000000000000000000000000000000000000000000000000000000000001000000000010000010011001
28634,100000000000000000000000000010000000000000000010000000000000000000000000000010000000000000000000000000000000000000000000000000000000000000000000001000000000010000010100000
30680,100000000000000000000000000010000000000000000010000000000000000000000000000010000000000000000000000000000000000000000000000000000000000000000000001000000000010000010100001
30350,100000000000000000000000000010000000000000000010000000000000000000000000000010000000000000000000000000000000000000000000000000000000000000000000001000000000010000010100010
30682,100000000000000000000000000010000000000000000010000000000000000000000000000010000000000000000000000000000000000000000000000000000000000000000000001000000000010000010100011
28847,100000000000000000000000000010000000000000000010000000000000000000000000000010000000000000000000000000000000000000000010000000000000000110100111101000010000010000000000000
30164,100000000000000000000000000010000000000000000010000000000000000000000000000010000000000000000000000000000000000000000010000000000000000110100111101000010000010000000000001
30167,100000000000000000000000000010000000000000000010000000000000000000000000000010000000000000000000000000000000000000000010000000000000000110100111101000010000010000000000010
30169,100000000000000000000000000010000000000000000010000000000000000000000000000010000000000000000000000000000000000000000010000000000000000110100111101000010000010000000000011
29729,1000000000000000000000000000100000000000000000100000000000000000000000000000100000000000000000000000000000000000000000000000000000000000000000000010000000000100000100000000
30347,1000000000000000000000000000100000000000000000100000000000000000000000000000100000000000000000000000000000000000000000000000000000000000000000000010000000000100000100000001
30283,1000000000000000000000000000100000000000000000100000000000000000000000000000100000000000000000000000000000000000000000000000000000000000000000000010000000000100000100110010
30284,1000000000000000000000000000100000000000000000100000000000000000000000000000100000000000000000000000000000000000000000000000000000000000000000000010000000000100000100110011
28635,1000000000000000000000000000100000000000000000100000000000000000000000000000100000000000000000000000000000000000000000000000000000000000000000000010000000000100000101000000
30354,1000000000000000000000000000100000000000000000100000000000000000000000000000100000000000000000000000000000000000000000000000000000000000000000000010000000000100000101000001
30681,1000000000000000000000000000100000000000000000100000000000000000000000000000100000000000000000000000000000000000000000000000000000000000000000000010000000000100000101000010
30348,1000000000000000000000000000100000000000000000100000000000000000000000000000100000000000000000000000000000000000000000000000000000000000000000000010000000000100000101000100
30683,1000000000000000000000000000100000000000000000100000000000000000000000000000100000000000000000000000000000000000000000000000000000000000000000000010000000000100000101000110
29730,10000000000000000000000000001000000000000000001000000000000000000000000000001000000000000000000000000000000000000000000000000000000000000000000000100000000001000001000000000
30333,10000000000000000000000000001000000000000000001000000000000000000000000000001000000000000000000000000000000000000000000000000000000000000000000000100000000001000001000000001
28636,10000000000000000000000000001000000000000000001000000000000000000000000000001000000000000000000000000000000000000000000000000000000000000000000000100000000001000001010000000
30361,10000000000000000000000000001000000000000000001000000000000000000000000000001000000000000000000000000000000000000000000000000000000000000000000000100000000001000001010000010
30371,10000000000000000000000000001000000000000000001000000000000000000000000000001000000000000000000000000000000000000000000000000000000000000000000000100000000001000001010000011
29731,100000000000000000000000000010000000000000000010000000000000000000000000000010000000000000000000000000000000000000000000000000000000000000000000001000000000010000010000000000
30313,100000000000000000000000000010000000000000000010000000000000000000000000000010000000000000000000000000000000000000000000000000000000000000000000001000000000010000010000000001
28637,100000000000000000000000000010000000000000000010000000000000000000000000000010000000000000000000000000000000000000000000000000000000000000000000001000000000010000010100000000
30360,100000000000000000000000000010000000000000000010000000000000000000000000000010000000000000000000000000000000000000000000000000000000000000000000001000000000010000010100000100
30368,100000000000000000000000000010000000000000000010000000000000000000000000000010000000000000000000000000000000000000000000000000000000000000000000001000000000010000010100000101
29732,1000000000000000000000000000100000000000000000100000000000000000000000000000100000000000000000000000000000000000000000000000000000000000000000000010000000000100000100000000000
30679,1000000000000000000000000000100000000000000000100000000000000000000000000000100000000000000000000000000000000000000000000000000000000000000000000010000000000100000100000000001
30306,1000000000000000000000000000100000000000000000100000000000000000000000000000100000000000000000000000000000000000000000000000000000000000000000000010000000000100000100000000010
30307,1000000000000000000000000000100000000000000000100000000000000000000000000000100000000000000000000000000000000000000000000000000000000000000000000010000000000100000100000000011
30362,1000000000000000000000000000100000000000000000100000000000000000000000000000100000000000000000000000000000000000000000000000000000000000000000000010000000000100000101000001000
29733,10000000000000000000000000001000000000000000001000000000000000000000000000001000000000000000000000000000000000000000000000000000000000000000000000100000000001000001000000000000
30258,10000000000000000000000000001000000000000000001000000000000000000000000000001000000000000000000000000000000000000000000000000000000000000000000000100000000001000001000000000001
30286,10000000000000000000000000001000000000000000001000000000000000000000000000001000000000000000000000000000000000000000000000000000000000000000000000100000000001000001000000000010
30301,10000000000000000000000000001000000000000000001000000000000000000000000000001000000000000000000000000000000000000000000000000000000000000000000000100000000001000001000000000011
29734,100000000000000000000000000010000000000000000010000000000000000000000000000010000000000000000000000000000000000000000000000000000000000000000000001000000000010000010000000000000
30241,100000000000000000000000000010000000000000000010000000000000000000000000000010000000000000000000000000000000000000000000000000000000000000000000001000000000010000010000000000001
30253,100000000000000000000000000010000000000000000010000000000000000000000000000010000000000000000000000000000000000000000000000000000000000000000000001000000000010000010000000000010
30269,100000000000000000000000000010000000000000000010000000000000000000000000000010000000000000000000000000000000000000000000000000000000000000000000001000000000010000010000000000011
30273,100000000000000000000000000010000000000000000010000000000000000000000000000010000000000000000000000000000000000000000000000000000000000000000000001000000000010000010000000000100
30274,100000000000000000000000000010000000000000000010000000000000000000000000000010000000000000000000000000000000000000000000000000000000000000000000001000000000010000010000000000101
28473,1000000000000000000000000000100000000000000000100000000000000000000000000000100000000000000000000000000000000000000000000000000000000000000000000010000000000100000100000000000000
30861,1000000000000000000000000000100000000000000000100000000000000000000000000000100000000000000000000000000000000000000000000000000000000000000000000010000000000100000100000000000001
30133,1000000000000000000000000000100000000000000000100000000000000000000000000000100000000000000000000000000000000000000000000000000000000000000000000010000000000100000100000000000100
30134,1000000000000000000000000000100000000000000000100000000000000000000000000000100000000000000000000000000000000000000000000000000000000000000000000010000000000100000100000000000101
30264,1000000000000000000000000000100000000000000000100000000000000000000000000000100000000000000000000000000000000000000000000000000000000000000000000010000000000100000100000000001000
30267,1000000000000000000000000000100000000000000000100000000000000000000000000000100000000000000000000000000000000000000000000000000000000000000000000010000000000100000100000000001001
30282,1000000000000000000000000000100000000000000000100000000000000000000000000000100000000000000000000000000000000000000000000000000000000000000000000010000000000100000100000000001010
30289,1000000000000000000000000000100000000000000000100000000000000000000000000000100000000000000000000000000000000000000000000000000000000000000000000010000000000100000100000000001011
28474,10000000000000000000000000001000000000000000001000000000000000000000000000001000000000000000000000000000000000000000000000000000000000000000000000100000000001000001000000000000000
30130,10000000000000000000000000001000000000000000001000000000000000000000000000001000000000000000000000000000000000000000000000000000000000000000000000100000000001000001000000000000001
30862,10000000000000000000000000001000000000000000001000000000000000000000000000001000000000000000000000000000000000000000000000000000000000000000000000100000000001000001000000000000010
31590,10000000000000000000000000001000000000000000001000000000000000000000000000001000000000000000000000000000000000000000000000000000000000000000000000100000000001000001000000000000011
30250,10000000000000000000000000001000000000000000001000000000000000000000000000001000000000000000000000000000000000000000000000000000000000000000000000100000000001000001000000000001010
32725,10000000000000000000000000001000000000000000001000000000000000000000000000001000000000000000000000000000000000000000000000000000000000000000000000100000000001000001000000000001011
30302,10000000000000000000000000001000000000000000001000000000000000000000000000001000000000000000000000000000000000000000000000000000000000000000000000100000000001000001000000000010110
28475,100000000000000000000000000010000000000000000010000000000000000000000000000010000000000000000000000000000000000000000000000000000000000000000000001000000000010000010000000000000000
28657,100000000000000000000000000010000000000000000010000000000000000000000000000010000000000000000000000000000000000000000000000000000000000000000000001000000000010000010000000000000001
30863,100000000000000000000000000010000000000000000010000000000000000000000000000010000000000000000000000000000000000000000000000000000000000000000000001000000000010000010000000000000100
31589,100000000000000000000000000010000000000000000010000000000000000000000000000010000000000000000000000000000000000000000000000000000000000000000000001000000000010000010000000000000101
30124,100000000000000000000000000010000000000000000010000000000000000000000000000010000000000000000000000000000000000000000000000000000000000000000000001000000000010000010000000000010110
30125,100000000000000000000000000010000000000000000010000000000000000000000000000010000000000000000000000000000000000000000000000000000000000000000000001000000000010000010000000000010111
28476,1000000000000000000000000000100000000000000000100000000000000000000000000000100000000000000000000000000000000000000000000000000000000000000000000010000000000100000100000000000000000
30113,1000000000000000000000000000100000000000000000100000000000000000000000000000100000000000000000000000000000000000000000000000000000000000000000000010000000000100000100000000000000001
30864,1000000000000000000000000000100000000000000000100000000000000000000000000000100000000000000000000000000000000000000000000000000000000000000000000010000000000100000100000000000001000
31588,1000000000000000000000000000100000000000000000100000000000000000000000000000100000000000000000000000000000000000000000000000000000000000000000000010000000000100000100000000000001001
30106,1000000000000000000000000000100000000000000000100000000000000000000000000000100000000000000000000000000000000000000000000000000000000000000000000010000000000100000100000000000101100
30673,1000000000000000000000000000100000000000000000100000000000000000000000000000100000000000000000000000000000000000000000000000000000000000000000000010000000000100000100000000000101101
28477,10000000000000000000000000001000000000000000001000000000000000000000000000001000000000000000000000000000000000000000000000000000000000000000000000100000000001000001000000000000000000
30865,10000000000000000000000000001000000000000000001000000000000000000000000000001000000000000000000000000000000000000000000000000000000000000000000000100000000001000001000000000000010000
31537,10000000000000000000000000001000000000000000001000000000000000000000000000001000000000000000000000000000000000000000000000000000000000000000000000100000000001000001000000000000010001
28488,10000000000000000000000000001000000000000000001000000000000000000000000000001000000000000000000000000000000000000000000000000000000000000000000000100000000001000001000000000001011010
28489,10000000000000000000000000001000000000000000001000000000000000000000000000001000000000000000000000000000000000000000000000000000000000000000000000100000000001000001000000000001011011
28478,100000000000000000000000000010000000000000000010000000000000000000000000000010000000000000000000000000000000000000000000000000000000000000000000001000000000010000010000000000000000000
28484,100000000000000000000000000010000000000000000010000000000000000000000000000010000000000000000000000000000000000000000000000000000000000000000000001000000000010000010000000000000000001
30866,100000000000000000000000000010000000000000000010000000000000000000000000000010000000000000000000000000000000000000000000000000000000000000000000001000000000010000010000000000000100000
31536,100000000000000000000000000010000000000000000010000000000000000000000000000010000000000000000000000000000000000000000000000000000000000000000000001000000000010000010000000000000100001
28487,100000000000000000000000000010000000000000000010000000000000000000000000000010000000000000000000000000000000000000000000000000000000000000000000001000000000010000010000000000010110100
30669,100000000000000000000000000010000000000000000010000000000000000000000000000010000000000000000000000000000000000000000000000000000000000000000000001000000000010000010000000000010110101
28479,1000000000000000000000000000100000000000000000100000000000000000000000000000100000000000000000000000000000000000000000000000000000000000000000000010000000000100000100000000000000000000
30242,1000000000000000000000000000100000000000000000100000000000000000000000000000100000000000000000000000000000000000000000000000000000000000000000000010000000000100000100000000000000000001
29735,1000000000000000000000000000100000000000000000100000000000000000000000000000100000000000000000000000000000000000000000000000000000000000000000000010000000000100000100000000000000000010
30675,1000000000000000000000000000100000000000000000100000000000000000000000000000100000000000000000000000000000000000000000000000000000000000000000000010000000000100000100000000000000000011
30867,1000000000000000000000000000100000000000000000100000000000000000000000000000100000000000000000000000000000000000000000000000000000000000000000000010000000000100000100000000000001000000
31421,1000000000000000000000000000100000000000000000100000000000000000000000000000100000000000000000000000000000000000000000000000000000000000000000000010000000000100000100000000000001000001
28480,10000000000000000000000000001000000000000000001000000000000000000000000000001000000000000000000000000000000000000000000000000000000000000000000000100000000001000001000000000000000000000
30260,10000000000000000000000000001000000000000000001000000000000000000000000000001000000000000000000000000000000000000000000000000000000000000000000000100000000001000001000000000000000000001
29736,10000000000000000000000000001000000000000000001000000000000000000000000000001000000000000000000000000000000000000000000000000000000000000000000000100000000001000001000000000000000000100
30114,10000000000000000000000000001000000000000000001000000000000000000000000000001000000000000000000000000000000000000000000000000000000000000000000000100000000001000001000000000000000000101
30868,10000000000000000000000000001000000000000000001000000000000000000000000000001000000000000000000000000000000000000000000000000000000000000000000000100000000001000001000000000000010000000
28481,100000000000000000000000000010000000000000000010000000000000000000000000000010000000000000000000000000000000000000000000000000000000000000000000001000000000010000010000000000000000000000
30256,100000000000000000000000000010000000000000000010000000000000000000000000000010000000000000000000000000000000000000000000000000000000000000000000001000000000010000010000000000000000000001
29737,100000000000000000000000000010000000000000000010000000000000000000000000000010000000000000000000000000000000000000000000000000000000000000000000001000000000010000010000000000000000001000
30869,100000000000000000000000000010000000000000000010000000000000000000000000000010000000000000000000000000000000000000000000000000000000000000000000001000000000010000010000000000000100000000
31532,100000000000000000000000000010000000000000000010000000000000000000000000000010000000000000000000000000000000000000000000000000000000000000000000001000000000010000010000000000000100000001
28482,1000000000000000000000000000100000000000000000100000000000000000000000000000100000000000000000000000000000000000000000000000000000000000000000000010000000000100000100000000000000000000000
30335,1000000000000000000000000000100000000000000000100000000000000000000000000000100000000000000000000000000000000000000000000000000000000000000000000010000000000100000100000000000000000000001
29738,1000000000000000000000000000100000000000000000100000000000000000000000000000100000000000000000000000000000000000000000000000000000000000000000000010000000000100000100000000000000000010000
30676,1000000000000000000000000000100000000000000000100000000000000000000000000000100000000000000000000000000000000000000000000000000000000000000000000010000000000100000100000000000000000010001
30870,1000000000000000000000000000100000000000000000100000000000000000000000000000100000000000000000000000000000000000000000000000000000000000000000000010000000000100000100000000000001000000000
31420,1000000000000000000000000000100000000000000000100000000000000000000000000000100000000000000000000000000000000000000000000000000000000000000000000010000000000100000100000000000001000000001
31531,1000000000000000000000000000100000000000000000100000000000000000000000000000100000000000000000000000000000000000000000000000000000000000000000000010000000000100000100000000000001000000010
31534,1000000000000000000000000000100000000000000000100000000000000000000000000000100000000000000000000000000000000000000000000000000000000000000000000010000000000100000100000000000001000000011
28483,10000000000000000000000000001000000000000000001000000000000000000000000000001000000000000000000000000000000000000000000000000000000000000000000000100000000001000001000000000000000000000000
30337,10000000000000000000000000001000000000000000001000000000000000000000000000001000000000000000000000000000000000000000000000000000000000000000000000100000000001000001000000000000000000000001
28727,10000000000000000000000000001000000000000000001000000000000000000000000000001000000000000000000000000000000000000000000000000000000000000000000000100000000001000001000000000000000000100000
29406,10000000000000000000000000001000000000000000001000000000000000000000000000001000000000000000000000000000000000000000000000000000000000000000000000100000000001000001000000000000000000100001
28661,10000000000000000000000000001000000000000000001000000000000000000000000000001000000000000000000000000000000000000000000000000000000000000000000000100000000001000001000000000000000000100010
30871,10000000000000000000000000001000000000000000001000000000000000000000000000001000000000000000000000000000000000000000000000000000000000000000000000100000000001000001000000000000010000000000
31587,10000000000000000000000000001000000000000000001000000000000000000000000000001000000000000000000000000000000000000000000000000000000000000000000000100000000001000001000000000000010000000001
31533,10000000000000000000000000001000000000000000001000000000000000000000000000001000000000000000000000000000000000000000000000000000000000000000000000100000000001000001000000000000010000000110
31535,10000000000000000000000000001000000000000000001000000000000000000000000000001000000000000000000000000000000000000000000000000000000000000000000000100000000001000001000000000000010000000111
28728,100000000000000000000000000010000000000000000010000000000000000000000000000010000000000000000000000000000000000000000000000000000000000000000000001000000000010000010000000000000000001000000
28691,100000000000000000000000000010000000000000000010000000000000000000000000000010000000000000000000000000000000000000000000000000000000000000000000001000000000010000010000000000000000001000010
30872,100000000000000000000000000010000000000000000010000000000000000000000000000010000000000000000000000000000000000000000000000000000000000000000000001000000000010000010000000000000100000000000
31419,100000000000000000000000000010000000000000000010000000000000000000000000000010000000000000000000000000000000000000000000000000000000000000000000001000000000010000010000000000000100000000001
31529,100000000000000000000000000010000000000000000010000000000000000000000000000010000000000000000000000000000000000000000000000000000000000000000000001000000000010000010000000000000100000001100
31530,100000000000000000000000000010000000000000000010000000000000000000000000000010000000000000000000000000000000000000000000000000000000000000000000001000000000010000010000000000000100000001101
28729,1000000000000000000000000000100000000000000000100000000000000000000000000000100000000000000000000000000000000000000000000000000000000000000000000010000000000100000100000000000000000010000000
29391,1000000000000000000000000000100000000000000000100000000000000000000000000000100000000000000000000000000000000000000000000000000000000000000000000010000000000100000100000000000000000010000001
28692,1000000000000000000000000000100000000000000000100000000000000000000000000000100000000000000000000000000000000000000000000000000000000000000000000010000000000100000100000000000000000010000100
29620,1000000000000000000000000000100000000000000000100000000000000000000000000000100000000000000000000000000000000000000000000000000000000000000000000010000000000100000100000000000000000010000101
30873,1000000000000000000000000000100000000000000000100000000000000000000000000000100000000000000000000000000000000000000000000000000000000000000000000010000000000100000100000000000001000000000000
31591,1000000000000000000000000000100000000000000000100000000000000000000000000000100000000000000000000000000000000000000000000000000000000000000000000010000000000100000100000000000001000000000001
28730,10000000000000000000000000001000000000000000001000000000000000000000000000001000000000000000000000000000000000000000000000000000000000000000000000100000000001000001000000000000000000100000000
29390,10000000000000000000000000001000000000000000001000000000000000000000000000001000000000000000000000000000000000000000000000000000000000000000000000100000000001000001000000000000000000100000001
29371,10000000000000000000000000001000000000000000001000000000000000000000000000001000000000000000000000000000000000000000000000000000000000000000000000100000000001000001000000000000000000100000010
28693,10000000000000000000000000001000000000000000001000000000000000000000000000001000000000000000000000000000000000000000000000000000000000000000000000100000000001000001000000000000000000100001000
29411,10000000000000000000000000001000000000000000001000000000000000000000000000001000000000000000000000000000000000000000000000000000000000000000000000100000000001000001000000000000000000100001001
29560,10000000000000000000000000001000000000000000001000000000000000000000000000001000000000000000000000000000000000000000000000000000000000000000000000100000000001000001000000000000000000100001010
30874,10000000000000000000000000001000000000000000001000000000000000000000000000001000000000000000000000000000000000000000000000000000000000000000000000100000000001000001000000000000010000000000000
31528,10000000000000000000000000001000000000000000001000000000000000000000000000001000000000000000000000000000000000000000000000000000000000000000000000100000000001000001000000000000010000000000001
28731,100000000000000000000000000010000000000000000010000000000000000000000000000010000000000000000000000000000000000000000000000000000000000000000000001000000000010000010000000000000000001000000000
29362,100000000000000000000000000010000000000000000010000000000000000000000000000010000000000000000000000000000000000000000000000000000000000000000000001000000000010000010000000000000000001000000010
29372,100000000000000000000000000010000000000000000010000000000000000000000000000010000000000000000000000000000000000000000000000000000000000000000000001000000000010000010000000000000000001000000100
28694,100000000000000000000000000010000000000000000010000000000000000000000000000010000000000000000000000000000000000000000000000000000000000000000000001000000000010000010000000000000000001000010000
29621,100000000000000000000000000010000000000000000010000000000000000000000000000010000000000000000000000000000000000000000000000000000000000000000000001000000000010000010000000000000000001000010001
29412,100000000000000000000000000010000000000000000010000000000000000000000000000010000000000000000000000000000000000000000000000000000000000000000000001000000000010000010000000000000000001000010010
29619,100000000000000000000000000010000000000000000010000000000000000000000000000010000000000000000000000000000000000000000000000000000000000000000000001000000000010000010000000000000000001000010011
30875,100000000000000000000000000010000000000000000010000000000000000000000000000010000000000000000000000000000000000000000000000000000000000000000000001000000000010000010000000000000100000000000000
31418,100000000000000000000000000010000000000000000010000000000000000000000000000010000000000000000000000000000000000000000000000000000000000000000000001000000000010000010000000000000100000000000001
28732,1000000000000000000000000000100000000000000000100000000000000000000000000000100000000000000000000000000000000000000000000000000000000000000000000010000000000100000100000000000000000010000000000
29389,1000000000000000000000000000100000000000000000100000000000000000000000000000100000000000000000000000000000000000000000000000000000000000000000000010000000000100000100000000000000000010000000001
28695,1000000000000000000000000000100000000000000000100000000000000000000000000000100000000000000000000000000000000000000000000000000000000000000000000010000000000100000100000000000000000010000100000
29413,1000000000000000000000000000100000000000000000100000000000000000000000000000100000000000000000000000000000000000000000000000000000000000000000000010000000000100000100000000000000000010000100100
29618,1000000000000000000000000000100000000000000000100000000000000000000000000000100000000000000000000000000000000000000000000000000000000000000000000010000000000100000100000000000000000010000100101
30876,1000000000000000000000000000100000000000000000100000000000000000000000000000100000000000000000000000000000000000000000000000000000000000000000000010000000000100000100000000000001000000000000000
31527,1000000000000000000000000000100000000000000000100000000000000000000000000000100000000000000000000000000000000000000000000000000000000000000000000010000000000100000100000000000001000000000000001
28733,10000000000000000000000000001000000000000000001000000000000000000000000000001000000000000000000000000000000000000000000000000000000000000000000000100000000001000001000000000000000000100000000000
29363,10000000000000000000000000001000000000000000001000000000000000000000000000001000000000000000000000000000000000000000000000000000000000000000000000100000000001000001000000000000000000100000000010
28696,10000000000000000000000000001000000000000000001000000000000000000000000000001000000000000000000000000000000000000000000000000000000000000000000000100000000001000001000000000000000000100001000000
29628,10000000000000000000000000001000000000000000001000000000000000000000000000001000000000000000000000000000000000000000000000000000000000000000000000100000000001000001000000000000000000100001000001
29414,10000000000000000000000000001000000000000000001000000000000000000000000000001000000000000000000000000000000000000000000000000000000000000000000000100000000001000001000000000000000000100001001000
29555,10000000000000000000000000001000000000000000001000000000000000000000000000001000000000000000000000000000000000000000000000000000000000000000000000100000000001000001000000000000000000100001001001
29556,10000000000000000000000000001000000000000000001000000000000000000000000000001000000000000000000000000000000000000000000000000000000000000000000000100000000001000001000000000000000000100001001010
30877,10000000000000000000000000001000000000000000001000000000000000000000000000001000000000000000000000000000000000000000000000000000000000000000000000100000000001000001000000000000010000000000000000
31526,10000000000000000000000000001000000000000000001000000000000000000000000000001000000000000000000000000000000000000000000000000000000000000000000000100000000001000001000000000000010000000000000001
28734,100000000000000000000000000010000000000000000010000000000000000000000000000010000000000000000000000000000000000000000000000000000000000000000000001000000000010000010000000000000000001000000000000
29388,100000000000000000000000000010000000000000000010000000000000000000000000000010000000000000000000000000000000000000000000000000000000000000000000001000000000010000010000000000000000001000000000001
28697,100000000000000000000000000010000000000000000010000000000000000000000000000010000000000000000000000000000000000000000000000000000000000000000000001000000000010000010000000000000000001000010000000
29562,100000000000000000000000000010000000000000000010000000000000000000000000000010000000000000000000000000000000000000000000000000000000000000000000001000000000010000010000000000000000001000010000001
29415,100000000000000000000000000010000000000000000010000000000000000000000000000010000000000000000000000000000000000000000000000000000000000000000000001000000000010000010000000000000000001000010010000
29549,100000000000000000000000000010000000000000000010000000000000000000000000000010000000000000000000000000000000000000000000000000000000000000000000001000000000010000010000000000000000001000010010001
29553,100000000000000000000000000010000000000000000010000000000000000000000000000010000000000000000000000000000000000000000000000000000000000000000000001000000000010000010000000000000000001000010010010
30878,100000000000000000000000000010000000000000000010000000000000000000000000000010000000000000000000000000000000000000000000000000000000000000000000001000000000010000010000000000000100000000000000000
31525,100000000000000000000000000010000000000000000010000000000000000000000000000010000000000000000000000000000000000000000000000000000000000000000000001000000000010000010000000000000100000000000000001
28735,1000000000000000000000000000100000000000000000100000000000000000000000000000100000000000000000000000000000000000000000000000000000000000000000000010000000000100000100000000000000000010000000000000
29387,1000000000000000000000000000100000000000000000100000000000000000000000000000100000000000000000000000000000000000000000000000000000000000000000000010000000000100000100000000000000000010000000000001
29364,1000000000000000000000000000100000000000000000100000000000000000000000000000100000000000000000000000000000000000000000000000000000000000000000000010000000000100000100000000000000000010000000000010
28698,1000000000000000000000000000100000000000000000100000000000000000000000000000100000000000000000000000000000000000000000000000000000000000000000000010000000000100000100000000000000000010000100000000
29625,1000000000000000000000000000100000000000000000100000000000000000000000000000100000000000000000000000000000000000000000000000000000000000000000000010000000000100000100000000000000000010000100000001
29416,1000000000000000000000000000100000000000000000100000000000000000000000000000100000000000000000000000000000000000000000000000000000000000000000000010000000000100000100000000000000000010000100100000
29617,1000000000000000000000000000100000000000000000100000000000000000000000000000100000000000000000000000000000000000000000000000000000000000000000000010000000000100000100000000000000000010000100100001
30879,1000000000000000000000000000100000000000000000100000000000000000000000000000100000000000000000000000000000000000000000000000000000000000000000000010000000000100000100000000000001000000000000000000
31524,1000000000000000000000000000100000000000000000100000000000000000000000000000100000000000000000000000000000000000000000000000000000000000000000000010000000000100000100000000000001000000000000000001
28736,10000000000000000000000000001000000000000000001000000000000000000000000000001000000000000000000000000000000000000000000000000000000000000000000000100000000001000001000000000000000000100000000000000
28740,10000000000000000000000000001000000000000000001000000000000000000000000000001000000000000000000000000000000000000000000000000000000000000000000000100000000001000001000000000000000000100000000000001
29360,10000000000000000000000000001000000000000000001000000000000000000000000000001000000000000000000000000000000000000000000000000000000000000000000000100000000001000001000000000000000000100000000000010
28699,10000000000000000000000000001000000000000000001000000000000000000000000000001000000000000000000000000000000000000000000000000000000000000000000000100000000001000001000000000000000000100001000000000
29572,10000000000000000000000000001000000000000000001000000000000000000000000000001000000000000000000000000000000000000000000000000000000000000000000000100000000001000001000000000000000000100001000000001
29417,10000000000000000000000000001000000000000000001000000000000000000000000000001000000000000000000000000000000000000000000000000000000000000000000000100000000001000001000000000000000000100001001000000
29550,10000000000000000000000000001000000000000000001000000000000000000000000000001000000000000000000000000000000000000000000000000000000000000000000000100000000001000001000000000000000000100001001000001
29613,10000000000000000000000000001000000000000000001000000000000000000000000000001000000000000000000000000000000000000000000000000000000000000000000000100000000001000001000000000000000000100001001000010
29616,10000000000000000000000000001000000000000000001000000000000000000000000000001000000000000000000000000000000000000000000000000000000000000000000000100000000001000001000000000000000000100001001000011
30880,10000000000000000000000000001000000000000000001000000000000000000000000000001000000000000000000000000000000000000000000000000000000000000000000000100000000001000001000000000000010000000000000000000
28737,100000000000000000000000000010000000000000000010000000000000000000000000000010000000000000000000000000000000000000000000000000000000000000000000001000000000010000010000000000000000001000000000000000
28741,100000000000000000000000000010000000000000000010000000000000000000000000000010000000000000000000000000000000000000000000000000000000000000000000001000000000010000010000000000000000001000000000000010
29386,100000000000000000000000000010000000000000000010000000000000000000000000000010000000000000000000000000000000000000000000000000000000000000000000001000000000010000010000000000000000001000000000000011
29232,100000000000000000000000000010000000000000000010000000000000000000000000000010000000000000000000000000000000000000000000000000000000000000000000001000000000010000010000000000000000001000000000000100
29361,100000000000000000000000000010000000000000000010000000000000000000000000000010000000000000000000000000000000000000000000000000000000000000000000001000000000010000010000000000000000001000000000000101
28700,100000000000000000000000000010000000000000000010000000000000000000000000000010000000000000000000000000000000000000000000000000000000000000000000001000000000010000010000000000000000001000010000000000
29626,100000000000000000000000000010000000000000000010000000000000000000000000000010000000000000000000000000000000000000000000000000000000000000000000001000000000010000010000000000000000001000010000000001
28575,100000000000000000000000000010000000000000000010000000000000000000000000000010000000000000000000000000000000000000000000000000000000000000000000001000000000010000010000000000000000001000010010000000
29418,100000000000000000000000000010000000000000000010000000000000000000000000000010000000000000000000000000000000000000000000000000000000000000000000001000000000010000010000000000000000001000010010000001
29614,100000000000000000000000000010000000000000000010000000000000000000000000000010000000000000000000000000000000000000000000000000000000000000000000001000000000010000010000000000000000001000010010000100
29615,100000000000000000000000000010000000000000000010000000000000000000000000000010000000000000000000000000000000000000000000000000000000000000000000001000000000010000010000000000000000001000010010000110
30881,100000000000000000000000000010000000000000000010000000000000000000000000000010000000000000000000000000000000000000000000000000000000000000000000001000000000010000010000000000000100000000000000000000
31523,100000000000000000000000000010000000000000000010000000000000000000000000000010000000000000000000000000000000000000000000000000000000000000000000001000000000010000010000000000000100000000000000000001
28738,1000000000000000000000000000100000000000000000100000000000000000000000000000100000000000000000000000000000000000000000000000000000000000000000000010000000000100000100000000000000000010000000000000000
29228,1000000000000000000000000000100000000000000000100000000000000000000000000000100000000000000000000000000000000000000000000000000000000000000000000010000000000100000100000000000000000010000000000000001
28742,1000000000000000000000000000100000000000000000100000000000000000000000000000100000000000000000000000000000000000000000000000000000000000000000000010000000000100000100000000000000000010000000000000100
29385,1000000000000000000000000000100000000000000000100000000000000000000000000000100000000000000000000000000000000000000000000000000000000000000000000010000000000100000100000000000000000010000000000000101
28516,1000000000000000000000000000100000000000000000100000000000000000000000000000100000000000000000000000000000000000000000000000000000000000000000000010000000000100000100000000000000000010000000000000110
29365,1000000000000000000000000000100000000000000000100000000000000000000000000000100000000000000000000000000000000000000000000000000000000000000000000010000000000100000100000000000000000010000000000001000
29369,1000000000000000000000000000100000000000000000100000000000000000000000000000100000000000000000000000000000000000000000000000000000000000000000000010000000000100000100000000000000000010000000000001001
28701,1000000000000000000000000000100000000000000000100000000000000000000000000000100000000000000000000000000000000000000000000000000000000000000000000010000000000100000100000000000000000010000100000000000
29563,1000000000000000000000000000100000000000000000100000000000000000000000000000100000000000000000000000000000000000000000000000000000000000000000000010000000000100000100000000000000000010000100000000001
29561,1000000000000000000000000000100000000000000000100000000000000000000000000000100000000000000000000000000000000000000000000000000000000000000000000010000000000100000100000000000000000010000100000000010
29624,1000000000000000000000000000100000000000000000100000000000000000000000000000100000000000000000000000000000000000000000000000000000000000000000000010000000000100000100000000000000000010000100000000011
29603,1000000000000000000000000000100000000000000000100000000000000000000000000000100000000000000000000000000000000000000000000000000000000000000000000010000000000100000100000000000000000010000100100000000
29611,1000000000000000000000000000100000000000000000100000000000000000000000000000100000000000000000000000000000000000000000000000000000000000000000000010000000000100000100000000000000000010000100100000001
29419,1000000000000000000000000000100000000000000000100000000000000000000000000000100000000000000000000000000000000000000000000000000000000000000000000010000000000100000100000000000000000010000100100000010
29610,1000000000000000000000000000100000000000000000100000000000000000000000000000100000000000000000000000000000000000000000000000000000000000000000000010000000000100000100000000000000000010000100100000011
30882,1000000000000000000000000000100000000000000000100000000000000000000000000000100000000000000000000000000000000000000000000000000000000000000000000010000000000100000100000000000001000000000000000000000
31522,1000000000000000000000000000100000000000000000100000000000000000000000000000100000000000000000000000000000000000000000000000000000000000000000000010000000000100000100000000000001000000000000000000001
28739,10000000000000000000000000001000000000000000001000000000000000000000000000001000000000000000000000000000000000000000000000000000000000000000000000100000000001000001000000000000000000100000000000000000
28743,10000000000000000000000000001000000000000000001000000000000000000000000000001000000000000000000000000000000000000000000000000000000000000000000000100000000001000001000000000000000000100000000000001000
29384,10000000000000000000000000001000000000000000001000000000000000000000000000001000000000000000000000000000000000000000000000000000000000000000000000100000000001000001000000000000000000100000000000001001
29355,10000000000000000000000000001000000000000000001000000000000000000000000000001000000000000000000000000000000000000000000000000000000000000000000000100000000001000001000000000000000000100000000000001010
29366,10000000000000000000000000001000000000000000001000000000000000000000000000001000000000000000000000000000000000000000000000000000000000000000000000100000000001000001000000000000000000100000000000010000
29367,10000000000000000000000000001000000000000000001000000000000000000000000000001000000000000000000000000000000000000000000000000000000000000000000000100000000001000001000000000000000000100000000000010001
29370,10000000000000000000000000001000000000000000001000000000000000000000000000001000000000000000000000000000000000000000000000000000000000000000000000100000000001000001000000000000000000100000000000010010
28702,10000000000000000000000000001000000000000000001000000000000000000000000000001000000000000000000000000000000000000000000000000000000000000000000000100000000001000001000000000000000000100001000000000000
29627,10000000000000000000000000001000000000000000001000000000000000000000000000001000000000000000000000000000000000000000000000000000000000000000000000100000000001000001000000000000000000100001000000000001
29557,10000000000000000000000000001000000000000000001000000000000000000000000000001000000000000000000000000000000000000000000000000000000000000000000000100000000001000001000000000000000000100001000000000110
29558,10000000000000000000000000001000000000000000001000000000000000000000000000001000000000000000000000000000000000000000000000000000000000000000000000100000000001000001000000000000000000100001000000000111
29602,10000000000000000000000000001000000000000000001000000000000000000000000000001000000000000000000000000000000000000000000000000000000000000000000000100000000001000001000000000000000000100001001000000000
29612,10000000000000000000000000001000000000000000001000000000000000000000000000001000000000000000000000000000000000000000000000000000000000000000000000100000000001000001000000000000000000100001001000000010
29339,10000000000000000000000000001000000000000000001000000000000000000000000000001000000000000000000000000000000000000000000000000000000000000000000000100000000001000001000000000000000000100001001000000100
29420,10000000000000000000000000001000000000000000001000000000000000000000000000001000000000000000000000000000000000000000000000000000000000000000000000100000000001000001000000000000000000100001001000000101
28574,10000000000000000000000000001000000000000000001000000000000000000000000000001000000000000000000000000000000000000000000000000000000000000000000000100000000001000001000000000000000000100001001000000110
30883,10000000000000000000000000001000000000000000001000000000000000000000000000001000000000000000000000000000000000000000000000000000000000000000000000100000000001000001000000000000010000000000000000000000
31415,10000000000000000000000000001000000000000000001000000000000000000000000000001000000000000000000000000000000000000000000000000000000000000000000000100000000001000001000000000000010000000000000000000001
28744,100000000000000000000000000010000000000000000010000000000000000000000000000010000000000000000000000000000000000000000000000000000000000000000000001000000000010000010000000000000000001000000000000010000
29383,100000000000000000000000000010000000000000000010000000000000000000000000000010000000000000000000000000000000000000000000000000000000000000000000001000000000010000010000000000000000001000000000000010001
29050,100000000000000000000000000010000000000000000010000000000000000000000000000010000000000000000000000000000000000000000000000000000000000000000000001000000000010000010000000000000000001000000000000010010
29227,100000000000000000000000000010000000000000000010000000000000000000000000000010000000000000000000000000000000000000000000000000000000000000000000001000000000010000010000000000000000001000000000000100010
29368,100000000000000000000000000010000000000000000010000000000000000000000000000010000000000000000000000000000000000000000000000000000000000000000000001000000000010000010000000000000000001000000000000100011
29407,100000000000000000000000000010000000000000000010000000000000000000000000000010000000000000000000000000000000000000000000000000000000000000000000001000000000010000010000000000000000001000010000000000000
29559,100000000000000000000000000010000000000000000010000000000000000000000000000010000000000000000000000000000000000000000000000000000000000000000000001000000000010000010000000000000000001000010000000000001
29340,100000000000000000000000000010000000000000000010000000000000000000000000000010000000000000000000000000000000000000000000000000000000000000000000001000000000010000010000000000000000001000010010000001000
29609,100000000000000000000000000010000000000000000010000000000000000000000000000010000000000000000000000000000000000000000000000000000000000000000000001000000000010000010000000000000000001000010010000001001
28569,100000000000000000000000000010000000000000000010000000000000000000000000000010000000000000000000000000000000000000000000000000000000000000000000001000000000010000010000000000000000001000010010000001010
29421,100000000000000000000000000010000000000000000010000000000000000000000000000010000000000000000000000000000000000000000000000000000000000000000000001000000000010000010000000000000000001000010010000001011
29548,100000000000000000000000000010000000000000000010000000000000000000000000000010000000000000000000000000000000000000000000000000000000000000000000001000000000010000010000000000000000001000010010000001100
29623,100000000000000000000000000010000000000000000010000000000000000000000000000010000000000000000000000000000000000000000000000000000000000000000000001000000000010000010000000000000000001000010010000001101
30884,100000000000000000000000000010000000000000000010000000000000000000000000000010000000000000000000000000000000000000000000000000000000000000000000001000000000010000010000000000000100000000000000000000000
28745,1000000000000000000000000000100000000000000000100000000000000000000000000000100000000000000000000000000000000000000000000000000000000000000000000010000000000100000100000000000000000010000000000000100000
29382,1000000000000000000000000000100000000000000000100000000000000000000000000000100000000000000000000000000000000000000000000000000000000000000000000010000000000100000100000000000000000010000000000000100001
29168,1000000000000000000000000000100000000000000000100000000000000000000000000000100000000000000000000000000000000000000000000000000000000000000000000010000000000100000100000000000000000010000000000000100010
28446,1000000000000000000000000000100000000000000000100000000000000000000000000000100000000000000000000000000000000000000000000000000000000000000000000010000000000100000100000000000000000010000000000000100100
29357,1000000000000000000000000000100000000000000000100000000000000000000000000000100000000000000000000000000000000000000000000000000000000000000000000010000000000100000100000000000000000010000000000000100101
29229,1000000000000000000000000000100000000000000000100000000000000000000000000000100000000000000000000000000000000000000000000000000000000000000000000010000000000100000100000000000000000010000000000001000100
29230,1000000000000000000000000000100000000000000000100000000000000000000000000000100000000000000000000000000000000000000000000000000000000000000000000010000000000100000100000000000000000010000000000001000101
29408,1000000000000000000000000000100000000000000000100000000000000000000000000000100000000000000000000000000000000000000000000000000000000000000000000010000000000100000100000000000000000010000100000000000000
29554,1000000000000000000000000000100000000000000000100000000000000000000000000000100000000000000000000000000000000000000000000000000000000000000000000010000000000100000100000000000000000010000100000000000001
29341,1000000000000000000000000000100000000000000000100000000000000000000000000000100000000000000000000000000000000000000000000000000000000000000000000010000000000100000100000000000000000010000100100000010000
29601,1000000000000000000000000000100000000000000000100000000000000000000000000000100000000000000000000000000000000000000000000000000000000000000000000010000000000100000100000000000000000010000100100000010001
29606,1000000000000000000000000000100000000000000000100000000000000000000000000000100000000000000000000000000000000000000000000000000000000000000000000010000000000100000100000000000000000010000100100000010100
29422,1000000000000000000000000000100000000000000000100000000000000000000000000000100000000000000000000000000000000000000000000000000000000000000000000010000000000100000100000000000000000010000100100000010110
29605,1000000000000000000000000000100000000000000000100000000000000000000000000000100000000000000000000000000000000000000000000000000000000000000000000010000000000100000100000000000000000010000100100000010111
30885,1000000000000000000000000000100000000000000000100000000000000000000000000000100000000000000000000000000000000000000000000000000000000000000000000010000000000100000100000000000001000000000000000000000000
31356,1000000000000000000000000000100000000000000000100000000000000000000000000000100000000000000000000000000000000000000000000000000000000000000000000010000000000100000100000000000001000000000000000000000001
28746,10000000000000000000000000001000000000000000001000000000000000000000000000001000000000000000000000000000000000000000000000000000000000000000000000100000000001000001000000000000000000100000000000001000000
29381,10000000000000000000000000001000000000000000001000000000000000000000000000001000000000000000000000000000000000000000000000000000000000000000000000100000000001000001000000000000000000100000000000001000001
29049,10000000000000000000000000001000000000000000001000000000000000000000000000001000000000000000000000000000000000000000000000000000000000000000000000100000000001000001000000000000000000100000000000001000010
28523,10000000000000000000000000001000000000000000001000000000000000000000000000001000000000000000000000000000000000000000000000000000000000000000000000100000000001000001000000000000000000100000000000001000100
29231,10000000000000000000000000001000000000000000001000000000000000000000000000001000000000000000000000000000000000000000000000000000000000000000000000100000000001000001000000000000000000100000000000010001000
29239,10000000000000000000000000001000000000000000001000000000000000000000000000001000000000000000000000000000000000000000000000000000000000000000000000100000000001000001000000000000000000100000000000010001001
29238,10000000000000000000000000001000000000000000001000000000000000000000000000001000000000000000000000000000000000000000000000000000000000000000000000100000000001000001000000000000000000100000000000010001010
29409,10000000000000000000000000001000000000000000001000000000000000000000000000001000000000000000000000000000000000000000000000000000000000000000000000100000000001000001000000000000000000100001000000000000000
29552,10000000000000000000000000001000000000000000001000000000000000000000000000001000000000000000000000000000000000000000000000000000000000000000000000100000000001000001000000000000000000100001000000000000001
29342,10000000000000000000000000001000000000000000001000000000000000000000000000001000000000000000000000000000000000000000000000000000000000000000000000100000000001000001000000000000000000100001001000000100000
29598,10000000000000000000000000001000000000000000001000000000000000000000000000001000000000000000000000000000000000000000000000000000000000000000000000100000000001000001000000000000000000100001001000000100001
29608,10000000000000000000000000001000000000000000001000000000000000000000000000001000000000000000000000000000000000000000000000000000000000000000000000100000000001000001000000000000000000100001001000000101000
29423,10000000000000000000000000001000000000000000001000000000000000000000000000001000000000000000000000000000000000000000000000000000000000000000000000100000000001000001000000000000000000100001001000000101100
29463,10000000000000000000000000001000000000000000001000000000000000000000000000001000000000000000000000000000000000000000000000000000000000000000000000100000000001000001000000000000000000100001001000000101101
30886,10000000000000000000000000001000000000000000001000000000000000000000000000001000000000000000000000000000000000000000000000000000000000000000000000100000000001000001000000000000010000000000000000000000000
31357,10000000000000000000000000001000000000000000001000000000000000000000000000001000000000000000000000000000000000000000000000000000000000000000000000100000000001000001000000000000010000000000000000000000001
31519,10000000000000000000000000001000000000000000001000000000000000000000000000001000000000000000000000000000000000000000000000000000000000000000000000100000000001000001000000000000010000000000000000000000010
28747,100000000000000000000000000010000000000000000010000000000000000000000000000010000000000000000000000000000000000000000000000000000000000000000000001000000000010000010000000000000000001000000000000010000000
29380,100000000000000000000000000010000000000000000010000000000000000000000000000010000000000000000000000000000000000000000000000000000000000000000000001000000000010000010000000000000000001000000000000010000001
29356,100000000000000000000000000010000000000000000010000000000000000000000000000010000000000000000000000000000000000000000000000000000000000000000000001000000000010000010000000000000000001000000000000010000010
29233,100000000000000000000000000010000000000000000010000000000000000000000000000010000000000000000000000000000000000000000000000000000000000000000000001000000000010000010000000000000000001000000000000100010000
29234,100000000000000000000000000010000000000000000010000000000000000000000000000010000000000000000000000000000000000000000000000000000000000000000000001000000000010000010000000000000000001000000000000100010010
29235,100000000000000000000000000010000000000000000010000000000000000000000000000010000000000000000000000000000000000000000000000000000000000000000000001000000000010000010000000000000000001000000000000100010011
29410,100000000000000000000000000010000000000000000010000000000000000000000000000010000000000000000000000000000000000000000000000000000000000000000000001000000000010000010000000000000000001000010000000000000000
29551,100000000000000000000000000010000000000000000010000000000000000000000000000010000000000000000000000000000000000000000000000000000000000000000000001000000000010000010000000000000000001000010000000000000001
29545,100000000000000000000000000010000000000000000010000000000000000000000000000010000000000000000000000000000000000000000000000000000000000000000000001000000000010000010000000000000000001000010000000000000010
29546,100000000000000000000000000010000000000000000010000000000000000000000000000010000000000000000000000000000000000000000000000000000000000000000000001000000000010000010000000000000000001000010000000000000011
28829,100000000000000000000000000010000000000000000010000000000000000000000000000010000000000000000000000000000000000000000000000000000000000000000000001000000000010000010000000000000000001000010010000001000000
29343,100000000000000000000000000010000000000000000010000000000000000000000000000010000000000000000000000000000000000000000000000000000000000000000000001000000000010000010000000000000000001000010010000001000001
29600,100000000000000000000000000010000000000000000010000000000000000000000000000010000000000000000000000000000000000000000000000000000000000000000000001000000000010000010000000000000000001000010010000001000010
29607,100000000000000000000000000010000000000000000010000000000000000000000000000010000000000000000000000000000000000000000000000000000000000000000000001000000000010000010000000000000000001000010010000001010000
29424,100000000000000000000000000010000000000000000010000000000000000000000000000010000000000000000000000000000000000000000000000000000000000000000000001000000000010000010000000000000000001000010010000001011000
29464,100000000000000000000000000010000000000000000010000000000000000000000000000010000000000000000000000000000000000000000000000000000000000000000000001000000000010000010000000000000000001000010010000001011010
30887,100000000000000000000000000010000000000000000010000000000000000000000000000010000000000000000000000000000000000000000000000000000000000000000000001000000000010000010000000000000100000000000000000000000000
31358,100000000000000000000000000010000000000000000010000000000000000000000000000010000000000000000000000000000000000000000000000000000000000000000000001000000000010000010000000000000100000000000000000000000001
31514,100000000000000000000000000010000000000000000010000000000000000000000000000010000000000000000000000000000000000000000000000000000000000000000000001000000000010000010000000000000100000000000000000000000010
31416,100000000000000000000000000010000000000000000010000000000000000000000000000010000000000000000000000000000000000000000000000000000000000000000000001000000000010000010000000000000100000000000000000000000100
31518,100000000000000000000000000010000000000000000010000000000000000000000000000010000000000000000000000000000000000000000000000000000000000000000000001000000000010000010000000000000100000000000000000000000101
28748,1000000000000000000000000000100000000000000000100000000000000000000000000000100000000000000000000000000000000000000000000000000000000000000000000010000000000100000100000000000000000010000000000000100000000
29359,1000000000000000000000000000100000000000000000100000000000000000000000000000100000000000000000000000000000000000000000000000000000000000000000000010000000000100000100000000000000000010000000000000100000010
28448,1000000000000000000000000000100000000000000000100000000000000000000000000000100000000000000000000000000000000000000000000000000000000000000000000010000000000100000100000000000000000010000000000001000100000
29101,1000000000000000000000000000100000000000000000100000000000000000000000000000100000000000000000000000000000000000000000000000000000000000000000000010000000000100000100000000000000000010000000000001000100001
29236,1000000000000000000000000000100000000000000000100000000000000000000000000000100000000000000000000000000000000000000000000000000000000000000000000010000000000100000100000000000000000010000000000001000100110
29547,1000000000000000000000000000100000000000000000100000000000000000000000000000100000000000000000000000000000000000000000000000000000000000000000000010000000000100000100000000000000000010000100000000000000010
29622,1000000000000000000000000000100000000000000000100000000000000000000000000000100000000000000000000000000000000000000000000000000000000000000000000010000000000100000100000000000000000010000100000000000000011
28571,1000000000000000000000000000100000000000000000100000000000000000000000000000100000000000000000000000000000000000000000000000000000000000000000000010000000000100000100000000000000000010000100000000000000100
28573,1000000000000000000000000000100000000000000000100000000000000000000000000000100000000000000000000000000000000000000000000000000000000000000000000010000000000100000100000000000000000010000100000000000000110
29344,1000000000000000000000000000100000000000000000100000000000000000000000000000100000000000000000000000000000000000000000000000000000000000000000000010000000000100000100000000000000000010000100100000010000010
29459,1000000000000000000000000000100000000000000000100000000000000000000000000000100000000000000000000000000000000000000000000000000000000000000000000010000000000100000100000000000000000010000100100000010000011
29599,1000000000000000000000000000100000000000000000100000000000000000000000000000100000000000000000000000000000000000000000000000000000000000000000000010000000000100000100000000000000000010000100100000010000100
29425,1000000000000000000000000000100000000000000000100000000000000000000000000000100000000000000000000000000000000000000000000000000000000000000000000010000000000100000100000000000000000010000100100000010110000
29604,1000000000000000000000000000100000000000000000100000000000000000000000000000100000000000000000000000000000000000000000000000000000000000000000000010000000000100000100000000000000000010000100100000010110001
29465,1000000000000000000000000000100000000000000000100000000000000000000000000000100000000000000000000000000000000000000000000000000000000000000000000010000000000100000100000000000000000010000100100000010110100
30888,1000000000000000000000000000100000000000000000100000000000000000000000000000100000000000000000000000000000000000000000000000000000000000000000000010000000000100000100000000000001000000000000000000000000000
31359,1000000000000000000000000000100000000000000000100000000000000000000000000000100000000000000000000000000000000000000000000000000000000000000000000010000000000100000100000000000001000000000000000000000000001
31513,1000000000000000000000000000100000000000000000100000000000000000000000000000100000000000000000000000000000000000000000000000000000000000000000000010000000000100000100000000000001000000000000000000000000010
31517,1000000000000000000000000000100000000000000000100000000000000000000000000000100000000000000000000000000000000000000000000000000000000000000000000010000000000100000100000000000001000000000000000000000001010
31521,1000000000000000000000000000100000000000000000100000000000000000000000000000100000000000000000000000000000000000000000000000000000000000000000000010000000000100000100000000000001000000000000000000000001011
28749,10000000000000000000000000001000000000000000001000000000000000000000000000001000000000000000000000000000000000000000000000000000000000000000000000100000000001000001000000000000000000100000000000001000000000
29353,10000000000000000000000000001000000000000000001000000000000000000000000000001000000000000000000000000000000000000000000000000000000000000000000000100000000001000001000000000000000000100000000000001000000001
29358,10000000000000000000000000001000000000000000001000000000000000000000000000001000000000000000000000000000000000000000000000000000000000000000000000100000000001000001000000000000000000100000000000001000000100
28447,10000000000000000000000000001000000000000000001000000000000000000000000000001000000000000000000000000000000000000000000000000000000000000000000000100000000001000001000000000000000000100000000000010001000000
28449,10000000000000000000000000001000000000000000001000000000000000000000000000001000000000000000000000000000000000000000000000000000000000000000000000100000000001000001000000000000000000100000000000010001000001
29237,10000000000000000000000000001000000000000000001000000000000000000000000000001000000000000000000000000000000000000000000000000000000000000000000000100000000001000001000000000000000000100000000000010001001100
28572,10000000000000000000000000001000000000000000001000000000000000000000000000001000000000000000000000000000000000000000000000000000000000000000000000100000000001000001000000000000000000100001000000000000000100
29345,10000000000000000000000000001000000000000000001000000000000000000000000000001000000000000000000000000000000000000000000000000000000000000000000000100000000001000001000000000000000000100001001000000100000100
29460,10000000000000000000000000001000000000000000001000000000000000000000000000001000000000000000000000000000000000000000000000000000000000000000000000100000000001000001000000000000000000100001001000000100000110
29462,10000000000000000000000000001000000000000000001000000000000000000000000000001000000000000000000000000000000000000000000000000000000000000000000000100000000001000001000000000000000000100001001000000100000111
29426,10000000000000000000000000001000000000000000001000000000000000000000000000001000000000000000000000000000000000000000000000000000000000000000000000100000000001000001000000000000000000100001001000000101100000
29540,10000000000000000000000000001000000000000000001000000000000000000000000000001000000000000000000000000000000000000000000000000000000000000000000000100000000001000001000000000000000000100001001000000101100001
29466,10000000000000000000000000001000000000000000001000000000000000000000000000001000000000000000000000000000000000000000000000000000000000000000000000100000000001000001000000000000000000100001001000000101101000
29571,10000000000000000000000000001000000000000000001000000000000000000000000000001000000000000000000000000000000000000000000000000000000000000000000000100000000001000001000000000000000000100001001000000101101001
30889,10000000000000000000000000001000000000000000001000000000000000000000000000001000000000000000000000000000000000000000000000000000000000000000000000100000000001000001000000000000010000000000000000000000000000
31512,10000000000000000000000000001000000000000000001000000000000000000000000000001000000000000000000000000000000000000000000000000000000000000000000000100000000001000001000000000000010000000000000000000000000010
31417,10000000000000000000000000001000000000000000001000000000000000000000000000001000000000000000000000000000000000000000000000000000000000000000000000100000000001000001000000000000010000000000000000000000010110
31516,10000000000000000000000000001000000000000000001000000000000000000000000000001000000000000000000000000000000000000000000000000000000000000000000000100000000001000001000000000000010000000000000000000000010111
28750,100000000000000000000000000010000000000000000010000000000000000000000000000010000000000000000000000000000000000000000000000000000000000000000000001000000000010000010000000000000000001000000000000010000000000
29301,100000000000000000000000000010000000000000000010000000000000000000000000000010000000000000000000000000000000000000000000000000000000000000000000001000000000010000010000000000000000001000000000000010000000001
29346,100000000000000000000000000010000000000000000010000000000000000000000000000010000000000000000000000000000000000000000000000000000000000000000000001000000000010000010000000000000000001000010010000001000001000
29597,100000000000000000000000000010000000000000000010000000000000000000000000000010000000000000000000000000000000000000000000000000000000000000000000001000000000010000010000000000000000001000010010000001000001001
29461,100000000000000000000000000010000000000000000010000000000000000000000000000010000000000000000000000000000000000000000000000000000000000000000000001000000000010000010000000000000000001000010010000001000001100
29543,100000000000000000000000000010000000000000000010000000000000000000000000000010000000000000000000000000000000000000000000000000000000000000000000001000000000010000010000000000000000001000010010000001000001101
29427,100000000000000000000000000010000000000000000010000000000000000000000000000010000000000000000000000000000000000000000000000000000000000000000000001000000000010000010000000000000000001000010010000001011000000
29434,100000000000000000000000000010000000000000000010000000000000000000000000000010000000000000000000000000000000000000000000000000000000000000000000001000000000010000010000000000000000001000010010000001011000001
29538,100000000000000000000000000010000000000000000010000000000000000000000000000010000000000000000000000000000000000000000000000000000000000000000000001000000000010000010000000000000000001000010010000001011000010
29539,100000000000000000000000000010000000000000000010000000000000000000000000000010000000000000000000000000000000000000000000000000000000000000000000001000000000010000010000000000000000001000010010000001011000011
28570,100000000000000000000000000010000000000000000010000000000000000000000000000010000000000000000000000000000000000000000000000000000000000000000000001000000000010000010000000000000000001000010010000001011010000
29467,100000000000000000000000000010000000000000000010000000000000000000000000000010000000000000000000000000000000000000000000000000000000000000000000001000000000010000010000000000000000001000010010000001011010001
30890,100000000000000000000000000010000000000000000010000000000000000000000000000010000000000000000000000000000000000000000000000000000000000000000000001000000000010000010000000000000100000000000000000000000000000
28751,1000000000000000000000000000100000000000000000100000000000000000000000000000100000000000000000000000000000000000000000000000000000000000000000000010000000000100000100000000000000000010000000000000100000000000
29306,1000000000000000000000000000100000000000000000100000000000000000000000000000100000000000000000000000000000000000000000000000000000000000000000000010000000000100000100000000000000000010000000000000100000000001
29347,1000000000000000000000000000100000000000000000100000000000000000000000000000100000000000000000000000000000000000000000000000000000000000000000000010000000000100000100000000000000000010000100100000010000010000
29591,1000000000000000000000000000100000000000000000100000000000000000000000000000100000000000000000000000000000000000000000000000000000000000000000000010000000000100000100000000000000000010000100100000010000010001
29428,1000000000000000000000000000100000000000000000100000000000000000000000000000100000000000000000000000000000000000000000000000000000000000000000000010000000000100000100000000000000000010000100100000010110000000
29570,1000000000000000000000000000100000000000000000100000000000000000000000000000100000000000000000000000000000000000000000000000000000000000000000000010000000000100000100000000000000000010000100100000010110000001
29435,1000000000000000000000000000100000000000000000100000000000000000000000000000100000000000000000000000000000000000000000000000000000000000000000000010000000000100000100000000000000000010000100100000010110000010
29537,1000000000000000000000000000100000000000000000100000000000000000000000000000100000000000000000000000000000000000000000000000000000000000000000000010000000000100000100000000000000000010000100100000010110000011
28565,1000000000000000000000000000100000000000000000100000000000000000000000000000100000000000000000000000000000000000000000000000000000000000000000000010000000000100000100000000000000000010000100100000010110100010
29468,1000000000000000000000000000100000000000000000100000000000000000000000000000100000000000000000000000000000000000000000000000000000000000000000000010000000000100000100000000000000000010000100100000010110100011
30891,1000000000000000000000000000100000000000000000100000000000000000000000000000100000000000000000000000000000000000000000000000000000000000000000000010000000000100000100000000000001000000000000000000000000000000
28752,10000000000000000000000000001000000000000000001000000000000000000000000000001000000000000000000000000000000000000000000000000000000000000000000000100000000001000001000000000000000000100000000000001000000000000
29304,10000000000000000000000000001000000000000000001000000000000000000000000000001000000000000000000000000000000000000000000000000000000000000000000000100000000001000001000000000000000000100000000000001000000000001
29352,10000000000000000000000000001000000000000000001000000000000000000000000000001000000000000000000000000000000000000000000000000000000000000000000000100000000001000001000000000000000000100000000000001000000000010
29348,10000000000000000000000000001000000000000000001000000000000000000000000000001000000000000000000000000000000000000000000000000000000000000000000000100000000001000001000000000000000000100001001000000100000100000
29594,10000000000000000000000000001000000000000000001000000000000000000000000000001000000000000000000000000000000000000000000000000000000000000000000000100000000001000001000000000000000000100001001000000100000100001
29592,10000000000000000000000000001000000000000000001000000000000000000000000000001000000000000000000000000000000000000000000000000000000000000000000000100000000001000001000000000000000000100001001000000100000100010
29593,10000000000000000000000000001000000000000000001000000000000000000000000000001000000000000000000000000000000000000000000000000000000000000000000000100000000001000001000000000000000000100001001000000100000100011
29429,10000000000000000000000000001000000000000000001000000000000000000000000000001000000000000000000000000000000000000000000000000000000000000000000000100000000001000001000000000000000000100001001000000101100000000
29541,10000000000000000000000000001000000000000000001000000000000000000000000000001000000000000000000000000000000000000000000000000000000000000000000000100000000001000001000000000000000000100001001000000101100000001
28470,10000000000000000000000000001000000000000000001000000000000000000000000000001000000000000000000000000000000000000000000000000000000000000000000000100000000001000001000000000000000000100001001000000101100000100
29436,10000000000000000000000000001000000000000000001000000000000000000000000000001000000000000000000000000000000000000000000000000000000000000000000000100000000001000001000000000000000000100001001000000101100000101
28567,10000000000000000000000000001000000000000000001000000000000000000000000000001000000000000000000000000000000000000000000000000000000000000000000000100000000001000001000000000000000000100001001000000101101000100
28831,10000000000000000000000000001000000000000000001000000000000000000000000000001000000000000000000000000000000000000000000000000000000000000000000000100000000001000001000000000000000000100001001000000101101000101
29469,10000000000000000000000000001000000000000000001000000000000000000000000000001000000000000000000000000000000000000000000000000000000000000000000000100000000001000001000000000000000000100001001000000101101000110
29542,10000000000000000000000000001000000000000000001000000000000000000000000000001000000000000000000000000000000000000000000000000000000000000000000000100000000001000001000000000000000000100001001000000101101000111
30892,10000000000000000000000000001000000000000000001000000000000000000000000000001000000000000000000000000000000000000000000000000000000000000000000000100000000001000001000000000000010000000000000000000000000000000
28753,100000000000000000000000000010000000000000000010000000000000000000000000000010000000000000000000000000000000000000000000000000000000000000000000001000000000010000010000000000000000001000000000000010000000000000
29302,100000000000000000000000000010000000000000000010000000000000000000000000000010000000000000000000000000000000000000000000000000000000000000000000001000000000010000010000000000000000001000000000000010000000000001
29457,100000000000000000000000000010000000000000000010000000000000000000000000000010000000000000000000000000000000000000000000000000000000000000000000001000000000010000010000000000000000001000010010000001000001000000
29596,100000000000000000000000000010000000000000000010000000000000000000000000000010000000000000000000000000000000000000000000000000000000000000000000001000000000010000010000000000000000001000010010000001000001000001
29589,100000000000000000000000000010000000000000000010000000000000000000000000000010000000000000000000000000000000000000000000000000000000000000000000001000000000010000010000000000000000001000010010000001000001000100
29590,100000000000000000000000000010000000000000000010000000000000000000000000000010000000000000000000000000000000000000000000000000000000000000000000001000000000010000010000000000000000001000010010000001000001000110
29430,100000000000000000000000000010000000000000000010000000000000000000000000000010000000000000000000000000000000000000000000000000000000000000000000001000000000010000010000000000000000001000010010000001011000000000
29536,100000000000000000000000000010000000000000000010000000000000000000000000000010000000000000000000000000000000000000000000000000000000000000000000001000000000010000010000000000000000001000010010000001011000000001
28471,100000000000000000000000000010000000000000000010000000000000000000000000000010000000000000000000000000000000000000000000000000000000000000000000001000000000010000010000000000000000001000010010000001011000001010
29437,100000000000000000000000000010000000000000000010000000000000000000000000000010000000000000000000000000000000000000000000000000000000000000000000001000000000010000010000000000000000001000010010000001011000001011
28568,100000000000000000000000000010000000000000000010000000000000000000000000000010000000000000000000000000000000000000000000000000000000000000000000001000000000010000010000000000000000001000010010000001011010001000
28566,100000000000000000000000000010000000000000000010000000000000000000000000000010000000000000000000000000000000000000000000000000000000000000000000001000000000010000010000000000000000001000010010000001011010001100
29470,100000000000000000000000000010000000000000000010000000000000000000000000000010000000000000000000000000000000000000000000000000000000000000000000001000000000010000010000000000000000001000010010000001011010001101
29568,100000000000000000000000000010000000000000000010000000000000000000000000000010000000000000000000000000000000000000000000000000000000000000000000001000000000010000010000000000000000001000010010000001011010001110
29569,100000000000000000000000000010000000000000000010000000000000000000000000000010000000000000000000000000000000000000000000000000000000000000000000001000000000010000010000000000000000001000010010000001011010001111
30893,100000000000000000000000000010000000000000000010000000000000000000000000000010000000000000000000000000000000000000000000000000000000000000000000001000000000010000010000000000000100000000000000000000000000000000
31360,100000000000000000000000000010000000000000000010000000000000000000000000000010000000000000000000000000000000000000000000000000000000000000000000001000000000010000010000000000000100000000000000000000000000000001
28754,1000000000000000000000000000100000000000000000100000000000000000000000000000100000000000000000000000000000000000000000000000000000000000000000000010000000000100000100000000000000000010000000000000100000000000000
29305,1000000000000000000000000000100000000000000000100000000000000000000000000000100000000000000000000000000000000000000000000000000000000000000000000010000000000100000100000000000000000010000000000000100000000000001
29307,1000000000000000000000000000100000000000000000100000000000000000000000000000100000000000000000000000000000000000000000000000000000000000000000000010000000000100000100000000000000000010000000000000100000000000010
29458,1000000000000000000000000000100000000000000000100000000000000000000000000000100000000000000000000000000000000000000000000000000000000000000000000010000000000100000100000000000000000010000100100000010000010000000
29595,1000000000000000000000000000100000000000000000100000000000000000000000000000100000000000000000000000000000000000000000000000000000000000000000000010000000000100000100000000000000000010000100100000010000010000001
28462,1000000000000000000000000000100000000000000000100000000000000000000000000000100000000000000000000000000000000000000000000000000000000000000000000010000000000100000100000000000000000010000100100000010000010001000
29586,1000000000000000000000000000100000000000000000100000000000000000000000000000100000000000000000000000000000000000000000000000000000000000000000000010000000000100000100000000000000000010000100100000010000010001001
29431,1000000000000000000000000000100000000000000000100000000000000000000000000000100000000000000000000000000000000000000000000000000000000000000000000010000000000100000100000000000000000010000100100000010110000000000
29433,1000000000000000000000000000100000000000000000100000000000000000000000000000100000000000000000000000000000000000000000000000000000000000000000000010000000000100000100000000000000000010000100100000010110000000001
28469,1000000000000000000000000000100000000000000000100000000000000000000000000000100000000000000000000000000000000000000000000000000000000000000000000010000000000100000100000000000000000010000100100000010110000000010
28472,1000000000000000000000000000100000000000000000100000000000000000000000000000100000000000000000000000000000000000000000000000000000000000000000000010000000000100000100000000000000000010000100100000010110000010110
29438,1000000000000000000000000000100000000000000000100000000000000000000000000000100000000000000000000000000000000000000000000000000000000000000000000010000000000100000100000000000000000010000100100000010110000010111
29471,1000000000000000000000000000100000000000000000100000000000000000000000000000100000000000000000000000000000000000000000000000000000000000000000000010000000000100000100000000000000000010000100100000010110100011010
29544,1000000000000000000000000000100000000000000000100000000000000000000000000000100000000000000000000000000000000000000000000000000000000000000000000010000000000100000100000000000000000010000100100000010110100011011
30894,1000000000000000000000000000100000000000000000100000000000000000000000000000100000000000000000000000000000000000000000000000000000000000000000000010000000000100000100000000000001000000000000000000000000000000000
31361,1000000000000000000000000000100000000000000000100000000000000000000000000000100000000000000000000000000000000000000000000000000000000000000000000010000000000100000100000000000001000000000000000000000000000000010
28755,10000000000000000000000000001000000000000000001000000000000000000000000000001000000000000000000000000000000000000000000000000000000000000000000000100000000001000001000000000000000000100000000000001000000000000000
29303,10000000000000000000000000001000000000000000001000000000000000000000000000001000000000000000000000000000000000000000000000000000000000000000000000100000000001000001000000000000000000100000000000001000000000000001
29587,10000000000000000000000000001000000000000000001000000000000000000000000000001000000000000000000000000000000000000000000000000000000000000000000000100000000001000001000000000000000000100001001000000100000100010010
29432,10000000000000000000000000001000000000000000001000000000000000000000000000001000000000000000000000000000000000000000000000000000000000000000000000100000000001000001000000000000000000100001001000000101100000000000
29535,10000000000000000000000000001000000000000000001000000000000000000000000000001000000000000000000000000000000000000000000000000000000000000000000000100000000001000001000000000000000000100001001000000101100000000001
28467,10000000000000000000000000001000000000000000001000000000000000000000000000001000000000000000000000000000000000000000000000000000000000000000000000100000000001000001000000000000000000100001001000000101100000101110
29439,10000000000000000000000000001000000000000000001000000000000000000000000000001000000000000000000000000000000000000000000000000000000000000000000000100000000001000001000000000000000000100001001000000101100000101111
28830,10000000000000000000000000001000000000000000001000000000000000000000000000001000000000000000000000000000000000000000000000000000000000000000000000100000000001000001000000000000000000100001001000000101101000110100
29472,10000000000000000000000000001000000000000000001000000000000000000000000000001000000000000000000000000000000000000000000000000000000000000000000000100000000001000001000000000000000000100001001000000101101000110101
30895,10000000000000000000000000001000000000000000001000000000000000000000000000001000000000000000000000000000000000000000000000000000000000000000000000100000000001000001000000000000010000000000000000000000000000000000
31592,10000000000000000000000000001000000000000000001000000000000000000000000000001000000000000000000000000000000000000000000000000000000000000000000000100000000001000001000000000000010000000000000000000000000000000100
28756,100000000000000000000000000010000000000000000010000000000000000000000000000010000000000000000000000000000000000000000000000000000000000000000000001000000000010000010000000000000000001000000000000010000000000000000
29308,100000000000000000000000000010000000000000000010000000000000000000000000000010000000000000000000000000000000000000000000000000000000000000000000001000000000010000010000000000000000001000000000000010000000000000001
29588,100000000000000000000000000010000000000000000010000000000000000000000000000010000000000000000000000000000000000000000000000000000000000000000000001000000000010000010000000000000000001000010010000001000001000100100
28464,100000000000000000000000000010000000000000000010000000000000000000000000000010000000000000000000000000000000000000000000000000000000000000000000001000000000010000010000000000000000001000010010000001011000001011110
29440,100000000000000000000000000010000000000000000010000000000000000000000000000010000000000000000000000000000000000000000000000000000000000000000000001000000000010000010000000000000000001000010010000001011000001011111
30896,100000000000000000000000000010000000000000000010000000000000000000000000000010000000000000000000000000000000000000000000000000000000000000000000001000000000010000010000000000000100000000000000000000000000000000000
31627,100000000000000000000000000010000000000000000010000000000000000000000000000010000000000000000000000000000000000000000000000000000000000000000000001000000000010000010000000000000100000000000000000000000000000000001
31345,100000000000000000000000000010000000000000000010000000000000000000000000000010000000000000000000000000000000000000000000000000000000000000000000001000000000010000010000000000000100000000000000000000000000000001000
31392,100000000000000000000000000010000000000000000010000000000000000000000000000010000000000000000000000000000000000000000000000000000000000000000000001000000000010000010000000000000100000000000000000000000000000001001
28757,1000000000000000000000000000100000000000000000100000000000000000000000000000100000000000000000000000000000000000000000000000000000000000000000000010000000000100000100000000000000000010000000000000100000000000000000
29354,1000000000000000000000000000100000000000000000100000000000000000000000000000100000000000000000000000000000000000000000000000000000000000000000000010000000000100000100000000000000000010000000000000100000000000000001
28463,1000000000000000000000000000100000000000000000100000000000000000000000000000100000000000000000000000000000000000000000000000000000000000000000000010000000000100000100000000000000000010000100100000010110000010111100
28466,1000000000000000000000000000100000000000000000100000000000000000000000000000100000000000000000000000000000000000000000000000000000000000000000000010000000000100000100000000000000000010000100100000010110000010111101
28465,1000000000000000000000000000100000000000000000100000000000000000000000000000100000000000000000000000000000000000000000000000000000000000000000000010000000000100000100000000000000000010000100100000010110000010111110
29441,1000000000000000000000000000100000000000000000100000000000000000000000000000100000000000000000000000000000000000000000000000000000000000000000000010000000000100000100000000000000000010000100100000010110000010111111
30897,1000000000000000000000000000100000000000000000100000000000000000000000000000100000000000000000000000000000000000000000000000000000000000000000000010000000000100000100000000000001000000000000000000000000000000000000
31362,1000000000000000000000000000100000000000000000100000000000000000000000000000100000000000000000000000000000000000000000000000000000000000000000000010000000000100000100000000000001000000000000000000000000000000000001
31388,1000000000000000000000000000100000000000000000100000000000000000000000000000100000000000000000000000000000000000000000000000000000000000000000000010000000000100000100000000000001000000000000000000000000000000000010
31389,1000000000000000000000000000100000000000000000100000000000000000000000000000100000000000000000000000000000000000000000000000000000000000000000000010000000000100000100000000000001000000000000000000000000000000010000
31391,1000000000000000000000000000100000000000000000100000000000000000000000000000100000000000000000000000000000000000000000000000000000000000000000000010000000000100000100000000000001000000000000000000000000000000010001
28758,10000000000000000000000000001000000000000000001000000000000000000000000000001000000000000000000000000000000000000000000000000000000000000000000000100000000001000001000000000000000000100000000000001000000000000000000
29171,10000000000000000000000000001000000000000000001000000000000000000000000000001000000000000000000000000000000000000000000000000000000000000000000000100000000001000001000000000000000000100000000000001000000000000000001
28517,10000000000000000000000000001000000000000000001000000000000000000000000000001000000000000000000000000000000000000000000000000000000000000000000000100000000001000001000000000000000000100000000000001000000000000000010
28519,10000000000000000000000000001000000000000000001000000000000000000000000000001000000000000000000000000000000000000000000000000000000000000000000000100000000001000001000000000000000000100000000000001000000000000000011
28468,10000000000000000000000000001000000000000000001000000000000000000000000000001000000000000000000000000000000000000000000000000000000000000000000000100000000001000001000000000000000000100001001000000101100000101111110
29442,10000000000000000000000000001000000000000000001000000000000000000000000000001000000000000000000000000000000000000000000000000000000000000000000000100000000001000001000000000000000000100001001000000101100000101111111
30898,10000000000000000000000000001000000000000000001000000000000000000000000000001000000000000000000000000000000000000000000000000000000000000000000000100000000001000001000000000000010000000000000000000000000000000000000
31385,10000000000000000000000000001000000000000000001000000000000000000000000000001000000000000000000000000000000000000000000000000000000000000000000000100000000001000001000000000000010000000000000000000000000000000000010
31386,10000000000000000000000000001000000000000000001000000000000000000000000000001000000000000000000000000000000000000000000000000000000000000000000000100000000001000001000000000000010000000000000000000000000000000100000
31387,10000000000000000000000000001000000000000000001000000000000000000000000000001000000000000000000000000000000000000000000000000000000000000000000000100000000001000001000000000000010000000000000000000000000000000100001
28759,100000000000000000000000000010000000000000000010000000000000000000000000000010000000000000000000000000000000000000000000000000000000000000000000001000000000010000010000000000000000001000000000000010000000000000000000
29173,100000000000000000000000000010000000000000000010000000000000000000000000000010000000000000000000000000000000000000000000000000000000000000000000001000000000010000010000000000000000001000000000000010000000000000000001
29159,100000000000000000000000000010000000000000000010000000000000000000000000000010000000000000000000000000000000000000000000000000000000000000000000001000000000010000010000000000000000001000000000000010000000000000000100
29376,100000000000000000000000000010000000000000000010000000000000000000000000000010000000000000000000000000000000000000000000000000000000000000000000001000000000010000010000000000000000001000000000000010000000000000000101
28521,100000000000000000000000000010000000000000000010000000000000000000000000000010000000000000000000000000000000000000000000000000000000000000000000001000000000010000010000000000000000001000000000000010000000000000000110
29443,100000000000000000000000000010000000000000000010000000000000000000000000000010000000000000000000000000000000000000000000000000000000000000000000001000000000010000010000000000000000001000010010000001011000001011111110
29446,100000000000000000000000000010000000000000000010000000000000000000000000000010000000000000000000000000000000000000000000000000000000000000000000001000000000010000010000000000000000001000010010000001011000001011111111
30899,100000000000000000000000000010000000000000000010000000000000000000000000000010000000000000000000000000000000000000000000000000000000000000000000001000000000010000010000000000000100000000000000000000000000000000000000
31363,100000000000000000000000000010000000000000000010000000000000000000000000000010000000000000000000000000000000000000000000000000000000000000000000001000000000010000010000000000000100000000000000000000000000000000000001
28760,1000000000000000000000000000100000000000000000100000000000000000000000000000100000000000000000000000000000000000000000000000000000000000000000000010000000000100000100000000000000000010000000000000100000000000000000000
29158,1000000000000000000000000000100000000000000000100000000000000000000000000000100000000000000000000000000000000000000000000000000000000000000000000010000000000100000100000000000000000010000000000000100000000000000000001
28688,1000000000000000000000000000100000000000000000100000000000000000000000000000100000000000000000000000000000000000000000000000000000000000000000000010000000000100000100000000000000000010000000000000100000000000000001000
28690,1000000000000000000000000000100000000000000000100000000000000000000000000000100000000000000000000000000000000000000000000000000000000000000000000010000000000100000100000000000000000010000000000000100000000000000001001
29374,1000000000000000000000000000100000000000000000100000000000000000000000000000100000000000000000000000000000000000000000000000000000000000000000000010000000000100000100000000000000000010000000000000100000000000000001010
29375,1000000000000000000000000000100000000000000000100000000000000000000000000000100000000000000000000000000000000000000000000000000000000000000000000010000000000100000100000000000000000010000000000000100000000000000001011
29444,1000000000000000000000000000100000000000000000100000000000000000000000000000100000000000000000000000000000000000000000000000000000000000000000000010000000000100000100000000000000000010000100100000010110000010111111100
29524,1000000000000000000000000000100000000000000000100000000000000000000000000000100000000000000000000000000000000000000000000000000000000000000000000010000000000100000100000000000000000010000100100000010110000010111111101
29447,1000000000000000000000000000100000000000000000100000000000000000000000000000100000000000000000000000000000000000000000000000000000000000000000000010000000000100000100000000000000000010000100100000010110000010111111110
29532,1000000000000000000000000000100000000000000000100000000000000000000000000000100000000000000000000000000000000000000000000000000000000000000000000010000000000100000100000000000000000010000100100000010110000010111111111
30900,1000000000000000000000000000100000000000000000100000000000000000000000000000100000000000000000000000000000000000000000000000000000000000000000000010000000000100000100000000000001000000000000000000000000000000000000000
31384,1000000000000000000000000000100000000000000000100000000000000000000000000000100000000000000000000000000000000000000000000000000000000000000000000010000000000100000100000000000001000000000000000000000000000000000000010
28761,10000000000000000000000000001000000000000000001000000000000000000000000000001000000000000000000000000000000000000000000000000000000000000000000000100000000001000001000000000000000000100000000000001000000000000000000000
29150,10000000000000000000000000001000000000000000001000000000000000000000000000001000000000000000000000000000000000000000000000000000000000000000000000100000000001000001000000000000000000100000000000001000000000000000000001
28607,10000000000000000000000000001000000000000000001000000000000000000000000000001000000000000000000000000000000000000000000000000000000000000000000000100000000001000001000000000000000000100000000000001000000000000000010000
29373,10000000000000000000000000001000000000000000001000000000000000000000000000001000000000000000000000000000000000000000000000000000000000000000000000100000000001000001000000000000000000100000000000001000000000000000010010
28359,10000000000000000000000000001000000000000000001000000000000000000000000000001000000000000000000000000000000000000000000000000000000000000000000000100000000001000001000000000000000000100000000000001000000000000000010110
29445,10000000000000000000000000001000000000000000001000000000000000000000000000001000000000000000000000000000000000000000000000000000000000000000000000100000000001000001000000000000000000100001001000000101100000101111111000
29528,10000000000000000000000000001000000000000000001000000000000000000000000000001000000000000000000000000000000000000000000000000000000000000000000000100000000001000001000000000000000000100001001000000101100000101111111001
29448,10000000000000000000000000001000000000000000001000000000000000000000000000001000000000000000000000000000000000000000000000000000000000000000000000100000000001000001000000000000000000100001001000000101100000101111111100
29567,10000000000000000000000000001000000000000000001000000000000000000000000000001000000000000000000000000000000000000000000000000000000000000000000000100000000001000001000000000000000000100001001000000101100000101111111101
30901,10000000000000000000000000001000000000000000001000000000000000000000000000001000000000000000000000000000000000000000000000000000000000000000000000100000000001000001000000000000010000000000000000000000000000000000000000
28762,100000000000000000000000000010000000000000000010000000000000000000000000000010000000000000000000000000000000000000000000000000000000000000000000001000000000010000010000000000000000001000000000000010000000000000000000000
29151,100000000000000000000000000010000000000000000010000000000000000000000000000010000000000000000000000000000000000000000000000000000000000000000000001000000000010000010000000000000000001000000000000010000000000000000000001
28458,100000000000000000000000000010000000000000000010000000000000000000000000000010000000000000000000000000000000000000000000000000000000000000000000001000000000010000010000000000000000001000010010000001011000001011111111000
29449,100000000000000000000000000010000000000000000010000000000000000000000000000010000000000000000000000000000000000000000000000000000000000000000000001000000000010000010000000000000000001000010010000001011000001011111111001
29521,100000000000000000000000000010000000000000000010000000000000000000000000000010000000000000000000000000000000000000000000000000000000000000000000001000000000010000010000000000000000001000010010000001011000001011111111010
29530,100000000000000000000000000010000000000000000010000000000000000000000000000010000000000000000000000000000000000000000000000000000000000000000000001000000000010000010000000000000000001000010010000001011000001011111111011
30902,100000000000000000000000000010000000000000000010000000000000000000000000000010000000000000000000000000000000000000000000000000000000000000000000001000000000010000010000000000000100000000000000000000000000000000000000000
31383,100000000000000000000000000010000000000000000010000000000000000000000000000010000000000000000000000000000000000000000000000000000000000000000000001000000000010000010000000000000100000000000000000000000000000000000000001
28763,1000000000000000000000000000100000000000000000100000000000000000000000000000100000000000000000000000000000000000000000000000000000000000000000000010000000000100000100000000000000000010000000000000100000000000000000000000
29170,1000000000000000000000000000100000000000000000100000000000000000000000000000100000000000000000000000000000000000000000000000000000000000000000000010000000000100000100000000000000000010000000000000100000000000000000000001
28459,1000000000000000000000000000100000000000000000100000000000000000000000000000100000000000000000000000000000000000000000000000000000000000000000000010000000000100000100000000000000000010000100100000010110000010111111110000
28461,1000000000000000000000000000100000000000000000100000000000000000000000000000100000000000000000000000000000000000000000000000000000000000000000000010000000000100000100000000000000000010000100100000010110000010111111110001
29450,1000000000000000000000000000100000000000000000100000000000000000000000000000100000000000000000000000000000000000000000000000000000000000000000000010000000000100000100000000000000000010000100100000010110000010111111110010
29514,1000000000000000000000000000100000000000000000100000000000000000000000000000100000000000000000000000000000000000000000000000000000000000000000000010000000000100000100000000000000000010000100100000010110000010111111110011
29529,1000000000000000000000000000100000000000000000100000000000000000000000000000100000000000000000000000000000000000000000000000000000000000000000000010000000000100000100000000000000000010000100100000010110000010111111110110
29534,1000000000000000000000000000100000000000000000100000000000000000000000000000100000000000000000000000000000000000000000000000000000000000000000000010000000000100000100000000000000000010000100100000010110000010111111110111
30903,1000000000000000000000000000100000000000000000100000000000000000000000000000100000000000000000000000000000000000000000000000000000000000000000000010000000000100000100000000000001000000000000000000000000000000000000000000
31382,1000000000000000000000000000100000000000000000100000000000000000000000000000100000000000000000000000000000000000000000000000000000000000000000000010000000000100000100000000000001000000000000000000000000000000000000000001
28764,10000000000000000000000000001000000000000000001000000000000000000000000000001000000000000000000000000000000000000000000000000000000000000000000000100000000001000001000000000000000000100000000000001000000000000000000000000
29172,10000000000000000000000000001000000000000000001000000000000000000000000000001000000000000000000000000000000000000000000000000000000000000000000000100000000001000001000000000000000000100000000000001000000000000000000000001
28460,10000000000000000000000000001000000000000000001000000000000000000000000000001000000000000000000000000000000000000000000000000000000000000000000000100000000001000001000000000000000000100001001000000101100000101111111100000
29509,10000000000000000000000000001000000000000000001000000000000000000000000000001000000000000000000000000000000000000000000000000000000000000000000000100000000001000001000000000000000000100001001000000101100000101111111100001
29511,10000000000000000000000000001000000000000000001000000000000000000000000000001000000000000000000000000000000000000000000000000000000000000000000000100000000001000001000000000000000000100001001000000101100000101111111100010
29517,10000000000000000000000000001000000000000000001000000000000000000000000000001000000000000000000000000000000000000000000000000000000000000000000000100000000001000001000000000000000000100001001000000101100000101111111100011
29451,10000000000000000000000000001000000000000000001000000000000000000000000000001000000000000000000000000000000000000000000000000000000000000000000000100000000001000001000000000000000000100001001000000101100000101111111100100
29518,10000000000000000000000000001000000000000000001000000000000000000000000000001000000000000000000000000000000000000000000000000000000000000000000000100000000001000001000000000000000000100001001000000101100000101111111100101
29525,10000000000000000000000000001000000000000000001000000000000000000000000000001000000000000000000000000000000000000000000000000000000000000000000000100000000001000001000000000000000000100001001000000101100000101111111101100
29526,10000000000000000000000000001000000000000000001000000000000000000000000000001000000000000000000000000000000000000000000000000000000000000000000000100000000001000001000000000000000000100001001000000101100000101111111101101
30782,10000000000000000000000000001000000000000000001000000000000000000000000000001000000000000000000000000000000000000000000000000000000000000000000000100000000001000001000000000000010000000000000000000000000000000000000000000
31126,10000000000000000000000000001000000000000000001000000000000000000000000000001000000000000000000000000000000000000000000000000000000000000000000000100000000001000001000000000000010000000000000000000000000000000000000000001
28409,100000000000000000000000000010000000000000000010000000000000000000000000000010000000000000000000000000000000000000000000000000000000000000000000001000000000010000010000000000000000001000000000000010000000000000000000000000
28765,100000000000000000000000000010000000000000000010000000000000000000000000000010000000000000000000000000000000000000000000000000000000000000000000001000000000010000010000000000000000001000000000000010000000000000000000000001
29317,100000000000000000000000000010000000000000000010000000000000000000000000000010000000000000000000000000000000000000000000000000000000000000000000001000000000010000010000000000000000001000010010000001011000001011111111000000
29585,100000000000000000000000000010000000000000000010000000000000000000000000000010000000000000000000000000000000000000000000000000000000000000000000001000000000010000010000000000000000001000010010000001011000001011111111000001
29510,100000000000000000000000000010000000000000000010000000000000000000000000000010000000000000000000000000000000000000000000000000000000000000000000001000000000010000010000000000000000001000010010000001011000001011111111000100
29512,100000000000000000000000000010000000000000000010000000000000000000000000000010000000000000000000000000000000000000000000000000000000000000000000001000000000010000010000000000000000001000010010000001011000001011111111000101
29452,100000000000000000000000000010000000000000000010000000000000000000000000000010000000000000000000000000000000000000000000000000000000000000000000001000000000010000010000000000000000001000010010000001011000001011111111001000
29508,100000000000000000000000000010000000000000000010000000000000000000000000000010000000000000000000000000000000000000000000000000000000000000000000001000000000010000010000000000000000001000010010000001011000001011111111001001
29527,100000000000000000000000000010000000000000000010000000000000000000000000000010000000000000000000000000000000000000000000000000000000000000000000001000000000010000010000000000000000001000010010000001011000001011111111011010
29533,100000000000000000000000000010000000000000000010000000000000000000000000000010000000000000000000000000000000000000000000000000000000000000000000001000000000010000010000000000000000001000010010000001011000001011111111011011
30783,100000000000000000000000000010000000000000000010000000000000000000000000000010000000000000000000000000000000000000000000000000000000000000000000001000000000010000010000000000000100000000000000000000000000000000000000000000
31127,100000000000000000000000000010000000000000000010000000000000000000000000000010000000000000000000000000000000000000000000000000000000000000000000001000000000010000010000000000000100000000000000000000000000000000000000000010
31343,100000000000000000000000000010000000000000000010000000000000000000000000000010000000000000000000000000000000000000000000000000000000000000000000001000000000010000010000000000000100000000000000000000000000000000000000000011
28606,1000000000000000000000000000100000000000000000100000000000000000000000000000100000000000000000000000000000000000000000000000000000000000000000000010000000000100000100000000000000000010000000000000100000000000000000000000000
29269,1000000000000000000000000000100000000000000000100000000000000000000000000000100000000000000000000000000000000000000000000000000000000000000000000010000000000100000100000000000000000010000000000000100000000000000000000000001
28766,1000000000000000000000000000100000000000000000100000000000000000000000000000100000000000000000000000000000000000000000000000000000000000000000000010000000000100000100000000000000000010000000000000100000000000000000000000010
29157,1000000000000000000000000000100000000000000000100000000000000000000000000000100000000000000000000000000000000000000000000000000000000000000000000010000000000100000100000000000000000010000000000000100000000000000000000000011
28618,1000000000000000000000000000100000000000000000100000000000000000000000000000100000000000000000000000000000000000000000000000000000000000000000000010000000000100000100000000000000000010000100100000010110000010111111110000000
29318,1000000000000000000000000000100000000000000000100000000000000000000000000000100000000000000000000000000000000000000000000000000000000000000000000010000000000100000100000000000000000010000100100000010110000010111111110000001
29513,1000000000000000000000000000100000000000000000100000000000000000000000000000100000000000000000000000000000000000000000000000000000000000000000000010000000000100000100000000000000000010000100100000010110000010111111110001010
29516,1000000000000000000000000000100000000000000000100000000000000000000000000000100000000000000000000000000000000000000000000000000000000000000000000010000000000100000100000000000000000010000100100000010110000010111111110001011
28450,1000000000000000000000000000100000000000000000100000000000000000000000000000100000000000000000000000000000000000000000000000000000000000000000000010000000000100000100000000000000000010000100100000010110000010111111110010000
29453,1000000000000000000000000000100000000000000000100000000000000000000000000000100000000000000000000000000000000000000000000000000000000000000000000010000000000100000100000000000000000010000100100000010110000010111111110010001
29522,1000000000000000000000000000100000000000000000100000000000000000000000000000100000000000000000000000000000000000000000000000000000000000000000000010000000000100000100000000000000000010000100100000010110000010111111110110100
29523,1000000000000000000000000000100000000000000000100000000000000000000000000000100000000000000000000000000000000000000000000000000000000000000000000010000000000100000100000000000000000010000100100000010110000010111111110110101
30784,1000000000000000000000000000100000000000000000100000000000000000000000000000100000000000000000000000000000000000000000000000000000000000000000000010000000000100000100000000000001000000000000000000000000000000000000000000000
31364,1000000000000000000000000000100000000000000000100000000000000000000000000000100000000000000000000000000000000000000000000000000000000000000000000010000000000100000100000000000001000000000000000000000000000000000000000000001
31128,1000000000000000000000000000100000000000000000100000000000000000000000000000100000000000000000000000000000000000000000000000000000000000000000000010000000000100000100000000000001000000000000000000000000000000000000000000100
31335,1000000000000000000000000000100000000000000000100000000000000000000000000000100000000000000000000000000000000000000000000000000000000000000000000010000000000100000100000000000001000000000000000000000000000000000000000000101
29265,10000000000000000000000000001000000000000000001000000000000000000000000000001000000000000000000000000000000000000000000000000000000000000000000000100000000001000001000000000000000000100000000000001000000000000000000000000000
29268,10000000000000000000000000001000000000000000001000000000000000000000000000001000000000000000000000000000000000000000000000000000000000000000000000100000000001000001000000000000000000100000000000001000000000000000000000000001
27447,10000000000000000000000000001000000000000000001000000000000000000000000000001000000000000000000000000000000000000000000000000000000000000000000000100000000001000001000000000000000000100000000000001000000000000000000000000010
29000,10000000000000000000000000001000000000000000001000000000000000000000000000001000000000000000000000000000000000000000000000000000000000000000000000100000000001000001000000000000000000100000000000001000000000000000000000000011
28431,10000000000000000000000000001000000000000000001000000000000000000000000000001000000000000000000000000000000000000000000000000000000000000000000000100000000001000001000000000000000000100000000000001000000000000000000000000100
29161,10000000000000000000000000001000000000000000001000000000000000000000000000001000000000000000000000000000000000000000000000000000000000000000000000100000000001000001000000000000000000100000000000001000000000000000000000000101
28619,10000000000000000000000000001000000000000000001000000000000000000000000000001000000000000000000000000000000000000000000000000000000000000000000000100000000001000001000000000000000000100001001000000101100000101111111100000000
29584,10000000000000000000000000001000000000000000001000000000000000000000000000001000000000000000000000000000000000000000000000000000000000000000000000100000000001000001000000000000000000100001001000000101100000101111111100000001
28617,10000000000000000000000000001000000000000000001000000000000000000000000000001000000000000000000000000000000000000000000000000000000000000000000000100000000001000001000000000000000000100001001000000101100000101111111100000010
29319,10000000000000000000000000001000000000000000001000000000000000000000000000001000000000000000000000000000000000000000000000000000000000000000000000100000000001000001000000000000000000100001001000000101100000101111111100000011
28451,10000000000000000000000000001000000000000000001000000000000000000000000000001000000000000000000000000000000000000000000000000000000000000000000000100000000001000001000000000000000000100001001000000101100000101111111100100000
28608,10000000000000000000000000001000000000000000001000000000000000000000000000001000000000000000000000000000000000000000000000000000000000000000000000100000000001000001000000000000000000100001001000000101100000101111111100100001
29454,10000000000000000000000000001000000000000000001000000000000000000000000000001000000000000000000000000000000000000000000000000000000000000000000000100000000001000001000000000000000000100001001000000101100000101111111100100010
29515,10000000000000000000000000001000000000000000001000000000000000000000000000001000000000000000000000000000000000000000000000000000000000000000000000100000000001000001000000000000000000100001001000000101100000101111111100100011
30785,10000000000000000000000000001000000000000000001000000000000000000000000000001000000000000000000000000000000000000000000000000000000000000000000000100000000001000001000000000000010000000000000000000000000000000000000000000000
31413,10000000000000000000000000001000000000000000001000000000000000000000000000001000000000000000000000000000000000000000000000000000000000000000000000100000000001000001000000000000010000000000000000000000000000000000000000000010
31129,10000000000000000000000000001000000000000000001000000000000000000000000000001000000000000000000000000000000000000000000000000000000000000000000000100000000001000001000000000000010000000000000000000000000000000000000000001000
31337,10000000000000000000000000001000000000000000001000000000000000000000000000001000000000000000000000000000000000000000000000000000000000000000000000100000000001000001000000000000010000000000000000000000000000000000000000001001
31334,10000000000000000000000000001000000000000000001000000000000000000000000000001000000000000000000000000000000000000000000000000000000000000000000000100000000001000001000000000000010000000000000000000000000000000000000000001010
31584,10000000000000000000000000001000000000000000001000000000000000000000000000001000000000000000000000000000000000000000000000000000000000000000000000100000000001000001000000000000010000000000000000000000000000000000000000001011
29264,100000000000000000000000000010000000000000000010000000000000000000000000000010000000000000000000000000000000000000000000000000000000000000000000001000000000010000010000000000000000001000000000000010000000000000000000000000010
29266,100000000000000000000000000010000000000000000010000000000000000000000000000010000000000000000000000000000000000000000000000000000000000000000000001000000000010000010000000000000000001000000000000010000000000000000000000000011
27445,100000000000000000000000000010000000000000000010000000000000000000000000000010000000000000000000000000000000000000000000000000000000000000000000001000000000010000010000000000000000001000000000000010000000000000000000000000100
29267,100000000000000000000000000010000000000000000010000000000000000000000000000010000000000000000000000000000000000000000000000000000000000000000000001000000000010000010000000000000000001000000000000010000000000000000000000000101
28432,100000000000000000000000000010000000000000000010000000000000000000000000000010000000000000000000000000000000000000000000000000000000000000000000001000000000010000010000000000000000001000000000000010000000000000000000000001000
29181,100000000000000000000000000010000000000000000010000000000000000000000000000010000000000000000000000000000000000000000000000000000000000000000000001000000000010000010000000000000000001000000000000010000000000000000000000001001
29506,100000000000000000000000000010000000000000000010000000000000000000000000000010000000000000000000000000000000000000000000000000000000000000000000001000000000010000010000000000000000001000010010000001011000001011111111000000010
29507,100000000000000000000000000010000000000000000010000000000000000000000000000010000000000000000000000000000000000000000000000000000000000000000000001000000000010000010000000000000000001000010010000001011000001011111111000000011
28610,100000000000000000000000000010000000000000000010000000000000000000000000000010000000000000000000000000000000000000000000000000000000000000000000001000000000010000010000000000000000001000010010000001011000001011111111000000110
29320,100000000000000000000000000010000000000000000010000000000000000000000000000010000000000000000000000000000000000000000000000000000000000000000000001000000000010000010000000000000000001000010010000001011000001011111111000000111
28452,100000000000000000000000000010000000000000000010000000000000000000000000000010000000000000000000000000000000000000000000000000000000000000000000001000000000010000010000000000000000001000010010000001011000001011111111001000000
29582,100000000000000000000000000010000000000000000010000000000000000000000000000010000000000000000000000000000000000000000000000000000000000000000000001000000000010000010000000000000000001000010010000001011000001011111111001000001
28609,100000000000000000000000000010000000000000000010000000000000000000000000000010000000000000000000000000000000000000000000000000000000000000000000001000000000010000010000000000000000001000010010000001011000001011111111001000100
29455,100000000000000000000000000010000000000000000010000000000000000000000000000010000000000000000000000000000000000000000000000000000000000000000000001000000000010000010000000000000000001000010010000001011000001011111111001000101
29519,100000000000000000000000000010000000000000000010000000000000000000000000000010000000000000000000000000000000000000000000000000000000000000000000001000000000010000010000000000000000001000010010000001011000001011111111001000110
29520,100000000000000000000000000010000000000000000010000000000000000000000000000010000000000000000000000000000000000000000000000000000000000000000000001000000000010000010000000000000000001000010010000001011000001011111111001000111
28628,100000000000000000000000000010000000000000000010000000000000000000000000000010000000000000000000000000000000000000000000000000000000000000000000001000000000010000010000000000000100000000000000000000000000000000000000000000000
30909,100000000000000000000000000010000000000000000010000000000000000000000000000010000000000000000000000000000000000000000000000000000000000000000000001000000000010000010000000000000100000000000000000000000000000000000000000000001
31130,100000000000000000000000000010000000000000000010000000000000000000000000000010000000000000000000000000000000000000000000000000000000000000000000001000000000010000010000000000000100000000000000000000000000000000000000000010000
31338,100000000000000000000000000010000000000000000010000000000000000000000000000010000000000000000000000000000000000000000000000000000000000000000000001000000000010000010000000000000100000000000000000000000000000000000000000010010
31339,100000000000000000000000000010000000000000000010000000000000000000000000000010000000000000000000000000000000000000000000000000000000000000000000001000000000010000010000000000000100000000000000000000000000000000000000000010011
28994,1000000000000000000000000000100000000000000000100000000000000000000000000000100000000000000000000000000000000000000000000000000000000000000000000010000000000100000100000000000000000010000000000000100000000000000000000000000100
28995,1000000000000000000000000000100000000000000000100000000000000000000000000000100000000000000000000000000000000000000000000000000000000000000000000010000000000100000100000000000000000010000000000000100000000000000000000000000101
28355,1000000000000000000000000000100000000000000000100000000000000000000000000000100000000000000000000000000000000000000000000000000000000000000000000010000000000100000100000000000000000010000000000000100000000000000000000000000110
28433,1000000000000000000000000000100000000000000000100000000000000000000000000000100000000000000000000000000000000000000000000000000000000000000000000010000000000100000100000000000000000010000000000000100000000000000000000000010000
29178,1000000000000000000000000000100000000000000000100000000000000000000000000000100000000000000000000000000000000000000000000000000000000000000000000010000000000100000100000000000000000010000000000000100000000000000000000000010001
28611,1000000000000000000000000000100000000000000000100000000000000000000000000000100000000000000000000000000000000000000000000000000000000000000000000010000000000100000100000000000000000010000100100000010110000010111111110000001110
29321,1000000000000000000000000000100000000000000000100000000000000000000000000000100000000000000000000000000000000000000000000000000000000000000000000010000000000100000100000000000000000010000100100000010110000010111111110000001111
28453,1000000000000000000000000000100000000000000000100000000000000000000000000000100000000000000000000000000000000000000000000000000000000000000000000010000000000100000100000000000000000010000100100000010110000010111111110010000000
29580,1000000000000000000000000000100000000000000000100000000000000000000000000000100000000000000000000000000000000000000000000000000000000000000000000010000000000100000100000000000000000010000100100000010110000010111111110010000001
29456,1000000000000000000000000000100000000000000000100000000000000000000000000000100000000000000000000000000000000000000000000000000000000000000000000010000000000100000100000000000000000010000100100000010110000010111111110010001010
29565,1000000000000000000000000000100000000000000000100000000000000000000000000000100000000000000000000000000000000000000000000000000000000000000000000010000000000100000100000000000000000010000100100000010110000010111111110010001011
29531,1000000000000000000000000000100000000000000000100000000000000000000000000000100000000000000000000000000000000000000000000000000000000000000000000010000000000100000100000000000000000010000100100000010110000010111111110010001110
29566,1000000000000000000000000000100000000000000000100000000000000000000000000000100000000000000000000000000000000000000000000000000000000000000000000010000000000100000100000000000000000010000100100000010110000010111111110010001111
28627,1000000000000000000000000000100000000000000000100000000000000000000000000000100000000000000000000000000000000000000000000000000000000000000000000010000000000100000100000000000001000000000000000000000000000000000000000000000000
31325,1000000000000000000000000000100000000000000000100000000000000000000000000000100000000000000000000000000000000000000000000000000000000000000000000010000000000100000100000000000001000000000000000000000000000000000000000000000001
30910,1000000000000000000000000000100000000000000000100000000000000000000000000000100000000000000000000000000000000000000000000000000000000000000000000010000000000100000100000000000001000000000000000000000000000000000000000000000010
31131,1000000000000000000000000000100000000000000000100000000000000000000000000000100000000000000000000000000000000000000000000000000000000000000000000010000000000100000100000000000001000000000000000000000000000000000000000000100000
31336,1000000000000000000000000000100000000000000000100000000000000000000000000000100000000000000000000000000000000000000000000000000000000000000000000010000000000100000100000000000001000000000000000000000000000000000000000000100001
31342,1000000000000000000000000000100000000000000000100000000000000000000000000000100000000000000000000000000000000000000000000000000000000000000000000010000000000100000100000000000001000000000000000000000000000000000000000000100100
31520,1000000000000000000000000000100000000000000000100000000000000000000000000000100000000000000000000000000000000000000000000000000000000000000000000010000000000100000100000000000001000000000000000000000000000000000000000000100101
31340,1000000000000000000000000000100000000000000000100000000000000000000000000000100000000000000000000000000000000000000000000000000000000000000000000010000000000100000100000000000001000000000000000000000000000000000000000000100110
31583,1000000000000000000000000000100000000000000000100000000000000000000000000000100000000000000000000000000000000000000000000000000000000000000000000010000000000100000100000000000001000000000000000000000000000000000000000000100111
28434,10000000000000000000000000001000000000000000001000000000000000000000000000001000000000000000000000000000000000000000000000000000000000000000000000100000000001000001000000000000000000100000000000001000000000000000000000000100000
28524,10000000000000000000000000001000000000000000001000000000000000000000000000001000000000000000000000000000000000000000000000000000000000000000000000100000000001000001000000000000000000100000000000001000000000000000000000000100001
29047,10000000000000000000000000001000000000000000001000000000000000000000000000001000000000000000000000000000000000000000000000000000000000000000000000100000000001000001000000000000000000100000000000001000000000000000000000000100010
29180,10000000000000000000000000001000000000000000001000000000000000000000000000001000000000000000000000000000000000000000000000000000000000000000000000100000000001000001000000000000000000100000000000001000000000000000000000000100011
28612,10000000000000000000000000001000000000000000001000000000000000000000000000001000000000000000000000000000000000000000000000000000000000000000000000100000000001000001000000000000000000100001001000000101100000101111111100000011100
28613,10000000000000000000000000001000000000000000001000000000000000000000000000001000000000000000000000000000000000000000000000000000000000000000000000100000000001000001000000000000000000100001001000000101100000101111111100000011101
28616,10000000000000000000000000001000000000000000001000000000000000000000000000001000000000000000000000000000000000000000000000000000000000000000000000100000000001000001000000000000000000100001001000000101100000101111111100000011110
29322,10000000000000000000000000001000000000000000001000000000000000000000000000001000000000000000000000000000000000000000000000000000000000000000000000100000000001000001000000000000000000100001001000000101100000101111111100000011111
28454,10000000000000000000000000001000000000000000001000000000000000000000000000001000000000000000000000000000000000000000000000000000000000000000000000100000000001000001000000000000000000100001001000000101100000101111111100100000000
29581,10000000000000000000000000001000000000000000001000000000000000000000000000001000000000000000000000000000000000000000000000000000000000000000000000100000000001000001000000000000000000100001001000000101100000101111111100100000001
29583,10000000000000000000000000001000000000000000001000000000000000000000000000001000000000000000000000000000000000000000000000000000000000000000000000100000000001000001000000000000000000100001001000000101100000101111111100100000010
28629,10000000000000000000000000001000000000000000001000000000000000000000000000001000000000000000000000000000000000000000000000000000000000000000000000100000000001000001000000000000010000000000000000000000000000000000000000000000000
31326,10000000000000000000000000001000000000000000001000000000000000000000000000001000000000000000000000000000000000000000000000000000000000000000000000100000000001000001000000000000010000000000000000000000000000000000000000000000010
31327,10000000000000000000000000001000000000000000001000000000000000000000000000001000000000000000000000000000000000000000000000000000000000000000000000100000000001000001000000000000010000000000000000000000000000000000000000000000011
30911,10000000000000000000000000001000000000000000001000000000000000000000000000001000000000000000000000000000000000000000000000000000000000000000000000100000000001000001000000000000010000000000000000000000000000000000000000000000100
30912,10000000000000000000000000001000000000000000001000000000000000000000000000001000000000000000000000000000000000000000000000000000000000000000000000100000000001000001000000000000010000000000000000000000000000000000000000000000101
31390,10000000000000000000000000001000000000000000001000000000000000000000000000001000000000000000000000000000000000000000000000000000000000000000000000100000000001000001000000000000010000000000000000000000000000000000000000001001000
31395,10000000000000000000000000001000000000000000001000000000000000000000000000001000000000000000000000000000000000000000000000000000000000000000000000100000000001000001000000000000010000000000000000000000000000000000000000001001001
31341,10000000000000000000000000001000000000000000001000000000000000000000000000001000000000000000000000000000000000000000000000000000000000000000000000100000000001000001000000000000010000000000000000000000000000000000000000001001100
31393,10000000000000000000000000001000000000000000001000000000000000000000000000001000000000000000000000000000000000000000000000000000000000000000000000100000000001000001000000000000010000000000000000000000000000000000000000001001110
28435,100000000000000000000000000010000000000000000010000000000000000000000000000010000000000000000000000000000000000000000000000000000000000000000000001000000000010000010000000000000000001000000000000010000000000000000000000001000000
28514,100000000000000000000000000010000000000000000010000000000000000000000000000010000000000000000000000000000000000000000000000000000000000000000000001000000000010000010000000000000000001000000000000010000000000000000000000001000001
29051,100000000000000000000000000010000000000000000010000000000000000000000000000010000000000000000000000000000000000000000000000000000000000000000000001000000000010000010000000000000000001000000000000010000000000000000000000001000110
29184,100000000000000000000000000010000000000000000010000000000000000000000000000010000000000000000000000000000000000000000000000000000000000000000000001000000000010000010000000000000000001000000000000010000000000000000000000001000111
28614,100000000000000000000000000010000000000000000010000000000000000000000000000010000000000000000000000000000000000000000000000000000000000000000000001000000000010000010000000000000000001000010010000001011000001011111111000000111000
28615,100000000000000000000000000010000000000000000010000000000000000000000000000010000000000000000000000000000000000000000000000000000000000000000000001000000000010000010000000000000000001000010010000001011000001011111111000000111001
29323,100000000000000000000000000010000000000000000010000000000000000000000000000010000000000000000000000000000000000000000000000000000000000000000000001000000000010000010000000000000000001000010010000001011000001011111111000000111110
29500,100000000000000000000000000010000000000000000010000000000000000000000000000010000000000000000000000000000000000000000000000000000000000000000000001000000000010000010000000000000000001000010010000001011000001011111111000000111111
28455,100000000000000000000000000010000000000000000010000000000000000000000000000010000000000000000000000000000000000000000000000000000000000000000000001000000000010000010000000000000000001000010010000001011000001011111111001000000000
29573,100000000000000000000000000010000000000000000010000000000000000000000000000010000000000000000000000000000000000000000000000000000000000000000000001000000000010000010000000000000000001000010010000001011000001011111111001000000001
31328,100000000000000000000000000010000000000000000010000000000000000000000000000010000000000000000000000000000000000000000000000000000000000000000000001000000000010000010000000000000100000000000000000000000000000000000000000000000110
31329,100000000000000000000000000010000000000000000010000000000000000000000000000010000000000000000000000000000000000000000000000000000000000000000000001000000000010000010000000000000100000000000000000000000000000000000000000000000111
31324,100000000000000000000000000010000000000000000010000000000000000000000000000010000000000000000000000000000000000000000000000000000000000000000000001000000000010000010000000000000100000000000000000000000000000000000000000000001000
30913,100000000000000000000000000010000000000000000010000000000000000000000000000010000000000000000000000000000000000000000000000000000000000000000000001000000000010000010000000000000100000000000000000000000000000000000000000000001010
31365,100000000000000000000000000010000000000000000010000000000000000000000000000010000000000000000000000000000000000000000000000000000000000000000000001000000000010000010000000000000100000000000000000000000000000000000000000000001011
31394,100000000000000000000000000010000000000000000010000000000000000000000000000010000000000000000000000000000000000000000000000000000000000000000000001000000000010000010000000000000100000000000000000000000000000000000000000010011100
31515,100000000000000000000000000010000000000000000010000000000000000000000000000010000000000000000000000000000000000000000000000000000000000000000000001000000000010000010000000000000100000000000000000000000000000000000000000010011101
28436,1000000000000000000000000000100000000000000000100000000000000000000000000000100000000000000000000000000000000000000000000000000000000000000000000010000000000100000100000000000000000010000000000000100000000000000000000000010000000
29162,1000000000000000000000000000100000000000000000100000000000000000000000000000100000000000000000000000000000000000000000000000000000000000000000000010000000000100000100000000000000000010000000000000100000000000000000000000010000001
29046,1000000000000000000000000000100000000000000000100000000000000000000000000000100000000000000000000000000000000000000000000000000000000000000000000010000000000100000100000000000000000010000000000000100000000000000000000000010001110
29052,1000000000000000000000000000100000000000000000100000000000000000000000000000100000000000000000000000000000000000000000000000000000000000000000000010000000000100000100000000000000000010000000000000100000000000000000000000010001111
29324,1000000000000000000000000000100000000000000000100000000000000000000000000000100000000000000000000000000000000000000000000000000000000000000000000010000000000100000100000000000000000010000100100000010110000010111111110000001111100
29502,1000000000000000000000000000100000000000000000100000000000000000000000000000100000000000000000000000000000000000000000000000000000000000000000000010000000000100000100000000000000000010000100100000010110000010111111110000001111101
28456,1000000000000000000000000000100000000000000000100000000000000000000000000000100000000000000000000000000000000000000000000000000000000000000000000010000000000100000100000000000000000010000100100000010110000010111111110010000000000
29505,1000000000000000000000000000100000000000000000100000000000000000000000000000100000000000000000000000000000000000000000000000000000000000000000000010000000000100000100000000000000000010000100100000010110000010111111110010000000001
31330,1000000000000000000000000000100000000000000000100000000000000000000000000000100000000000000000000000000000000000000000000000000000000000000000000010000000000100000100000000000001000000000000000000000000000000000000000000000001110
31332,1000000000000000000000000000100000000000000000100000000000000000000000000000100000000000000000000000000000000000000000000000000000000000000000000010000000000100000100000000000001000000000000000000000000000000000000000000000001111
30914,1000000000000000000000000000100000000000000000100000000000000000000000000000100000000000000000000000000000000000000000000000000000000000000000000010000000000100000100000000000001000000000000000000000000000000000000000000000010100
31366,1000000000000000000000000000100000000000000000100000000000000000000000000000100000000000000000000000000000000000000000000000000000000000000000000010000000000100000100000000000001000000000000000000000000000000000000000000000010101
31321,1000000000000000000000000000100000000000000000100000000000000000000000000000100000000000000000000000000000000000000000000000000000000000000000000010000000000100000100000000000001000000000000000000000000000000000000000000000010110
28437,10000000000000000000000000001000000000000000001000000000000000000000000000001000000000000000000000000000000000000000000000000000000000000000000000100000000001000001000000000000000000100000000000001000000000000000000000000100000000
29182,10000000000000000000000000001000000000000000001000000000000000000000000000001000000000000000000000000000000000000000000000000000000000000000000000100000000001000001000000000000000000100000000000001000000000000000000000000100000001
29325,10000000000000000000000000001000000000000000001000000000000000000000000000001000000000000000000000000000000000000000000000000000000000000000000000100000000001000001000000000000000000100001001000000101100000101111111100000011111000
29494,10000000000000000000000000001000000000000000001000000000000000000000000000001000000000000000000000000000000000000000000000000000000000000000000000100000000001000001000000000000000000100001001000000101100000101111111100000011111001
29501,10000000000000000000000000001000000000000000001000000000000000000000000000001000000000000000000000000000000000000000000000000000000000000000000000100000000001000001000000000000000000100001001000000101100000101111111100000011111010
29504,10000000000000000000000000001000000000000000001000000000000000000000000000001000000000000000000000000000000000000000000000000000000000000000000000100000000001000001000000000000000000100001001000000101100000101111111100000011111011
28457,10000000000000000000000000001000000000000000001000000000000000000000000000001000000000000000000000000000000000000000000000000000000000000000000000100000000001000001000000000000000000100001001000000101100000101111111100100000000000
29503,10000000000000000000000000001000000000000000001000000000000000000000000000001000000000000000000000000000000000000000000000000000000000000000000000100000000001000001000000000000000000100001001000000101100000101111111100100000000001
30915,10000000000000000000000000001000000000000000001000000000000000000000000000001000000000000000000000000000000000000000000000000000000000000000000000100000000001000001000000000000010000000000000000000000000000000000000000000000101000
30929,10000000000000000000000000001000000000000000001000000000000000000000000000001000000000000000000000000000000000000000000000000000000000000000000000100000000001000001000000000000010000000000000000000000000000000000000000000000101001
31414,10000000000000000000000000001000000000000000001000000000000000000000000000001000000000000000000000000000000000000000000000000000000000000000000000100000000001000001000000000000010000000000000000000000000000000000000000000000101010
28497,100000000000000000000000000010000000000000000010000000000000000000000000000010000000000000000000000000000000000000000000000000000000000000000000001000000000010000010000000000000000001000000000000010000000000000000000000001000000000
28956,100000000000000000000000000010000000000000000010000000000000000000000000000010000000000000000000000000000000000000000000000000000000000000000000001000000000010000010000000000000000001000000000000010000000000000000000000001000000001
29314,100000000000000000000000000010000000000000000010000000000000000000000000000010000000000000000000000000000000000000000000000000000000000000000000001000000000010000010000000000000000001000010010000001011000001011111111000000111110000
29326,100000000000000000000000000010000000000000000010000000000000000000000000000010000000000000000000000000000000000000000000000000000000000000000000001000000000010000010000000000000000001000010010000001011000001011111111000000111110001
29498,100000000000000000000000000010000000000000000010000000000000000000000000000010000000000000000000000000000000000000000000000000000000000000000000001000000000010000010000000000000000001000010010000001011000001011111111000000111110100
29499,100000000000000000000000000010000000000000000010000000000000000000000000000010000000000000000000000000000000000000000000000000000000000000000000001000000000010000010000000000000000001000010010000001011000001011111111000000111110101
30916,100000000000000000000000000010000000000000000010000000000000000000000000000010000000000000000000000000000000000000000000000000000000000000000000001000000000010000010000000000000100000000000000000000000000000000000000000000001010000
30930,100000000000000000000000000010000000000000000010000000000000000000000000000010000000000000000000000000000000000000000000000000000000000000000000001000000000010000010000000000000100000000000000000000000000000000000000000000001010010
31367,100000000000000000000000000010000000000000000010000000000000000000000000000010000000000000000000000000000000000000000000000000000000000000000000001000000000010000010000000000000100000000000000000000000000000000000000000000001010011
28498,1000000000000000000000000000100000000000000000100000000000000000000000000000100000000000000000000000000000000000000000000000000000000000000000000010000000000100000100000000000000000010000000000000100000000000000000000000010000000000
29300,1000000000000000000000000000100000000000000000100000000000000000000000000000100000000000000000000000000000000000000000000000000000000000000000000010000000000100000100000000000000000010000000000000100000000000000000000000010000000001
28957,1000000000000000000000000000100000000000000000100000000000000000000000000000100000000000000000000000000000000000000000000000000000000000000000000010000000000100000100000000000000000010000000000000100000000000000000000000010000000010
29145,1000000000000000000000000000100000000000000000100000000000000000000000000000100000000000000000000000000000000000000000000000000000000000000000000010000000000100000100000000000000000010000000000000100000000000000000000000010000000011
29315,1000000000000000000000000000100000000000000000100000000000000000000000000000100000000000000000000000000000000000000000000000000000000000000000000010000000000100000100000000000000000010000100100000010110000010111111110000001111100000
29490,1000000000000000000000000000100000000000000000100000000000000000000000000000100000000000000000000000000000000000000000000000000000000000000000000010000000000100000100000000000000000010000100100000010110000010111111110000001111100001
29327,1000000000000000000000000000100000000000000000100000000000000000000000000000100000000000000000000000000000000000000000000000000000000000000000000010000000000100000100000000000000000010000100100000010110000010111111110000001111100010
29492,1000000000000000000000000000100000000000000000100000000000000000000000000000100000000000000000000000000000000000000000000000000000000000000000000010000000000100000100000000000000000010000100100000010110000010111111110000001111100011
30917,1000000000000000000000000000100000000000000000100000000000000000000000000000100000000000000000000000000000000000000000000000000000000000000000000010000000000100000100000000000001000000000000000000000000000000000000000000000010100000
30931,1000000000000000000000000000100000000000000000100000000000000000000000000000100000000000000000000000000000000000000000000000000000000000000000000010000000000100000100000000000001000000000000000000000000000000000000000000000010100100
31318,1000000000000000000000000000100000000000000000100000000000000000000000000000100000000000000000000000000000000000000000000000000000000000000000000010000000000100000100000000000001000000000000000000000000000000000000000000000010100110
28499,10000000000000000000000000001000000000000000001000000000000000000000000000001000000000000000000000000000000000000000000000000000000000000000000000100000000001000001000000000000000000100000000000001000000000000000000000000100000000000
28773,10000000000000000000000000001000000000000000001000000000000000000000000000001000000000000000000000000000000000000000000000000000000000000000000000100000000001000001000000000000000000100000000000001000000000000000000000000100000000001
28685,10000000000000000000000000001000000000000000001000000000000000000000000000001000000000000000000000000000000000000000000000000000000000000000000000100000000001000001000000000000000000100000000000001000000000000000000000000100000000100
28958,10000000000000000000000000001000000000000000001000000000000000000000000000001000000000000000000000000000000000000000000000000000000000000000000000100000000001000001000000000000000000100000000000001000000000000000000000000100000000101
29316,10000000000000000000000000001000000000000000001000000000000000000000000000001000000000000000000000000000000000000000000000000000000000000000000000100000000001000001000000000000000000100001001000000101100000101111111100000011111000000
29488,10000000000000000000000000001000000000000000001000000000000000000000000000001000000000000000000000000000000000000000000000000000000000000000000000100000000001000001000000000000000000100001001000000101100000101111111100000011111000001
29328,10000000000000000000000000001000000000000000001000000000000000000000000000001000000000000000000000000000000000000000000000000000000000000000000000100000000001000001000000000000000000100001001000000101100000101111111100000011111000100
29497,10000000000000000000000000001000000000000000001000000000000000000000000000001000000000000000000000000000000000000000000000000000000000000000000000100000000001000001000000000000000000100001001000000101100000101111111100000011111000101
29483,10000000000000000000000000001000000000000000001000000000000000000000000000001000000000000000000000000000000000000000000000000000000000000000000000100000000001000001000000000000000000100001001000000101100000101111111100000011111000110
29484,10000000000000000000000000001000000000000000001000000000000000000000000000001000000000000000000000000000000000000000000000000000000000000000000000100000000001000001000000000000000000100001001000000101100000101111111100000011111000111
29712,10000000000000000000000000001000000000000000001000000000000000000000000000001000000000000000000000000000000000000000000000000000000000000000000000100000000001000001000000000000010000000000000000000000000000000000000000000000101000000
30918,10000000000000000000000000001000000000000000001000000000000000000000000000001000000000000000000000000000000000000000000000000000000000000000000000100000000001000001000000000000010000000000000000000000000000000000000000000000101000001
30932,10000000000000000000000000001000000000000000001000000000000000000000000000001000000000000000000000000000000000000000000000000000000000000000000000100000000001000001000000000000010000000000000000000000000000000000000000000000101001000
28500,100000000000000000000000000010000000000000000010000000000000000000000000000010000000000000000000000000000000000000000000000000000000000000000000001000000000010000010000000000000000001000000000000010000000000000000000000001000000000000
29116,100000000000000000000000000010000000000000000010000000000000000000000000000010000000000000000000000000000000000000000000000000000000000000000000001000000000010000010000000000000000001000000000000010000000000000000000000001000000000001
28774,100000000000000000000000000010000000000000000010000000000000000000000000000010000000000000000000000000000000000000000000000000000000000000000000001000000000010000010000000000000000001000000000000010000000000000000000000001000000000010
28926,100000000000000000000000000010000000000000000010000000000000000000000000000010000000000000000000000000000000000000000000000000000000000000000000001000000000010000010000000000000000001000000000000010000000000000000000000001000000000011
27448,100000000000000000000000000010000000000000000010000000000000000000000000000010000000000000000000000000000000000000000000000000000000000000000000001000000000010000010000000000000000001000000000000010000000000000000000000001000000001010
28959,100000000000000000000000000010000000000000000010000000000000000000000000000010000000000000000000000000000000000000000000000000000000000000000000001000000000010000010000000000000000001000000000000010000000000000000000000001000000001011
29349,100000000000000000000000000010000000000000000010000000000000000000000000000010000000000000000000000000000000000000000000000000000000000000000000001000000000010000010000000000000000001000010010000001011000001011111111000000111110000000
29477,100000000000000000000000000010000000000000000010000000000000000000000000000010000000000000000000000000000000000000000000000000000000000000000000001000000000010000010000000000000000001000010010000001011000001011111111000000111110000001
29329,100000000000000000000000000010000000000000000010000000000000000000000000000010000000000000000000000000000000000000000000000000000000000000000000001000000000010000010000000000000000001000010010000001011000001011111111000000111110001000
29481,100000000000000000000000000010000000000000000010000000000000000000000000000010000000000000000000000000000000000000000000000000000000000000000000001000000000010000010000000000000000001000010010000001011000001011111111000000111110001100
29482,100000000000000000000000000010000000000000000010000000000000000000000000000010000000000000000000000000000000000000000000000000000000000000000000001000000000010000010000000000000000001000010010000001011000001011111111000000111110001101
29713,100000000000000000000000000010000000000000000010000000000000000000000000000010000000000000000000000000000000000000000000000000000000000000000000001000000000010000010000000000000100000000000000000000000000000000000000000000001010000000
31333,100000000000000000000000000010000000000000000010000000000000000000000000000010000000000000000000000000000000000000000000000000000000000000000000001000000000010000010000000000000100000000000000000000000000000000000000000000001010000001
30919,100000000000000000000000000010000000000000000010000000000000000000000000000010000000000000000000000000000000000000000000000000000000000000000000001000000000010000010000000000000100000000000000000000000000000000000000000000001010000010
30933,100000000000000000000000000010000000000000000010000000000000000000000000000010000000000000000000000000000000000000000000000000000000000000000000001000000000010000010000000000000100000000000000000000000000000000000000000000001010010000
31368,100000000000000000000000000010000000000000000010000000000000000000000000000010000000000000000000000000000000000000000000000000000000000000000000001000000000010000010000000000000100000000000000000000000000000000000000000000001010010001
28501,1000000000000000000000000000100000000000000000100000000000000000000000000000100000000000000000000000000000000000000000000000000000000000000000000010000000000100000100000000000000000010000000000000100000000000000000000000010000000000000
29179,1000000000000000000000000000100000000000000000100000000000000000000000000000100000000000000000000000000000000000000000000000000000000000000000000010000000000100000100000000000000000010000000000000100000000000000000000000010000000000001
29117,1000000000000000000000000000100000000000000000100000000000000000000000000000100000000000000000000000000000000000000000000000000000000000000000000010000000000100000100000000000000000010000000000000100000000000000000000000010000000000010
29174,1000000000000000000000000000100000000000000000100000000000000000000000000000100000000000000000000000000000000000000000000000000000000000000000000010000000000100000100000000000000000010000000000000100000000000000000000000010000000000011
28775,1000000000000000000000000000100000000000000000100000000000000000000000000000100000000000000000000000000000000000000000000000000000000000000000000010000000000100000100000000000000000010000000000000100000000000000000000000010000000000100
29191,1000000000000000000000000000100000000000000000100000000000000000000000000000100000000000000000000000000000000000000000000000000000000000000000000010000000000100000100000000000000000010000000000000100000000000000000000000010000000000101
28927,1000000000000000000000000000100000000000000000100000000000000000000000000000100000000000000000000000000000000000000000000000000000000000000000000010000000000100000100000000000000000010000000000000100000000000000000000000010000000000110
29299,1000000000000000000000000000100000000000000000100000000000000000000000000000100000000000000000000000000000000000000000000000000000000000000000000010000000000100000100000000000000000010000000000000100000000000000000000000010000000000111
27446,1000000000000000000000000000100000000000000000100000000000000000000000000000100000000000000000000000000000000000000000000000000000000000000000000010000000000100000100000000000000000010000000000000100000000000000000000000010000000010110
28960,1000000000000000000000000000100000000000000000100000000000000000000000000000100000000000000000000000000000000000000000000000000000000000000000000010000000000100000100000000000000000010000000000000100000000000000000000000010000000010111
29350,1000000000000000000000000000100000000000000000100000000000000000000000000000100000000000000000000000000000000000000000000000000000000000000000000010000000000100000100000000000000000010000100100000010110000010111111110000001111100000000
29575,1000000000000000000000000000100000000000000000100000000000000000000000000000100000000000000000000000000000000000000000000000000000000000000000000010000000000100000100000000000000000010000100100000010110000010111111110000001111100000001
29330,1000000000000000000000000000100000000000000000100000000000000000000000000000100000000000000000000000000000000000000000000000000000000000000000000010000000000100000100000000000000000010000100100000010110000010111111110000001111100010000
29491,1000000000000000000000000000100000000000000000100000000000000000000000000000100000000000000000000000000000000000000000000000000000000000000000000010000000000100000100000000000000000010000100100000010110000010111111110000001111100010001
29480,1000000000000000000000000000100000000000000000100000000000000000000000000000100000000000000000000000000000000000000000000000000000000000000000000010000000000100000100000000000000000010000100100000010110000010111111110000001111100011000
29574,1000000000000000000000000000100000000000000000100000000000000000000000000000100000000000000000000000000000000000000000000000000000000000000000000010000000000100000100000000000000000010000100100000010110000010111111110000001111100011001
29714,1000000000000000000000000000100000000000000000100000000000000000000000000000100000000000000000000000000000000000000000000000000000000000000000000010000000000100000100000000000001000000000000000000000000000000000000000000000010100000000
29708,1000000000000000000000000000100000000000000000100000000000000000000000000000100000000000000000000000000000000000000000000000000000000000000000000010000000000100000100000000000001000000000000000000000000000000000000000000000010100000100
30939,1000000000000000000000000000100000000000000000100000000000000000000000000000100000000000000000000000000000000000000000000000000000000000000000000010000000000100000100000000000001000000000000000000000000000000000000000000000010100100000
30941,1000000000000000000000000000100000000000000000100000000000000000000000000000100000000000000000000000000000000000000000000000000000000000000000000010000000000100000100000000000001000000000000000000000000000000000000000000000010100100001
31511,1000000000000000000000000000100000000000000000100000000000000000000000000000100000000000000000000000000000000000000000000000000000000000000000000010000000000100000100000000000001000000000000000000000000000000000000000000000010100100010
28767,10000000000000000000000000001000000000000000001000000000000000000000000000001000000000000000000000000000000000000000000000000000000000000000000000100000000001000001000000000000000000100000000000001000000000000000000000000100000000000000
29048,10000000000000000000000000001000000000000000001000000000000000000000000000001000000000000000000000000000000000000000000000000000000000000000000000100000000001000001000000000000000000100000000000001000000000000000000000000100000000000001
29120,10000000000000000000000000001000000000000000001000000000000000000000000000001000000000000000000000000000000000000000000000000000000000000000000000100000000001000001000000000000000000100000000000001000000000000000000000000100000000000110
29185,10000000000000000000000000001000000000000000001000000000000000000000000000001000000000000000000000000000000000000000000000000000000000000000000000100000000001000001000000000000000000100000000000001000000000000000000000000100000000000111
28776,10000000000000000000000000001000000000000000001000000000000000000000000000001000000000000000000000000000000000000000000000000000000000000000000000100000000001000001000000000000000000100000000000001000000000000000000000000100000000001000
29147,10000000000000000000000000001000000000000000001000000000000000000000000000001000000000000000000000000000000000000000000000000000000000000000000000100000000001000001000000000000000000100000000000001000000000000000000000000100000000001001
28928,10000000000000000000000000001000000000000000001000000000000000000000000000001000000000000000000000000000000000000000000000000000000000000000000000100000000001000001000000000000000000100000000000001000000000000000000000000100000000001100
29298,10000000000000000000000000001000000000000000001000000000000000000000000000001000000000000000000000000000000000000000000000000000000000000000000000100000000001000001000000000000000000100000000000001000000000000000000000000100000000001101
28358,10000000000000000000000000001000000000000000001000000000000000000000000000001000000000000000000000000000000000000000000000000000000000000000000000100000000001000001000000000000000000100000000000001000000000000000000000000100000000101110
28961,10000000000000000000000000001000000000000000001000000000000000000000000000001000000000000000000000000000000000000000000000000000000000000000000000100000000001000001000000000000000000100000000000001000000000000000000000000100000000101111
29351,10000000000000000000000000001000000000000000001000000000000000000000000000001000000000000000000000000000000000000000000000000000000000000000000000100000000001000001000000000000000000100001001000000101100000101111111100000011111000000000
29475,10000000000000000000000000001000000000000000001000000000000000000000000000001000000000000000000000000000000000000000000000000000000000000000000000100000000001000001000000000000000000100001001000000101100000101111111100000011111000000001
29579,10000000000000000000000000001000000000000000001000000000000000000000000000001000000000000000000000000000000000000000000000000000000000000000000000100000000001000001000000000000000000100001001000000101100000101111111100000011111000000010
29331,10000000000000000000000000001000000000000000001000000000000000000000000000001000000000000000000000000000000000000000000000000000000000000000000000100000000001000001000000000000000000100001001000000101100000101111111100000011111000100000
29496,10000000000000000000000000001000000000000000001000000000000000000000000000001000000000000000000000000000000000000000000000000000000000000000000000100000000001000001000000000000000000100001001000000101100000101111111100000011111000100001
29476,10000000000000000000000000001000000000000000001000000000000000000000000000001000000000000000000000000000000000000000000000000000000000000000000000100000000001000001000000000000000000100001001000000101100000101111111100000011111000110010
29478,10000000000000000000000000001000000000000000001000000000000000000000000000001000000000000000000000000000000000000000000000000000000000000000000000100000000001000001000000000000000000100001001000000101100000101111111100000011111000110011
29715,10000000000000000000000000001000000000000000001000000000000000000000000000001000000000000000000000000000000000000000000000000000000000000000000000100000000001000001000000000000010000000000000000000000000000000000000000000000101000000000
31323,10000000000000000000000000001000000000000000001000000000000000000000000000001000000000000000000000000000000000000000000000000000000000000000000000100000000001000001000000000000010000000000000000000000000000000000000000000000101000000001
29709,10000000000000000000000000001000000000000000001000000000000000000000000000001000000000000000000000000000000000000000000000000000000000000000000000100000000001000001000000000000010000000000000000000000000000000000000000000000101000001000
31585,10000000000000000000000000001000000000000000001000000000000000000000000000001000000000000000000000000000000000000000000000000000000000000000000000100000000001000001000000000000010000000000000000000000000000000000000000000000101000001001
30940,10000000000000000000000000001000000000000000001000000000000000000000000000001000000000000000000000000000000000000000000000000000000000000000000000100000000001000001000000000000010000000000000000000000000000000000000000000000101001000000
31369,10000000000000000000000000001000000000000000001000000000000000000000000000001000000000000000000000000000000000000000000000000000000000000000000000100000000001000001000000000000010000000000000000000000000000000000000000000000101001000001
30942,10000000000000000000000000001000000000000000001000000000000000000000000000001000000000000000000000000000000000000000000000000000000000000000000000100000000001000001000000000000010000000000000000000000000000000000000000000000101001000010
28768,100000000000000000000000000010000000000000000010000000000000000000000000000010000000000000000000000000000000000000000000000000000000000000000000001000000000010000010000000000000000001000000000000010000000000000000000000001000000000000000
29055,100000000000000000000000000010000000000000000010000000000000000000000000000010000000000000000000000000000000000000000000000000000000000000000000001000000000010000010000000000000000001000000000000010000000000000000000000001000000000000001
29119,100000000000000000000000000010000000000000000010000000000000000000000000000010000000000000000000000000000000000000000000000000000000000000000000001000000000010000010000000000000000001000000000000010000000000000000000000001000000000001110
28777,100000000000000000000000000010000000000000000010000000000000000000000000000010000000000000000000000000000000000000000000000000000000000000000000001000000000010000010000000000000000001000000000000010000000000000000000000001000000000010000
29153,100000000000000000000000000010000000000000000010000000000000000000000000000010000000000000000000000000000000000000000000000000000000000000000000001000000000010000010000000000000000001000000000000010000000000000000000000001000000000010001
28603,100000000000000000000000000010000000000000000010000000000000000000000000000010000000000000000000000000000000000000000000000000000000000000000000001000000000010000010000000000000000001000000000000010000000000000000000000001000000000010010
29244,100000000000000000000000000010000000000000000010000000000000000000000000000010000000000000000000000000000000000000000000000000000000000000000000001000000000010000010000000000000000001000000000000010000000000000000000000001000000000010011
28929,100000000000000000000000000010000000000000000010000000000000000000000000000010000000000000000000000000000000000000000000000000000000000000000000001000000000010000010000000000000000001000000000000010000000000000000000000001000000000011000
29297,100000000000000000000000000010000000000000000010000000000000000000000000000010000000000000000000000000000000000000000000000000000000000000000000001000000000010000010000000000000000001000000000000010000000000000000000000001000000000011001
28962,100000000000000000000000000010000000000000000010000000000000000000000000000010000000000000000000000000000000000000000000000000000000000000000000001000000000010000010000000000000000001000000000000010000000000000000000000001000000001011110
28966,100000000000000000000000000010000000000000000010000000000000000000000000000010000000000000000000000000000000000000000000000000000000000000000000001000000000010000010000000000000000001000000000000010000000000000000000000001000000001011111
29334,100000000000000000000000000010000000000000000010000000000000000000000000000010000000000000000000000000000000000000000000000000000000000000000000001000000000010000010000000000000000001000010010000001011000001011111111000000111110000000000
29578,100000000000000000000000000010000000000000000010000000000000000000000000000010000000000000000000000000000000000000000000000000000000000000000000001000000000010000010000000000000000001000010010000001011000001011111111000000111110000000100
29332,100000000000000000000000000010000000000000000010000000000000000000000000000010000000000000000000000000000000000000000000000000000000000000000000001000000000010000010000000000000000001000010010000001011000001011111111000000111110001000000
29486,100000000000000000000000000010000000000000000010000000000000000000000000000010000000000000000000000000000000000000000000000000000000000000000000001000000000010000010000000000000000001000010010000001011000001011111111000000111110001000001
29716,100000000000000000000000000010000000000000000010000000000000000000000000000010000000000000000000000000000000000000000000000000000000000000000000001000000000010000010000000000000100000000000000000000000000000000000000000000001010000000000
31320,100000000000000000000000000010000000000000000010000000000000000000000000000010000000000000000000000000000000000000000000000000000000000000000000001000000000010000010000000000000100000000000000000000000000000000000000000000001010000000001
31322,100000000000000000000000000010000000000000000010000000000000000000000000000010000000000000000000000000000000000000000000000000000000000000000000001000000000010000010000000000000100000000000000000000000000000000000000000000001010000000010
31331,100000000000000000000000000010000000000000000010000000000000000000000000000010000000000000000000000000000000000000000000000000000000000000000000001000000000010000010000000000000100000000000000000000000000000000000000000000001010000000011
29710,100000000000000000000000000010000000000000000010000000000000000000000000000010000000000000000000000000000000000000000000000000000000000000000000001000000000010000010000000000000100000000000000000000000000000000000000000000001010000010000
28896,100000000000000000000000000010000000000000000010000000000000000000000000000010000000000000000000000000000000000000000000000000000000000000000000001000000000010000010000000000000100000000000000000000000000000000000000000000001010010000000
28620,100000000000000000000000000010000000000000000010000000000000000000000000000010000000000000000000000000000000000000000000000000000000000000000000001000000000010000010000000000000100000000000000000000000000000000000000000000001010010000010
30943,100000000000000000000000000010000000000000000010000000000000000000000000000010000000000000000000000000000000000000000000000000000000000000000000001000000000010000010000000000000100000000000000000000000000000000000000000000001010010000100
28769,1000000000000000000000000000100000000000000000100000000000000000000000000000100000000000000000000000000000000000000000000000000000000000000000000010000000000100000100000000000000000010000000000000100000000000000000000000010000000000000000
29054,1000000000000000000000000000100000000000000000100000000000000000000000000000100000000000000000000000000000000000000000000000000000000000000000000010000000000100000100000000000000000010000000000000100000000000000000000000010000000000000001
28438,1000000000000000000000000000100000000000000000100000000000000000000000000000100000000000000000000000000000000000000000000000000000000000000000000010000000000100000100000000000000000010000000000000100000000000000000000000010000000000100000
28778,1000000000000000000000000000100000000000000000100000000000000000000000000000100000000000000000000000000000000000000000000000000000000000000000000010000000000100000100000000000000000010000000000000100000000000000000000000010000000000100001
28930,1000000000000000000000000000100000000000000000100000000000000000000000000000100000000000000000000000000000000000000000000000000000000000000000000010000000000100000100000000000000000010000000000000100000000000000000000000010000000000110000
29292,1000000000000000000000000000100000000000000000100000000000000000000000000000100000000000000000000000000000000000000000000000000000000000000000000010000000000100000100000000000000000010000000000000100000000000000000000000010000000000110001
28963,1000000000000000000000000000100000000000000000100000000000000000000000000000100000000000000000000000000000000000000000000000000000000000000000000010000000000100000100000000000000000010000000000000100000000000000000000000010000000010111100
29270,1000000000000000000000000000100000000000000000100000000000000000000000000000100000000000000000000000000000000000000000000000000000000000000000000010000000000100000100000000000000000010000000000000100000000000000000000000010000000010111101
28356,1000000000000000000000000000100000000000000000100000000000000000000000000000100000000000000000000000000000000000000000000000000000000000000000000010000000000100000100000000000000000010000000000000100000000000000000000000010000000010111110
28967,1000000000000000000000000000100000000000000000100000000000000000000000000000100000000000000000000000000000000000000000000000000000000000000000000010000000000100000100000000000000000010000000000000100000000000000000000000010000000010111111
29335,1000000000000000000000000000100000000000000000100000000000000000000000000000100000000000000000000000000000000000000000000000000000000000000000000010000000000100000100000000000000000010000100100000010110000010111111110000001111100000000000
29576,1000000000000000000000000000100000000000000000100000000000000000000000000000100000000000000000000000000000000000000000000000000000000000000000000010000000000100000100000000000000000010000100100000010110000010111111110000001111100000000001
29333,1000000000000000000000000000100000000000000000100000000000000000000000000000100000000000000000000000000000000000000000000000000000000000000000000010000000000100000100000000000000000010000100100000010110000010111111110000001111100010000000
29493,1000000000000000000000000000100000000000000000100000000000000000000000000000100000000000000000000000000000000000000000000000000000000000000000000010000000000100000100000000000000000010000100100000010110000010111111110000001111100010000001
29717,1000000000000000000000000000100000000000000000100000000000000000000000000000100000000000000000000000000000000000000000000000000000000000000000000010000000000100000100000000000001000000000000000000000000000000000000000000000010100000000000
31319,1000000000000000000000000000100000000000000000100000000000000000000000000000100000000000000000000000000000000000000000000000000000000000000000000010000000000100000100000000000001000000000000000000000000000000000000000000000010100000000001
29711,1000000000000000000000000000100000000000000000100000000000000000000000000000100000000000000000000000000000000000000000000000000000000000000000000010000000000100000100000000000001000000000000000000000000000000000000000000000010100000100000
30904,1000000000000000000000000000100000000000000000100000000000000000000000000000100000000000000000000000000000000000000000000000000000000000000000000010000000000100000100000000000001000000000000000000000000000000000000000000000010100100000000
28621,1000000000000000000000000000100000000000000000100000000000000000000000000000100000000000000000000000000000000000000000000000000000000000000000000010000000000100000100000000000001000000000000000000000000000000000000000000000010100100000100
31317,1000000000000000000000000000100000000000000000100000000000000000000000000000100000000000000000000000000000000000000000000000000000000000000000000010000000000100000100000000000001000000000000000000000000000000000000000000000010100100000101
30934,1000000000000000000000000000100000000000000000100000000000000000000000000000100000000000000000000000000000000000000000000000000000000000000000000010000000000100000100000000000001000000000000000000000000000000000000000000000010100100001000
30944,1000000000000000000000000000100000000000000000100000000000000000000000000000100000000000000000000000000000000000000000000000000000000000000000000010000000000100000100000000000001000000000000000000000000000000000000000000000010100100001001
28770,10000000000000000000000000001000000000000000001000000000000000000000000000001000000000000000000000000000000000000000000000000000000000000000000000100000000001000001000000000000000000100000000000001000000000000000000000000100000000000000000
29261,10000000000000000000000000001000000000000000001000000000000000000000000000001000000000000000000000000000000000000000000000000000000000000000000000100000000001000001000000000000000000100000000000001000000000000000000000000100000000000000001
28779,10000000000000000000000000001000000000000000001000000000000000000000000000001000000000000000000000000000000000000000000000000000000000000000000000100000000001000001000000000000000000100000000000001000000000000000000000000100000000001000010
29175,10000000000000000000000000001000000000000000001000000000000000000000000000001000000000000000000000000000000000000000000000000000000000000000000000100000000001000001000000000000000000100000000000001000000000000000000000000100000000001000011
28931,10000000000000000000000000001000000000000000001000000000000000000000000000001000000000000000000000000000000000000000000000000000000000000000000000100000000001000001000000000000000000100000000000001000000000000000000000000100000000001100000
29296,10000000000000000000000000001000000000000000001000000000000000000000000000001000000000000000000000000000000000000000000000000000000000000000000000100000000001000001000000000000000000100000000000001000000000000000000000000100000000001100001
28353,10000000000000000000000000001000000000000000001000000000000000000000000000001000000000000000000000000000000000000000000000000000000000000000000000100000000001000001000000000000000000100000000000001000000000000000000000000100000000101111000
28964,10000000000000000000000000001000000000000000001000000000000000000000000000001000000000000000000000000000000000000000000000000000000000000000000000100000000001000001000000000000000000100000000000001000000000000000000000000100000000101111001
28968,10000000000000000000000000001000000000000000001000000000000000000000000000001000000000000000000000000000000000000000000000000000000000000000000000100000000001000001000000000000000000100000000000001000000000000000000000000100000000101111110
28999,10000000000000000000000000001000000000000000001000000000000000000000000000001000000000000000000000000000000000000000000000000000000000000000000000100000000001000001000000000000000000100000000000001000000000000000000000000100000000101111111
29336,10000000000000000000000000001000000000000000001000000000000000000000000000001000000000000000000000000000000000000000000000000000000000000000000000100000000001000001000000000000000000100001001000000101100000101111111100000011111000000000000
29474,10000000000000000000000000001000000000000000001000000000000000000000000000001000000000000000000000000000000000000000000000000000000000000000000000100000000001000001000000000000000000100001001000000101100000101111111100000011111000000000001
29577,10000000000000000000000000001000000000000000001000000000000000000000000000001000000000000000000000000000000000000000000000000000000000000000000000100000000001000001000000000000000000100001001000000101100000101111111100000011111000000000010
29309,10000000000000000000000000001000000000000000001000000000000000000000000000001000000000000000000000000000000000000000000000000000000000000000000000100000000001000001000000000000000000100001001000000101100000101111111100000011111000100000000
29485,10000000000000000000000000001000000000000000001000000000000000000000000000001000000000000000000000000000000000000000000000000000000000000000000000100000000001000001000000000000000000100001001000000101100000101111111100000011111000100000001
29718,10000000000000000000000000001000000000000000001000000000000000000000000000001000000000000000000000000000000000000000000000000000000000000000000000100000000001000001000000000000010000000000000000000000000000000000000000000000101000000000000
31316,10000000000000000000000000001000000000000000001000000000000000000000000000001000000000000000000000000000000000000000000000000000000000000000000000100000000001000001000000000000010000000000000000000000000000000000000000000000101000000000001
30905,10000000000000000000000000001000000000000000001000000000000000000000000000001000000000000000000000000000000000000000000000000000000000000000000000100000000001000001000000000000010000000000000000000000000000000000000000000000101001000000000
28624,10000000000000000000000000001000000000000000001000000000000000000000000000001000000000000000000000000000000000000000000000000000000000000000000000100000000001000001000000000000010000000000000000000000000000000000000000000000101001000001000
31412,10000000000000000000000000001000000000000000001000000000000000000000000000001000000000000000000000000000000000000000000000000000000000000000000000100000000001000001000000000000010000000000000000000000000000000000000000000000101001000001001
30935,10000000000000000000000000001000000000000000001000000000000000000000000000001000000000000000000000000000000000000000000000000000000000000000000000100000000001000001000000000000010000000000000000000000000000000000000000000000101001000010000
30945,10000000000000000000000000001000000000000000001000000000000000000000000000001000000000000000000000000000000000000000000000000000000000000000000000100000000001000001000000000000010000000000000000000000000000000000000000000000101001000010010
31642,10000000000000000000000000001000000000000000001000000000000000000000000000001000000000000000000000000000000000000000000000000000000000000000000000100000000001000001000000000000010000000000000000000000000000000000000000000000101001000010011
28771,100000000000000000000000000010000000000000000010000000000000000000000000000010000000000000000000000000000000000000000000000000000000000000000000001000000000010000010000000000000000001000000000000010000000000000000000000001000000000000000000
29057,100000000000000000000000000010000000000000000010000000000000000000000000000010000000000000000000000000000000000000000000000000000000000000000000001000000000010000010000000000000000001000000000000010000000000000000000000001000000000000000001
29263,100000000000000000000000000010000000000000000010000000000000000000000000000010000000000000000000000000000000000000000000000000000000000000000000001000000000010000010000000000000000001000000000000010000000000000000000000001000000000000000010
28780,100000000000000000000000000010000000000000000010000000000000000000000000000010000000000000000000000000000000000000000000000000000000000000000000001000000000010000010000000000000000001000000000000010000000000000000000000001000000000010000100
29155,100000000000000000000000000010000000000000000010000000000000000000000000000010000000000000000000000000000000000000000000000000000000000000000000001000000000010000010000000000000000001000000000000010000000000000000000000001000000000010000101
28440,100000000000000000000000000010000000000000000010000000000000000000000000000010000000000000000000000000000000000000000000000000000000000000000000001000000000010000010000000000000000001000000000000010000000000000000000000001000000000010000110
29189,100000000000000000000000000010000000000000000010000000000000000000000000000010000000000000000000000000000000000000000000000000000000000000000000001000000000010000010000000000000000001000000000000010000000000000000000000001000000000010000111
28932,100000000000000000000000000010000000000000000010000000000000000000000000000010000000000000000000000000000000000000000000000000000000000000000000001000000000010000010000000000000000001000000000000010000000000000000000000001000000000011000000
29293,100000000000000000000000000010000000000000000010000000000000000000000000000010000000000000000000000000000000000000000000000000000000000000000000001000000000010000010000000000000000001000000000000010000000000000000000000001000000000011000001
28997,100000000000000000000000000010000000000000000010000000000000000000000000000010000000000000000000000000000000000000000000000000000000000000000000001000000000010000010000000000000000001000000000000010000000000000000000000001000000001011110000
28965,100000000000000000000000000010000000000000000010000000000000000000000000000010000000000000000000000000000000000000000000000000000000000000000000001000000000010000010000000000000000001000000000000010000000000000000000000001000000001011110010
28998,100000000000000000000000000010000000000000000010000000000000000000000000000010000000000000000000000000000000000000000000000000000000000000000000001000000000010000010000000000000000001000000000000010000000000000000000000001000000001011110011
27908,100000000000000000000000000010000000000000000010000000000000000000000000000010000000000000000000000000000000000000000000000000000000000000000000001000000000010000010000000000000000001000000000000010000000000000000000000001000000001011111100
28969,100000000000000000000000000010000000000000000010000000000000000000000000000010000000000000000000000000000000000000000000000000000000000000000000001000000000010000010000000000000000001000000000000010000000000000000000000001000000001011111101
29337,100000000000000000000000000010000000000000000010000000000000000000000000000010000000000000000000000000000000000000000000000000000000000000000000001000000000010000010000000000000000001000010010000001011000001011111111000000111110000000000000
29473,100000000000000000000000000010000000000000000010000000000000000000000000000010000000000000000000000000000000000000000000000000000000000000000000001000000000010000010000000000000000001000010010000001011000001011111111000000111110000000000001
29310,100000000000000000000000000010000000000000000010000000000000000000000000000010000000000000000000000000000000000000000000000000000000000000000000001000000000010000010000000000000000001000010010000001011000001011111111000000111110001000000000
29495,100000000000000000000000000010000000000000000010000000000000000000000000000010000000000000000000000000000000000000000000000000000000000000000000001000000000010000010000000000000000001000010010000001011000001011111111000000111110001000000001
28626,100000000000000000000000000010000000000000000010000000000000000000000000000010000000000000000000000000000000000000000000000000000000000000000000001000000000010000010000000000000100000000000000000000000000000000000000000000001010000000000000
29719,100000000000000000000000000010000000000000000010000000000000000000000000000010000000000000000000000000000000000000000000000000000000000000000000001000000000010000010000000000000100000000000000000000000000000000000000000000001010000000000001
30906,100000000000000000000000000010000000000000000010000000000000000000000000000010000000000000000000000000000000000000000000000000000000000000000000001000000000010000010000000000000100000000000000000000000000000000000000000000001010010000000000
30936,100000000000000000000000000010000000000000000010000000000000000000000000000010000000000000000000000000000000000000000000000000000000000000000000001000000000010000010000000000000100000000000000000000000000000000000000000000001010010000100000
31586,100000000000000000000000000010000000000000000010000000000000000000000000000010000000000000000000000000000000000000000000000000000000000000000000001000000000010000010000000000000100000000000000000000000000000000000000000000001010010000100001
30946,100000000000000000000000000010000000000000000010000000000000000000000000000010000000000000000000000000000000000000000000000000000000000000000000001000000000010000010000000000000100000000000000000000000000000000000000000000001010010000100100
28772,1000000000000000000000000000100000000000000000100000000000000000000000000000100000000000000000000000000000000000000000000000000000000000000000000010000000000100000100000000000000000010000000000000100000000000000000000000010000000000000000000
29262,1000000000000000000000000000100000000000000000100000000000000000000000000000100000000000000000000000000000000000000000000000000000000000000000000010000000000100000100000000000000000010000000000000100000000000000000000000010000000000000000100
28781,1000000000000000000000000000100000000000000000100000000000000000000000000000100000000000000000000000000000000000000000000000000000000000000000000010000000000100000100000000000000000010000000000000100000000000000000000000010000000000100001000
28924,1000000000000000000000000000100000000000000000100000000000000000000000000000100000000000000000000000000000000000000000000000000000000000000000000010000000000100000100000000000000000010000000000000100000000000000000000000010000000000100001001
28933,1000000000000000000000000000100000000000000000100000000000000000000000000000100000000000000000000000000000000000000000000000000000000000000000000010000000000100000100000000000000000010000000000000100000000000000000000000010000000000110000000
29294,1000000000000000000000000000100000000000000000100000000000000000000000000000100000000000000000000000000000000000000000000000000000000000000000000010000000000100000100000000000000000010000000000000100000000000000000000000010000000000110000001
29272,1000000000000000000000000000100000000000000000100000000000000000000000000000100000000000000000000000000000000000000000000000000000000000000000000010000000000100000100000000000000000010000000000000100000000000000000000000010000000000110000010
29274,1000000000000000000000000000100000000000000000100000000000000000000000000000100000000000000000000000000000000000000000000000000000000000000000000010000000000100000100000000000000000010000000000000100000000000000000000000010000000000110000011
28970,1000000000000000000000000000100000000000000000100000000000000000000000000000100000000000000000000000000000000000000000000000000000000000000000000010000000000100000100000000000000000010000000000000100000000000000000000000010000000010111111010
28992,1000000000000000000000000000100000000000000000100000000000000000000000000000100000000000000000000000000000000000000000000000000000000000000000000010000000000100000100000000000000000010000000000000100000000000000000000000010000000010111111011
29338,1000000000000000000000000000100000000000000000100000000000000000000000000000100000000000000000000000000000000000000000000000000000000000000000000010000000000100000100000000000000000010000100100000010110000010111111110000001111100000000000000
29564,1000000000000000000000000000100000000000000000100000000000000000000000000000100000000000000000000000000000000000000000000000000000000000000000000010000000000100000100000000000000000010000100100000010110000010111111110000001111100000000000001
29311,1000000000000000000000000000100000000000000000100000000000000000000000000000100000000000000000000000000000000000000000000000000000000000000000000010000000000100000100000000000000000010000100100000010110000010111111110000001111100010000000000
29489,1000000000000000000000000000100000000000000000100000000000000000000000000000100000000000000000000000000000000000000000000000000000000000000000000010000000000100000100000000000000000010000100100000010110000010111111110000001111100010000000001
29720,1000000000000000000000000000100000000000000000100000000000000000000000000000100000000000000000000000000000000000000000000000000000000000000000000010000000000100000100000000000001000000000000000000000000000000000000000000000010100000000000010
31411,1000000000000000000000000000100000000000000000100000000000000000000000000000100000000000000000000000000000000000000000000000000000000000000000000010000000000100000100000000000001000000000000000000000000000000000000000000000010100000000000011
30471,1000000000000000000000000000100000000000000000100000000000000000000000000000100000000000000000000000000000000000000000000000000000000000000000000010000000000100000100000000000001000000000000000000000000000000000000000000000010100100000000000
30937,1000000000000000000000000000100000000000000000100000000000000000000000000000100000000000000000000000000000000000000000000000000000000000000000000010000000000100000100000000000001000000000000000000000000000000000000000000000010100100001000000
29727,1000000000000000000000000000100000000000000000100000000000000000000000000000100000000000000000000000000000000000000000000000000000000000000000000010000000000100000100000000000001000000000000000000000000000000000000000000000010100100001001000
30947,1000000000000000000000000000100000000000000000100000000000000000000000000000100000000000000000000000000000000000000000000000000000000000000000000010000000000100000100000000000001000000000000000000000000000000000000000000000010100100001001001
28782,10000000000000000000000000001000000000000000001000000000000000000000000000001000000000000000000000000000000000000000000000000000000000000000000000100000000001000001000000000000000000100000000000001000000000000000000000000100000000001000010000
29166,10000000000000000000000000001000000000000000001000000000000000000000000000001000000000000000000000000000000000000000000000000000000000000000000000100000000001000001000000000000000000100000000000001000000000000000000000000100000000001000010001
28605,10000000000000000000000000001000000000000000001000000000000000000000000000001000000000000000000000000000000000000000000000000000000000000000000000100000000001000001000000000000000000100000000000001000000000000000000000000100000000001000010010
28925,10000000000000000000000000001000000000000000001000000000000000000000000000001000000000000000000000000000000000000000000000000000000000000000000000100000000001000001000000000000000000100000000000001000000000000000000000000100000000001000010011
28934,10000000000000000000000000001000000000000000001000000000000000000000000000001000000000000000000000000000000000000000000000000000000000000000000000100000000001000001000000000000000000100000000000001000000000000000000000000100000000001100000000
29291,10000000000000000000000000001000000000000000001000000000000000000000000000001000000000000000000000000000000000000000000000000000000000000000000000100000000001000001000000000000000000100000000000001000000000000000000000000100000000001100000001
29271,10000000000000000000000000001000000000000000001000000000000000000000000000001000000000000000000000000000000000000000000000000000000000000000000000100000000001000001000000000000000000100000000000001000000000000000000000000100000000001100000100
29273,10000000000000000000000000001000000000000000001000000000000000000000000000001000000000000000000000000000000000000000000000000000000000000000000000100000000001000001000000000000000000100000000000001000000000000000000000000100000000001100000101
28971,10000000000000000000000000001000000000000000001000000000000000000000000000001000000000000000000000000000000000000000000000000000000000000000000000100000000001000001000000000000000000100000000000001000000000000000000000000100000000101111110100
28989,10000000000000000000000000001000000000000000001000000000000000000000000000001000000000000000000000000000000000000000000000000000000000000000000000100000000001000001000000000000000000100000000000001000000000000000000000000100000000101111110101
29312,10000000000000000000000000001000000000000000001000000000000000000000000000001000000000000000000000000000000000000000000000000000000000000000000000100000000001000001000000000000000000100001001000000101100000101111111100000011111000100000000000
29487,10000000000000000000000000001000000000000000001000000000000000000000000000001000000000000000000000000000000000000000000000000000000000000000000000100000000001000001000000000000000000100001001000000101100000101111111100000011111000100000000001
30920,10000000000000000000000000001000000000000000001000000000000000000000000000001000000000000000000000000000000000000000000000000000000000000000000000100000000001000001000000000000010000000000000000000000000000000000000000000000101000000000000100
31410,10000000000000000000000000001000000000000000001000000000000000000000000000001000000000000000000000000000000000000000000000000000000000000000000000100000000001000001000000000000010000000000000000000000000000000000000000000000101000000000000101
30472,10000000000000000000000000001000000000000000001000000000000000000000000000001000000000000000000000000000000000000000000000000000000000000000000000100000000001000001000000000000010000000000000000000000000000000000000000000000101001000000000000
31132,10000000000000000000000000001000000000000000001000000000000000000000000000001000000000000000000000000000000000000000000000000000000000000000000000100000000001000001000000000000010000000000000000000000000000000000000000000000101001000000000001
30938,10000000000000000000000000001000000000000000001000000000000000000000000000001000000000000000000000000000000000000000000000000000000000000000000000100000000001000001000000000000010000000000000000000000000000000000000000000000101001000010000000
30948,10000000000000000000000000001000000000000000001000000000000000000000000000001000000000000000000000000000000000000000000000000000000000000000000000100000000001000001000000000000010000000000000000000000000000000000000000000000101001000010010010
31582,10000000000000000000000000001000000000000000001000000000000000000000000000001000000000000000000000000000000000000000000000000000000000000000000000100000000001000001000000000000010000000000000000000000000000000000000000000000101001000010010011
28783,100000000000000000000000000010000000000000000010000000000000000000000000000010000000000000000000000000000000000000000000000000000000000000000000001000000000010000010000000000000000001000000000000010000000000000000000000001000000000010000100000
29160,100000000000000000000000000010000000000000000010000000000000000000000000000010000000000000000000000000000000000000000000000000000000000000000000001000000000010000010000000000000000001000000000000010000000000000000000000001000000000010000100001
28935,100000000000000000000000000010000000000000000010000000000000000000000000000010000000000000000000000000000000000000000000000000000000000000000000001000000000010000010000000000000000001000000000000010000000000000000000000001000000000011000000000
29289,100000000000000000000000000010000000000000000010000000000000000000000000000010000000000000000000000000000000000000000000000000000000000000000000001000000000010000010000000000000000001000000000000010000000000000000000000001000000000011000000001
28972,100000000000000000000000000010000000000000000010000000000000000000000000000010000000000000000000000000000000000000000000000000000000000000000000001000000000010000010000000000000000001000000000000010000000000000000000000001000000001011111101000
28986,100000000000000000000000000010000000000000000010000000000000000000000000000010000000000000000000000000000000000000000000000000000000000000000000001000000000010000010000000000000000001000000000000010000000000000000000000001000000001011111101001
29313,100000000000000000000000000010000000000000000010000000000000000000000000000010000000000000000000000000000000000000000000000000000000000000000000001000000000010000010000000000000000001000010010000001011000001011111111000000111110001000000000000
29479,100000000000000000000000000010000000000000000010000000000000000000000000000010000000000000000000000000000000000000000000000000000000000000000000001000000000010000010000000000000000001000010010000001011000001011111111000000111110001000000000001
29726,100000000000000000000000000010000000000000000010000000000000000000000000000010000000000000000000000000000000000000000000000000000000000000000000001000000000010000010000000000000100000000000000000000000000000000000000000000001010000000000001000
30921,100000000000000000000000000010000000000000000010000000000000000000000000000010000000000000000000000000000000000000000000000000000000000000000000001000000000010000010000000000000100000000000000000000000000000000000000000000001010000000000001001
30473,100000000000000000000000000010000000000000000010000000000000000000000000000010000000000000000000000000000000000000000000000000000000000000000000001000000000010000010000000000000100000000000000000000000000000000000000000000001010010000000000000
31133,100000000000000000000000000010000000000000000010000000000000000000000000000010000000000000000000000000000000000000000000000000000000000000000000001000000000010000010000000000000100000000000000000000000000000000000000000000001010010000000000010
30949,100000000000000000000000000010000000000000000010000000000000000000000000000010000000000000000000000000000000000000000000000000000000000000000000001000000000010000010000000000000100000000000000000000000000000000000000000000001010010000100100100
28784,1000000000000000000000000000100000000000000000100000000000000000000000000000100000000000000000000000000000000000000000000000000000000000000000000010000000000100000100000000000000000010000000000000100000000000000000000000010000000000100001000000
29186,1000000000000000000000000000100000000000000000100000000000000000000000000000100000000000000000000000000000000000000000000000000000000000000000000010000000000100000100000000000000000010000000000000100000000000000000000000010000000000100001000001
28936,1000000000000000000000000000100000000000000000100000000000000000000000000000100000000000000000000000000000000000000000000000000000000000000000000010000000000100000100000000000000000010000000000000100000000000000000000000010000000000110000000000
29287,1000000000000000000000000000100000000000000000100000000000000000000000000000100000000000000000000000000000000000000000000000000000000000000000000010000000000100000100000000000000000010000000000000100000000000000000000000010000000000110000000001
29290,1000000000000000000000000000100000000000000000100000000000000000000000000000100000000000000000000000000000000000000000000000000000000000000000000010000000000100000100000000000000000010000000000000100000000000000000000000010000000000110000000010
28973,1000000000000000000000000000100000000000000000100000000000000000000000000000100000000000000000000000000000000000000000000000000000000000000000000010000000000100000100000000000000000010000000000000100000000000000000000000010000000010111111010000
28984,1000000000000000000000000000100000000000000000100000000000000000000000000000100000000000000000000000000000000000000000000000000000000000000000000010000000000100000100000000000000000010000000000000100000000000000000000000010000000010111111010001
30922,1000000000000000000000000000100000000000000000100000000000000000000000000000100000000000000000000000000000000000000000000000000000000000000000000010000000000100000100000000000001000000000000000000000000000000000000000000000010100000000000010010
31568,1000000000000000000000000000100000000000000000100000000000000000000000000000100000000000000000000000000000000000000000000000000000000000000000000010000000000100000100000000000001000000000000000000000000000000000000000000000010100000000000010011
31125,1000000000000000000000000000100000000000000000100000000000000000000000000000100000000000000000000000000000000000000000000000000000000000000000000010000000000100000100000000000001000000000000000000000000000000000000000000000010100100000000000000
31134,1000000000000000000000000000100000000000000000100000000000000000000000000000100000000000000000000000000000000000000000000000000000000000000000000010000000000100000100000000000001000000000000000000000000000000000000000000000010100100000000000100
31499,1000000000000000000000000000100000000000000000100000000000000000000000000000100000000000000000000000000000000000000000000000000000000000000000000010000000000100000100000000000001000000000000000000000000000000000000000000000010100100000000000101
30950,1000000000000000000000000000100000000000000000100000000000000000000000000000100000000000000000000000000000000000000000000000000000000000000000000010000000000100000100000000000001000000000000000000000000000000000000000000000010100100001001001000
28785,10000000000000000000000000001000000000000000001000000000000000000000000000001000000000000000000000000000000000000000000000000000000000000000000000100000000001000001000000000000000000100000000000001000000000000000000000000100000000001000010000000
29163,10000000000000000000000000001000000000000000001000000000000000000000000000001000000000000000000000000000000000000000000000000000000000000000000000100000000001000001000000000000000000100000000000001000000000000000000000000100000000001000010000001
28937,10000000000000000000000000001000000000000000001000000000000000000000000000001000000000000000000000000000000000000000000000000000000000000000000000100000000001000001000000000000000000100000000000001000000000000000000000000100000000001100000000000
29283,10000000000000000000000000001000000000000000001000000000000000000000000000001000000000000000000000000000000000000000000000000000000000000000000000100000000001000001000000000000000000100000000000001000000000000000000000000100000000001100000000001
28974,10000000000000000000000000001000000000000000001000000000000000000000000000001000000000000000000000000000000000000000000000000000000000000000000000100000000001000001000000000000000000100000000000001000000000000000000000000100000000101111110100000
28982,10000000000000000000000000001000000000000000001000000000000000000000000000001000000000000000000000000000000000000000000000000000000000000000000000100000000001000001000000000000000000100000000000001000000000000000000000000100000000101111110100001
30923,10000000000000000000000000001000000000000000001000000000000000000000000000001000000000000000000000000000000000000000000000000000000000000000000000100000000001000001000000000000010000000000000000000000000000000000000000000000101000000000000100100
31579,10000000000000000000000000001000000000000000001000000000000000000000000000001000000000000000000000000000000000000000000000000000000000000000000000100000000001000001000000000000010000000000000000000000000000000000000000000000101000000000000100101
30474,10000000000000000000000000001000000000000000001000000000000000000000000000001000000000000000000000000000000000000000000000000000000000000000000000100000000001000001000000000000010000000000000000000000000000000000000000000000101001000000000000000
30601,10000000000000000000000000001000000000000000001000000000000000000000000000001000000000000000000000000000000000000000000000000000000000000000000000100000000001000001000000000000010000000000000000000000000000000000000000000000101001000000000000001
30509,10000000000000000000000000001000000000000000001000000000000000000000000000001000000000000000000000000000000000000000000000000000000000000000000000100000000001000001000000000000010000000000000000000000000000000000000000000000101001000000000001000
31135,10000000000000000000000000001000000000000000001000000000000000000000000000001000000000000000000000000000000000000000000000000000000000000000000000100000000001000001000000000000010000000000000000000000000000000000000000000000101001000000000001001
31574,10000000000000000000000000001000000000000000001000000000000000000000000000001000000000000000000000000000000000000000000000000000000000000000000000100000000001000001000000000000010000000000000000000000000000000000000000000000101001000000000001010
29723,10000000000000000000000000001000000000000000001000000000000000000000000000001000000000000000000000000000000000000000000000000000000000000000000000100000000001000001000000000000010000000000000000000000000000000000000000000000101001000010010010000
30951,10000000000000000000000000001000000000000000001000000000000000000000000000001000000000000000000000000000000000000000000000000000000000000000000000100000000001000001000000000000010000000000000000000000000000000000000000000000101001000010010010001
28786,100000000000000000000000000010000000000000000010000000000000000000000000000010000000000000000000000000000000000000000000000000000000000000000000001000000000010000010000000000000000001000000000000010000000000000000000000001000000000010000100000000
29156,100000000000000000000000000010000000000000000010000000000000000000000000000010000000000000000000000000000000000000000000000000000000000000000000001000000000010000010000000000000000001000000000000010000000000000000000000001000000000010000100000001
28442,100000000000000000000000000010000000000000000010000000000000000000000000000010000000000000000000000000000000000000000000000000000000000000000000001000000000010000010000000000000000001000000000000010000000000000000000000001000000000010000100000010
29118,100000000000000000000000000010000000000000000010000000000000000000000000000010000000000000000000000000000000000000000000000000000000000000000000001000000000010000010000000000000000001000000000000010000000000000000000000001000000000010000100000011
28938,100000000000000000000000000010000000000000000010000000000000000000000000000010000000000000000000000000000000000000000000000000000000000000000000001000000000010000010000000000000000001000000000000010000000000000000000000001000000000011000000000000
29284,100000000000000000000000000010000000000000000010000000000000000000000000000010000000000000000000000000000000000000000000000000000000000000000000001000000000010000010000000000000000001000000000000010000000000000000000000001000000000011000000000001
28975,100000000000000000000000000010000000000000000010000000000000000000000000000010000000000000000000000000000000000000000000000000000000000000000000001000000000010000010000000000000000001000000000000010000000000000000000000001000000001011111101000000
28977,100000000000000000000000000010000000000000000010000000000000000000000000000010000000000000000000000000000000000000000000000000000000000000000000001000000000010000010000000000000000001000000000000010000000000000000000000001000000001011111101000001
28625,100000000000000000000000000010000000000000000010000000000000000000000000000010000000000000000000000000000000000000000000000000000000000000000000001000000000010000010000000000000100000000000000000000000000000000000000000000001010000000000001001000
30924,100000000000000000000000000010000000000000000010000000000000000000000000000010000000000000000000000000000000000000000000000000000000000000000000001000000000010000010000000000000100000000000000000000000000000000000000000000001010000000000001001001
31580,100000000000000000000000000010000000000000000010000000000000000000000000000010000000000000000000000000000000000000000000000000000000000000000000001000000000010000010000000000000100000000000000000000000000000000000000000000001010000000000001001010
31621,100000000000000000000000000010000000000000000010000000000000000000000000000010000000000000000000000000000000000000000000000000000000000000000000001000000000010000010000000000000100000000000000000000000000000000000000000000001010010000000000000000
32834,100000000000000000000000000010000000000000000010000000000000000000000000000010000000000000000000000000000000000000000000000000000000000000000000001000000000010000010000000000000100000000000000000000000000000000000000000000001010010000000000000001
31116,100000000000000000000000000010000000000000000010000000000000000000000000000010000000000000000000000000000000000000000000000000000000000000000000001000000000010000010000000000000100000000000000000000000000000000000000000000001010010000000000000010
31622,100000000000000000000000000010000000000000000010000000000000000000000000000010000000000000000000000000000000000000000000000000000000000000000000001000000000010000010000000000000100000000000000000000000000000000000000000000001010010000000000000011
31572,100000000000000000000000000010000000000000000010000000000000000000000000000010000000000000000000000000000000000000000000000000000000000000000000001000000000010000010000000000000100000000000000000000000000000000000000000000001010010000000000010000
31136,100000000000000000000000000010000000000000000010000000000000000000000000000010000000000000000000000000000000000000000000000000000000000000000000001000000000010000010000000000000100000000000000000000000000000000000000000000001010010000000000010010
31573,100000000000000000000000000010000000000000000010000000000000000000000000000010000000000000000000000000000000000000000000000000000000000000000000001000000000010000010000000000000100000000000000000000000000000000000000000000001010010000000000010100
30952,100000000000000000000000000010000000000000000010000000000000000000000000000010000000000000000000000000000000000000000000000000000000000000000000001000000000010000010000000000000100000000000000000000000000000000000000000000001010010000100100100010
28522,1000000000000000000000000000100000000000000000100000000000000000000000000000100000000000000000000000000000000000000000000000000000000000000000000010000000000100000100000000000000000010000000000000100000000000000000000000010000000000100001000000000
28787,1000000000000000000000000000100000000000000000100000000000000000000000000000100000000000000000000000000000000000000000000000000000000000000000000010000000000100000100000000000000000010000000000000100000000000000000000000010000000000100001000000001
29177,1000000000000000000000000000100000000000000000100000000000000000000000000000100000000000000000000000000000000000000000000000000000000000000000000010000000000100000100000000000000000010000000000000100000000000000000000000010000000000100001000000110
29183,1000000000000000000000000000100000000000000000100000000000000000000000000000100000000000000000000000000000000000000000000000000000000000000000000010000000000100000100000000000000000010000000000000100000000000000000000000010000000000100001000000111
28939,1000000000000000000000000000100000000000000000100000000000000000000000000000100000000000000000000000000000000000000000000000000000000000000000000010000000000100000100000000000000000010000000000000100000000000000000000000010000000000110000000000000
29282,1000000000000000000000000000100000000000000000100000000000000000000000000000100000000000000000000000000000000000000000000000000000000000000000000010000000000100000100000000000000000010000000000000100000000000000000000000010000000000110000000000001
29285,1000000000000000000000000000100000000000000000100000000000000000000000000000100000000000000000000000000000000000000000000000000000000000000000000010000000000100000100000000000000000010000000000000100000000000000000000000010000000000110000000000010
29286,1000000000000000000000000000100000000000000000100000000000000000000000000000100000000000000000000000000000000000000000000000000000000000000000000010000000000100000100000000000000000010000000000000100000000000000000000000010000000000110000000000011
28578,1000000000000000000000000000100000000000000000100000000000000000000000000000100000000000000000000000000000000000000000000000000000000000000000000010000000000100000100000000000000000010000000000000100000000000000000000000010000000010111111010000000
29377,1000000000000000000000000000100000000000000000100000000000000000000000000000100000000000000000000000000000000000000000000000000000000000000000000010000000000100000100000000000000000010000000000000100000000000000000000000010000000010111111010000001
29725,1000000000000000000000000000100000000000000000100000000000000000000000000000100000000000000000000000000000000000000000000000000000000000000000000010000000000100000100000000000001000000000000000000000000000000000000000000000010100000000000010010010
30925,1000000000000000000000000000100000000000000000100000000000000000000000000000100000000000000000000000000000000000000000000000000000000000000000000010000000000100000100000000000001000000000000000000000000000000000000000000000010100000000000010010011
31608,1000000000000000000000000000100000000000000000100000000000000000000000000000100000000000000000000000000000000000000000000000000000000000000000000010000000000100000100000000000001000000000000000000000000000000000000000000000010100100000000000000000
30475,1000000000000000000000000000100000000000000000100000000000000000000000000000100000000000000000000000000000000000000000000000000000000000000000000010000000000100000100000000000001000000000000000000000000000000000000000000000010100100000000000000010
31619,1000000000000000000000000000100000000000000000100000000000000000000000000000100000000000000000000000000000000000000000000000000000000000000000000010000000000100000100000000000001000000000000000000000000000000000000000000000010100100000000000000011
31117,1000000000000000000000000000100000000000000000100000000000000000000000000000100000000000000000000000000000000000000000000000000000000000000000000010000000000100000100000000000001000000000000000000000000000000000000000000000010100100000000000000100
31623,1000000000000000000000000000100000000000000000100000000000000000000000000000100000000000000000000000000000000000000000000000000000000000000000000010000000000100000100000000000001000000000000000000000000000000000000000000000010100100000000000000101
31609,1000000000000000000000000000100000000000000000100000000000000000000000000000100000000000000000000000000000000000000000000000000000000000000000000010000000000100000100000000000001000000000000000000000000000000000000000000000010100100000000000000110
31355,1000000000000000000000000000100000000000000000100000000000000000000000000000100000000000000000000000000000000000000000000000000000000000000000000010000000000100000100000000000001000000000000000000000000000000000000000000000010100100000000000100000
31137,1000000000000000000000000000100000000000000000100000000000000000000000000000100000000000000000000000000000000000000000000000000000000000000000000010000000000100000100000000000001000000000000000000000000000000000000000000000010100100000000000100100
30953,1000000000000000000000000000100000000000000000100000000000000000000000000000100000000000000000000000000000000000000000000000000000000000000000000010000000000100000100000000000001000000000000000000000000000000000000000000000010100100001001001000100
31504,1000000000000000000000000000100000000000000000100000000000000000000000000000100000000000000000000000000000000000000000000000000000000000000000000010000000000100000100000000000001000000000000000000000000000000000000000000000010100100001001001000101
28788,10000000000000000000000000001000000000000000001000000000000000000000000000001000000000000000000000000000000000000000000000000000000000000000000000100000000001000001000000000000000000100000000000001000000000000000000000000100000000001000010000000010
29259,10000000000000000000000000001000000000000000001000000000000000000000000000001000000000000000000000000000000000000000000000000000000000000000000000100000000001000001000000000000000000100000000000001000000000000000000000000100000000001000010000000011
28439,10000000000000000000000000001000000000000000001000000000000000000000000000001000000000000000000000000000000000000000000000000000000000000000000000100000000001000001000000000000000000100000000000001000000000000000000000000100000000001000010000001110
28940,10000000000000000000000000001000000000000000001000000000000000000000000000001000000000000000000000000000000000000000000000000000000000000000000000100000000001000001000000000000000000100000000000001000000000000000000000000100000000001100000000000000
29281,10000000000000000000000000001000000000000000001000000000000000000000000000001000000000000000000000000000000000000000000000000000000000000000000000100000000001000001000000000000000000100000000000001000000000000000000000000100000000001100000000000001
29288,10000000000000000000000000001000000000000000001000000000000000000000000000001000000000000000000000000000000000000000000000000000000000000000000000100000000001000001000000000000000000100000000000001000000000000000000000000100000000001100000000000110
28579,10000000000000000000000000001000000000000000001000000000000000000000000000001000000000000000000000000000000000000000000000000000000000000000000000100000000001000001000000000000000000100000000000001000000000000000000000000100000000101111110100000000
28591,10000000000000000000000000001000000000000000001000000000000000000000000000001000000000000000000000000000000000000000000000000000000000000000000000100000000001000001000000000000000000100000000000001000000000000000000000000100000000101111110100000001
28595,10000000000000000000000000001000000000000000001000000000000000000000000000001000000000000000000000000000000000000000000000000000000000000000000000100000000001000001000000000000000000100000000000001000000000000000000000000100000000101111110100000010
28976,10000000000000000000000000001000000000000000001000000000000000000000000000001000000000000000000000000000000000000000000000000000000000000000000000100000000001000001000000000000000000100000000000001000000000000000000000000100000000101111110100000011
28622,10000000000000000000000000001000000000000000001000000000000000000000000000001000000000000000000000000000000000000000000000000000000000000000000000100000000001000001000000000000010000000000000000000000000000000000000000000000101000000000000100100100
28623,10000000000000000000000000001000000000000000001000000000000000000000000000001000000000000000000000000000000000000000000000000000000000000000000000100000000001000001000000000000010000000000000000000000000000000000000000000000101000000000000100100101
30926,10000000000000000000000000001000000000000000001000000000000000000000000000001000000000000000000000000000000000000000000000000000000000000000000000100000000001000001000000000000010000000000000000000000000000000000000000000000101000000000000100100110
31576,10000000000000000000000000001000000000000000001000000000000000000000000000001000000000000000000000000000000000000000000000000000000000000000000000100000000001000001000000000000010000000000000000000000000000000000000000000000101000000000000100100111
31500,10000000000000000000000000001000000000000000001000000000000000000000000000001000000000000000000000000000000000000000000000000000000000000000000000100000000001000001000000000000010000000000000000000000000000000000000000000000101001000000000000000000
30476,10000000000000000000000000001000000000000000001000000000000000000000000000001000000000000000000000000000000000000000000000000000000000000000000000100000000001000001000000000000010000000000000000000000000000000000000000000000101001000000000000000100
31620,10000000000000000000000000001000000000000000001000000000000000000000000000001000000000000000000000000000000000000000000000000000000000000000000000100000000001000001000000000000010000000000000000000000000000000000000000000000101001000000000000000101
31613,10000000000000000000000000001000000000000000001000000000000000000000000000001000000000000000000000000000000000000000000000000000000000000000000000100000000001000001000000000000010000000000000000000000000000000000000000000000101001000000000000000110
31118,10000000000000000000000000001000000000000000001000000000000000000000000000001000000000000000000000000000000000000000000000000000000000000000000000100000000001000001000000000000010000000000000000000000000000000000000000000000101001000000000000001000
31624,10000000000000000000000000001000000000000000001000000000000000000000000000001000000000000000000000000000000000000000000000000000000000000000000000100000000001000001000000000000010000000000000000000000000000000000000000000000101001000000000000001001
31610,10000000000000000000000000001000000000000000001000000000000000000000000000001000000000000000000000000000000000000000000000000000000000000000000000100000000001000001000000000000010000000000000000000000000000000000000000000000101001000000000000001010
31505,10000000000000000000000000001000000000000000001000000000000000000000000000001000000000000000000000000000000000000000000000000000000000000000000000100000000001000001000000000000010000000000000000000000000000000000000000000000101001000000000000001100
30503,10000000000000000000000000001000000000000000001000000000000000000000000000001000000000000000000000000000000000000000000000000000000000000000000000100000000001000001000000000000010000000000000000000000000000000000000000000000101001000000000001000000
31138,10000000000000000000000000001000000000000000001000000000000000000000000000001000000000000000000000000000000000000000000000000000000000000000000000100000000001000001000000000000010000000000000000000000000000000000000000000000101001000000000001001000
30954,10000000000000000000000000001000000000000000001000000000000000000000000000001000000000000000000000000000000000000000000000000000000000000000000000100000000001000001000000000000010000000000000000000000000000000000000000000000101001000010010010001000
31566,10000000000000000000000000001000000000000000001000000000000000000000000000001000000000000000000000000000000000000000000000000000000000000000000000100000000001000001000000000000010000000000000000000000000000000000000000000000101001000010010010001001
31503,10000000000000000000000000001000000000000000001000000000000000000000000000001000000000000000000000000000000000000000000000000000000000000000000000100000000001000001000000000000010000000000000000000000000000000000000000000000101001000010010010001010
31507,10000000000000000000000000001000000000000000001000000000000000000000000000001000000000000000000000000000000000000000000000000000000000000000000000100000000001000001000000000000010000000000000000000000000000000000000000000000101001000010010010001011
28789,100000000000000000000000000010000000000000000010000000000000000000000000000010000000000000000000000000000000000000000000000000000000000000000000001000000000010000010000000000000000001000000000000010000000000000000000000001000000000010000100000000100
29260,100000000000000000000000000010000000000000000010000000000000000000000000000010000000000000000000000000000000000000000000000000000000000000000000001000000000010000010000000000000000001000000000000010000000000000000000000001000000000010000100000000101
29164,100000000000000000000000000010000000000000000010000000000000000000000000000010000000000000000000000000000000000000000000000000000000000000000000001000000000010000010000000000000000001000000000000010000000000000000000000001000000000010000100000000110
29167,100000000000000000000000000010000000000000000010000000000000000000000000000010000000000000000000000000000000000000000000000000000000000000000000001000000000010000010000000000000000001000000000000010000000000000000000000001000000000010000100000000111
28444,100000000000000000000000000010000000000000000010000000000000000000000000000010000000000000000000000000000000000000000000000000000000000000000000001000000000010000010000000000000000001000000000000010000000000000000000000001000000000010000100000011100
28941,100000000000000000000000000010000000000000000010000000000000000000000000000010000000000000000000000000000000000000000000000000000000000000000000001000000000010000010000000000000000001000000000000010000000000000000000000001000000000011000000000000000
29279,100000000000000000000000000010000000000000000010000000000000000000000000000010000000000000000000000000000000000000000000000000000000000000000000001000000000010000010000000000000000001000000000000010000000000000000000000001000000000011000000000000001
29277,100000000000000000000000000010000000000000000010000000000000000000000000000010000000000000000000000000000000000000000000000000000000000000000000001000000000010000010000000000000000001000000000000010000000000000000000000001000000000011000000000000010
29278,100000000000000000000000000010000000000000000010000000000000000000000000000010000000000000000000000000000000000000000000000000000000000000000000001000000000010000010000000000000000001000000000000010000000000000000000000001000000000011000000000000011
28580,100000000000000000000000000010000000000000000010000000000000000000000000000010000000000000000000000000000000000000000000000000000000000000000000001000000000010000010000000000000000001000000000000010000000000000000000000001000000001011111101000000000
29033,100000000000000000000000000010000000000000000010000000000000000000000000000010000000000000000000000000000000000000000000000000000000000000000000001000000000010000010000000000000000001000000000000010000000000000000000000001000000001011111101000000001
28592,100000000000000000000000000010000000000000000010000000000000000000000000000010000000000000000000000000000000000000000000000000000000000000000000001000000000010000010000000000000000001000000000000010000000000000000000000001000000001011111101000000100
28597,100000000000000000000000000010000000000000000010000000000000000000000000000010000000000000000000000000000000000000000000000000000000000000000000001000000000010000010000000000000000001000000000000010000000000000000000000001000000001011111101000000101
30927,100000000000000000000000000010000000000000000010000000000000000000000000000010000000000000000000000000000000000000000000000000000000000000000000001000000000010000010000000000000100000000000000000000000000000000000000000000001010000000000001001001100
31577,100000000000000000000000000010000000000000000010000000000000000000000000000010000000000000000000000000000000000000000000000000000000000000000000001000000000010000010000000000000100000000000000000000000000000000000000000000001010000000000001001001101
31575,100000000000000000000000000010000000000000000010000000000000000000000000000010000000000000000000000000000000000000000000000000000000000000000000001000000000010000010000000000000100000000000000000000000000000000000000000000001010000000000001001001110
31502,100000000000000000000000000010000000000000000010000000000000000000000000000010000000000000000000000000000000000000000000000000000000000000000000001000000000010000010000000000000100000000000000000000000000000000000000000000001010010000000000000000000
30477,100000000000000000000000000010000000000000000010000000000000000000000000000010000000000000000000000000000000000000000000000000000000000000000000001000000000010000010000000000000100000000000000000000000000000000000000000000001010010000000000000001000
31626,100000000000000000000000000010000000000000000010000000000000000000000000000010000000000000000000000000000000000000000000000000000000000000000000001000000000010000010000000000000100000000000000000000000000000000000000000000001010010000000000000001001
31607,100000000000000000000000000010000000000000000010000000000000000000000000000010000000000000000000000000000000000000000000000000000000000000000000001000000000010000010000000000000100000000000000000000000000000000000000000000001010010000000000000001010
30508,100000000000000000000000000010000000000000000010000000000000000000000000000010000000000000000000000000000000000000000000000000000000000000000000001000000000010000010000000000000100000000000000000000000000000000000000000000001010010000000000000001100
31119,100000000000000000000000000010000000000000000010000000000000000000000000000010000000000000000000000000000000000000000000000000000000000000000000001000000000010000010000000000000100000000000000000000000000000000000000000000001010010000000000000010000
31510,100000000000000000000000000010000000000000000010000000000000000000000000000010000000000000000000000000000000000000000000000000000000000000000000001000000000010000010000000000000100000000000000000000000000000000000000000000001010010000000000000010010
31506,100000000000000000000000000010000000000000000010000000000000000000000000000010000000000000000000000000000000000000000000000000000000000000000000001000000000010000010000000000000100000000000000000000000000000000000000000000001010010000000000000010100
31409,100000000000000000000000000010000000000000000010000000000000000000000000000010000000000000000000000000000000000000000000000000000000000000000000001000000000010000010000000000000100000000000000000000000000000000000000000000001010010000000000000011000
30499,100000000000000000000000000010000000000000000010000000000000000000000000000010000000000000000000000000000000000000000000000000000000000000000000001000000000010000010000000000000100000000000000000000000000000000000000000000001010010000000000010000000
31571,100000000000000000000000000010000000000000000010000000000000000000000000000010000000000000000000000000000000000000000000000000000000000000000000001000000000010000010000000000000100000000000000000000000000000000000000000000001010010000000000010000001
31139,100000000000000000000000000010000000000000000010000000000000000000000000000010000000000000000000000000000000000000000000000000000000000000000000001000000000010000010000000000000100000000000000000000000000000000000000000000001010010000000000010010000
28884,100000000000000000000000000010000000000000000010000000000000000000000000000010000000000000000000000000000000000000000000000000000000000000000000001000000000010000010000000000000100000000000000000000000000000000000000000000001010010000100100100010000
31496,100000000000000000000000000010000000000000000010000000000000000000000000000010000000000000000000000000000000000000000000000000000000000000000000001000000000010000010000000000000100000000000000000000000000000000000000000000001010010000100100100010001
31581,100000000000000000000000000010000000000000000010000000000000000000000000000010000000000000000000000000000000000000000000000000000000000000000000001000000000010000010000000000000100000000000000000000000000000000000000000000001010010000100100100010100
31508,100000000000000000000000000010000000000000000010000000000000000000000000000010000000000000000000000000000000000000000000000000000000000000000000001000000000010000010000000000000100000000000000000000000000000000000000000000001010010000100100100010110
28684,1000000000000000000000000000100000000000000000100000000000000000000000000000100000000000000000000000000000000000000000000000000000000000000000000010000000000100000100000000000000000010000000000000100000000000000000000000010000000000100001000000001000
28790,1000000000000000000000000000100000000000000000100000000000000000000000000000100000000000000000000000000000000000000000000000000000000000000000000010000000000100000100000000000000000010000000000000100000000000000000000000010000000000100001000000001001
29245,1000000000000000000000000000100000000000000000100000000000000000000000000000100000000000000000000000000000000000000000000000000000000000000000000010000000000100000100000000000000000010000000000000100000000000000000000000010000000000100001000000001010
29176,1000000000000000000000000000100000000000000000100000000000000000000000000000100000000000000000000000000000000000000000000000000000000000000000000010000000000100000100000000000000000010000000000000100000000000000000000000010000000000100001000000001100
28520,1000000000000000000000000000100000000000000000100000000000000000000000000000100000000000000000000000000000000000000000000000000000000000000000000010000000000100000100000000000000000010000000000000100000000000000000000000010000000000100001000000001110
28445,1000000000000000000000000000100000000000000000100000000000000000000000000000100000000000000000000000000000000000000000000000000000000000000000000010000000000100000100000000000000000010000000000000100000000000000000000000010000000000100001000000111000
28942,1000000000000000000000000000100000000000000000100000000000000000000000000000100000000000000000000000000000000000000000000000000000000000000000000010000000000100000100000000000000000010000000000000100000000000000000000000010000000000110000000000000000
29295,1000000000000000000000000000100000000000000000100000000000000000000000000000100000000000000000000000000000000000000000000000000000000000000000000010000000000100000100000000000000000010000000000000100000000000000000000000010000000000110000000000000001
29275,1000000000000000000000000000100000000000000000100000000000000000000000000000100000000000000000000000000000000000000000000000000000000000000000000010000000000100000100000000000000000010000000000000100000000000000000000000010000000000110000000000000010
29276,1000000000000000000000000000100000000000000000100000000000000000000000000000100000000000000000000000000000000000000000000000000000000000000000000010000000000100000100000000000000000010000000000000100000000000000000000000010000000000110000000000000011
29378,1000000000000000000000000000100000000000000000100000000000000000000000000000100000000000000000000000000000000000000000000000000000000000000000000010000000000100000100000000000000000010000000000000100000000000000000000000010000000000110000000000000100
28581,1000000000000000000000000000100000000000000000100000000000000000000000000000100000000000000000000000000000000000000000000000000000000000000000000010000000000100000100000000000000000010000000000000100000000000000000000000010000000010111111010000000000
29203,1000000000000000000000000000100000000000000000100000000000000000000000000000100000000000000000000000000000000000000000000000000000000000000000000010000000000100000100000000000000000010000000000000100000000000000000000000010000000010111111010000000001
28404,1000000000000000000000000000100000000000000000100000000000000000000000000000100000000000000000000000000000000000000000000000000000000000000000000010000000000100000100000000000000000010000000000000100000000000000000000000010000000010111111010000000010
29138,1000000000000000000000000000100000000000000000100000000000000000000000000000100000000000000000000000000000000000000000000000000000000000000000000010000000000100000100000000000000000010000000000000100000000000000000000000010000000010111111010000000011
29141,1000000000000000000000000000100000000000000000100000000000000000000000000000100000000000000000000000000000000000000000000000000000000000000000000010000000000100000100000000000000000010000000000000100000000000000000000000010000000010111111010000001000
29142,1000000000000000000000000000100000000000000000100000000000000000000000000000100000000000000000000000000000000000000000000000000000000000000000000010000000000100000100000000000000000010000000000000100000000000000000000000010000000010111111010000001001
30928,1000000000000000000000000000100000000000000000100000000000000000000000000000100000000000000000000000000000000000000000000000000000000000000000000010000000000100000100000000000001000000000000000000000000000000000000000000000010100000000000010010011000
31578,1000000000000000000000000000100000000000000000100000000000000000000000000000100000000000000000000000000000000000000000000000000000000000000000000010000000000100000100000000000001000000000000000000000000000000000000000000000010100000000000010010011010
30478,1000000000000000000000000000100000000000000000100000000000000000000000000000100000000000000000000000000000000000000000000000000000000000000000000010000000000100000100000000000001000000000000000000000000000000000000000000000010100100000000000000010000
31625,1000000000000000000000000000100000000000000000100000000000000000000000000000100000000000000000000000000000000000000000000000000000000000000000000010000000000100000100000000000001000000000000000000000000000000000000000000000010100100000000000000010001
31606,1000000000000000000000000000100000000000000000100000000000000000000000000000100000000000000000000000000000000000000000000000000000000000000000000010000000000100000100000000000001000000000000000000000000000000000000000000000010100100000000000000010010
31497,1000000000000000000000000000100000000000000000100000000000000000000000000000100000000000000000000000000000000000000000000000000000000000000000000010000000000100000100000000000001000000000000000000000000000000000000000000000010100100000000000000010100
31120,1000000000000000000000000000100000000000000000100000000000000000000000000000100000000000000000000000000000000000000000000000000000000000000000000010000000000100000100000000000001000000000000000000000000000000000000000000000010100100000000000000100000
29722,1000000000000000000000000000100000000000000000100000000000000000000000000000100000000000000000000000000000000000000000000000000000000000000000000010000000000100000100000000000001000000000000000000000000000000000000000000000010100100000000000000100100
29721,1000000000000000000000000000100000000000000000100000000000000000000000000000100000000000000000000000000000000000000000000000000000000000000000000010000000000100000100000000000001000000000000000000000000000000000000000000000010100100000000000000101000
31569,1000000000000000000000000000100000000000000000100000000000000000000000000000100000000000000000000000000000000000000000000000000000000000000000000010000000000100000100000000000001000000000000000000000000000000000000000000000010100100000000000100000000
31570,1000000000000000000000000000100000000000000000100000000000000000000000000000100000000000000000000000000000000000000000000000000000000000000000000010000000000100000100000000000001000000000000000000000000000000000000000000000010100100000000000100000010
28885,1000000000000000000000000000100000000000000000100000000000000000000000000000100000000000000000000000000000000000000000000000000000000000000000000010000000000100000100000000000001000000000000000000000000000000000000000000000010100100001001001000100000
30506,1000000000000000000000000000100000000000000000100000000000000000000000000000100000000000000000000000000000000000000000000000000000000000000000000010000000000100000100000000000001000000000000000000000000000000000000000000000010100100001001001000100001
31567,1000000000000000000000000000100000000000000000100000000000000000000000000000100000000000000000000000000000000000000000000000000000000000000000000010000000000100000100000000000001000000000000000000000000000000000000000000000010100100001001001000101000
29724,1000000000000000000000000000100000000000000000100000000000000000000000000000100000000000000000000000000000000000000000000000000000000000000000000010000000000100000100000000000001000000000000000000000000000000000000000000000010100100001001001000101100
31509,1000000000000000000000000000100000000000000000100000000000000000000000000000100000000000000000000000000000000000000000000000000000000000000000000010000000000100000100000000000001000000000000000000000000000000000000000000000010100100001001001000101101
28791,10000000000000000000000000001000000000000000001000000000000000000000000000001000000000000000000000000000000000000000000000000000000000000000000000100000000001000001000000000000000000100000000000001000000000000000000000000100000000001000010000000010010
29149,10000000000000000000000000001000000000000000001000000000000000000000000000001000000000000000000000000000000000000000000000000000000000000000000000100000000001000001000000000000000000100000000000001000000000000000000000000100000000001000010000000010011
28943,10000000000000000000000000001000000000000000001000000000000000000000000000001000000000000000000000000000000000000000000000000000000000000000000000100000000001000001000000000000000000100000000000001000000000000000000000000100000000001100000000000000000
29280,10000000000000000000000000001000000000000000001000000000000000000000000000001000000000000000000000000000000000000000000000000000000000000000000000100000000001000001000000000000000000100000000000001000000000000000000000000100000000001100000000000000001
28582,10000000000000000000000000001000000000000000001000000000000000000000000000001000000000000000000000000000000000000000000000000000000000000000000000100000000001000001000000000000000000100000000000001000000000000000000000000100000000101111110100000000000
29109,10000000000000000000000000001000000000000000001000000000000000000000000000001000000000000000000000000000000000000000000000000000000000000000000000100000000001000001000000000000000000100000000000001000000000000000000000000100000000101111110100000000001
29108,10000000000000000000000000001000000000000000001000000000000000000000000000001000000000000000000000000000000000000000000000000000000000000000000000100000000001000001000000000000000000100000000000001000000000000000000000000100000000101111110100000000010
29133,10000000000000000000000000001000000000000000001000000000000000000000000000001000000000000000000000000000000000000000000000000000000000000000000000100000000001000001000000000000000000100000000000001000000000000000000000000100000000101111110100000000011
28405,10000000000000000000000000001000000000000000001000000000000000000000000000001000000000000000000000000000000000000000000000000000000000000000000000100000000001000001000000000000000000100000000000001000000000000000000000000100000000101111110100000000100
28601,10000000000000000000000000001000000000000000001000000000000000000000000000001000000000000000000000000000000000000000000000000000000000000000000000100000000001000001000000000000000000100000000000001000000000000000000000000100000000101111110100000000101
29143,10000000000000000000000000001000000000000000001000000000000000000000000000001000000000000000000000000000000000000000000000000000000000000000000000100000000001000001000000000000000000100000000000001000000000000000000000000100000000101111110100000000110
30479,10000000000000000000000000001000000000000000001000000000000000000000000000001000000000000000000000000000000000000000000000000000000000000000000000100000000001000001000000000000010000000000000000000000000000000000000000000000101001000000000000000100000
31617,10000000000000000000000000001000000000000000001000000000000000000000000000001000000000000000000000000000000000000000000000000000000000000000000000100000000001000001000000000000010000000000000000000000000000000000000000000000101001000000000000000100001
31605,10000000000000000000000000001000000000000000001000000000000000000000000000001000000000000000000000000000000000000000000000000000000000000000000000100000000001000001000000000000010000000000000000000000000000000000000000000000101001000000000000000100010
31498,10000000000000000000000000001000000000000000001000000000000000000000000000001000000000000000000000000000000000000000000000000000000000000000000000100000000001000001000000000000010000000000000000000000000000000000000000000000101001000000000000000100100
31501,10000000000000000000000000001000000000000000001000000000000000000000000000001000000000000000000000000000000000000000000000000000000000000000000000100000000001000001000000000000010000000000000000000000000000000000000000000000101001000000000000000101000
31121,10000000000000000000000000001000000000000000001000000000000000000000000000001000000000000000000000000000000000000000000000000000000000000000000000100000000001000001000000000000010000000000000000000000000000000000000000000000101001000000000000001000000
31488,10000000000000000000000000001000000000000000001000000000000000000000000000001000000000000000000000000000000000000000000000000000000000000000000000100000000001000001000000000000010000000000000000000000000000000000000000000000101001000000000001000000000
31485,10000000000000000000000000001000000000000000001000000000000000000000000000001000000000000000000000000000000000000000000000000000000000000000000000100000000001000001000000000000010000000000000000000000000000000000000000000000101001000000000001000000100
31486,10000000000000000000000000001000000000000000001000000000000000000000000000001000000000000000000000000000000000000000000000000000000000000000000000100000000001000001000000000000010000000000000000000000000000000000000000000000101001000000000001000000101
28886,10000000000000000000000000001000000000000000001000000000000000000000000000001000000000000000000000000000000000000000000000000000000000000000000000100000000001000001000000000000010000000000000000000000000000000000000000000000101001000010010010001000000
30504,10000000000000000000000000001000000000000000001000000000000000000000000000001000000000000000000000000000000000000000000000000000000000000000000000100000000001000001000000000000010000000000000000000000000000000000000000000000101001000010010010001000001
28917,100000000000000000000000000010000000000000000010000000000000000000000000000010000000000000000000000000000000000000000000000000000000000000000000001000000000010000010000000000000000001000000000000010000000000000000000000001000000000010000100000000100100
29154,100000000000000000000000000010000000000000000010000000000000000000000000000010000000000000000000000000000000000000000000000000000000000000000000001000000000010000010000000000000000001000000000000010000000000000000000000001000000000010000100000000100101
28594,100000000000000000000000000010000000000000000010000000000000000000000000000010000000000000000000000000000000000000000000000000000000000000000000001000000000010000010000000000000000001000000000000010000000000000000000000001000000000011000000000000000000
28944,100000000000000000000000000010000000000000000010000000000000000000000000000010000000000000000000000000000000000000000000000000000000000000000000001000000000010000010000000000000000001000000000000010000000000000000000000001000000000011000000000000000001
28583,100000000000000000000000000010000000000000000010000000000000000000000000000010000000000000000000000000000000000000000000000000000000000000000000001000000000010000010000000000000000001000000000000010000000000000000000000001000000001011111101000000000000
28587,100000000000000000000000000010000000000000000010000000000000000000000000000010000000000000000000000000000000000000000000000000000000000000000000001000000000010000010000000000000000001000000000000010000000000000000000000001000000001011111101000000000001
28406,100000000000000000000000000010000000000000000010000000000000000000000000000010000000000000000000000000000000000000000000000000000000000000000000001000000000010000010000000000000000001000000000000010000000000000000000000001000000001011111101000000001000
29135,100000000000000000000000000010000000000000000010000000000000000000000000000010000000000000000000000000000000000000000000000000000000000000000000001000000000010000010000000000000000001000000000000010000000000000000000000001000000001011111101000000001001
30480,100000000000000000000000000010000000000000000010000000000000000000000000000010000000000000000000000000000000000000000000000000000000000000000000001000000000010000010000000000000100000000000000000000000000000000000000000000001010010000000000000001000000
31616,100000000000000000000000000010000000000000000010000000000000000000000000000010000000000000000000000000000000000000000000000000000000000000000000001000000000010000010000000000000100000000000000000000000000000000000000000000001010010000000000000001000001
31604,100000000000000000000000000010000000000000000010000000000000000000000000000010000000000000000000000000000000000000000000000000000000000000000000001000000000010000010000000000000100000000000000000000000000000000000000000000001010010000000000000001000010
30507,100000000000000000000000000010000000000000000010000000000000000000000000000010000000000000000000000000000000000000000000000000000000000000000000001000000000010000010000000000000100000000000000000000000000000000000000000000001010010000000000000001000100
31122,100000000000000000000000000010000000000000000010000000000000000000000000000010000000000000000000000000000000000000000000000000000000000000000000001000000000010000010000000000000100000000000000000000000000000000000000000000001010010000000000000010000000
28887,100000000000000000000000000010000000000000000010000000000000000000000000000010000000000000000000000000000000000000000000000000000000000000000000001000000000010000010000000000000100000000000000000000000000000000000000000000001010010000100100100010000000
30500,100000000000000000000000000010000000000000000010000000000000000000000000000010000000000000000000000000000000000000000000000000000000000000000000001000000000010000010000000000000100000000000000000000000000000000000000000000001010010000100100100010000001
28792,1000000000000000000000000000100000000000000000100000000000000000000000000000100000000000000000000000000000000000000000000000000000000000000000000010000000000100000100000000000000000010000000000000100000000000000000000000010000000000100001000000001001000
28918,1000000000000000000000000000100000000000000000100000000000000000000000000000100000000000000000000000000000000000000000000000000000000000000000000010000000000100000100000000000000000010000000000000100000000000000000000000010000000000100001000000001001001
29379,1000000000000000000000000000100000000000000000100000000000000000000000000000100000000000000000000000000000000000000000000000000000000000000000000010000000000100000100000000000000000010000000000000100000000000000000000000010000000000100001000000001001010
28599,1000000000000000000000000000100000000000000000100000000000000000000000000000100000000000000000000000000000000000000000000000000000000000000000000010000000000100000100000000000000000010000000000000100000000000000000000000010000000000110000000000000000000
28945,1000000000000000000000000000100000000000000000100000000000000000000000000000100000000000000000000000000000000000000000000000000000000000000000000010000000000100000100000000000000000010000000000000100000000000000000000000010000000000110000000000000000010
29139,1000000000000000000000000000100000000000000000100000000000000000000000000000100000000000000000000000000000000000000000000000000000000000000000000010000000000100000100000000000000000010000000000000100000000000000000000000010000000000110000000000000000011
28584,1000000000000000000000000000100000000000000000100000000000000000000000000000100000000000000000000000000000000000000000000000000000000000000000000010000000000100000100000000000000000010000000000000100000000000000000000000010000000010111111010000000000000
28588,1000000000000000000000000000100000000000000000100000000000000000000000000000100000000000000000000000000000000000000000000000000000000000000000000010000000000100000100000000000000000010000000000000100000000000000000000000010000000010111111010000000000010
29105,1000000000000000000000000000100000000000000000100000000000000000000000000000100000000000000000000000000000000000000000000000000000000000000000000010000000000100000100000000000000000010000000000000100000000000000000000000010000000010111111010000000000011
28407,1000000000000000000000000000100000000000000000100000000000000000000000000000100000000000000000000000000000000000000000000000000000000000000000000010000000000100000100000000000000000010000000000000100000000000000000000000010000000010111111010000000010000
29112,1000000000000000000000000000100000000000000000100000000000000000000000000000100000000000000000000000000000000000000000000000000000000000000000000010000000000100000100000000000000000010000000000000100000000000000000000000010000000010111111010000000010001
30481,1000000000000000000000000000100000000000000000100000000000000000000000000000100000000000000000000000000000000000000000000000000000000000000000000010000000000100000100000000000001000000000000000000000000000000000000000000000010100100000000000000010000000
31381,1000000000000000000000000000100000000000000000100000000000000000000000000000100000000000000000000000000000000000000000000000000000000000000000000010000000000100000100000000000001000000000000000000000000000000000000000000000010100100000000000000010000001
31612,1000000000000000000000000000100000000000000000100000000000000000000000000000100000000000000000000000000000000000000000000000000000000000000000000010000000000100000100000000000001000000000000000000000000000000000000000000000010100100000000000000010000010
30505,1000000000000000000000000000100000000000000000100000000000000000000000000000100000000000000000000000000000000000000000000000000000000000000000000010000000000100000100000000000001000000000000000000000000000000000000000000000010100100000000000000010000100
31123,1000000000000000000000000000100000000000000000100000000000000000000000000000100000000000000000000000000000000000000000000000000000000000000000000010000000000100000100000000000001000000000000000000000000000000000000000000000010100100000000000000100000000
28888,1000000000000000000000000000100000000000000000100000000000000000000000000000100000000000000000000000000000000000000000000000000000000000000000000010000000000100000100000000000001000000000000000000000000000000000000000000000010100100001001001000100000000
30497,1000000000000000000000000000100000000000000000100000000000000000000000000000100000000000000000000000000000000000000000000000000000000000000000000010000000000100000100000000000001000000000000000000000000000000000000000000000010100100001001001000100000001
31492,1000000000000000000000000000100000000000000000100000000000000000000000000000100000000000000000000000000000000000000000000000000000000000000000000010000000000100000100000000000001000000000000000000000000000000000000000000000010100100001001001000100000010
31493,1000000000000000000000000000100000000000000000100000000000000000000000000000100000000000000000000000000000000000000000000000000000000000000000000010000000000100000100000000000001000000000000000000000000000000000000000000000010100100001001001000100000011
28793,10000000000000000000000000001000000000000000001000000000000000000000000000001000000000000000000000000000000000000000000000000000000000000000000000100000000001000001000000000000000000100000000000001000000000000000000000000100000000001000010000000010010000
29219,10000000000000000000000000001000000000000000001000000000000000000000000000001000000000000000000000000000000000000000000000000000000000000000000000100000000001000001000000000000000000100000000000001000000000000000000000000100000000001000010000000010010001
28919,10000000000000000000000000001000000000000000001000000000000000000000000000001000000000000000000000000000000000000000000000000000000000000000000000100000000001000001000000000000000000100000000000001000000000000000000000000100000000001000010000000010010010
29249,10000000000000000000000000001000000000000000001000000000000000000000000000001000000000000000000000000000000000000000000000000000000000000000000000100000000001000001000000000000000000100000000000001000000000000000000000000100000000001000010000000010010011
28600,10000000000000000000000000001000000000000000001000000000000000000000000000001000000000000000000000000000000000000000000000000000000000000000000000100000000001000001000000000000000000100000000000001000000000000000000000000100000000001100000000000000000100
28946,10000000000000000000000000001000000000000000001000000000000000000000000000001000000000000000000000000000000000000000000000000000000000000000000000100000000001000001000000000000000000100000000000001000000000000000000000000100000000001100000000000000000101
29136,10000000000000000000000000001000000000000000001000000000000000000000000000001000000000000000000000000000000000000000000000000000000000000000000000100000000001000001000000000000000000100000000000001000000000000000000000000100000000001100000000000000000110
29204,10000000000000000000000000001000000000000000001000000000000000000000000000001000000000000000000000000000000000000000000000000000000000000000000000100000000001000001000000000000000000100000000000001000000000000000000000000100000000001100000000000000000111
28585,10000000000000000000000000001000000000000000001000000000000000000000000000001000000000000000000000000000000000000000000000000000000000000000000000100000000001000001000000000000000000100000000000001000000000000000000000000100000000101111110100000000000000
29110,10000000000000000000000000001000000000000000001000000000000000000000000000001000000000000000000000000000000000000000000000000000000000000000000000100000000001000001000000000000000000100000000000001000000000000000000000000100000000101111110100000000000001
28410,10000000000000000000000000001000000000000000001000000000000000000000000000001000000000000000000000000000000000000000000000000000000000000000000000100000000001000001000000000000000000100000000000001000000000000000000000000100000000101111110100000000000100
28589,10000000000000000000000000001000000000000000001000000000000000000000000000001000000000000000000000000000000000000000000000000000000000000000000000100000000001000001000000000000000000100000000000001000000000000000000000000100000000101111110100000000000101
28408,10000000000000000000000000001000000000000000001000000000000000000000000000001000000000000000000000000000000000000000000000000000000000000000000000100000000001000001000000000000000000100000000000001000000000000000000000000100000000101111110100000000100000
28979,10000000000000000000000000001000000000000000001000000000000000000000000000001000000000000000000000000000000000000000000000000000000000000000000000100000000001000001000000000000000000100000000000001000000000000000000000000100000000101111110100000000100001
30482,10000000000000000000000000001000000000000000001000000000000000000000000000001000000000000000000000000000000000000000000000000000000000000000000000100000000001000001000000000000010000000000000000000000000000000000000000000000101001000000000000000100000000
31618,10000000000000000000000000001000000000000000001000000000000000000000000000001000000000000000000000000000000000000000000000000000000000000000000000100000000001000001000000000000010000000000000000000000000000000000000000000000101001000000000000000100000001
31611,10000000000000000000000000001000000000000000001000000000000000000000000000001000000000000000000000000000000000000000000000000000000000000000000000100000000001000001000000000000010000000000000000000000000000000000000000000000101001000000000000000100000010
31495,10000000000000000000000000001000000000000000001000000000000000000000000000001000000000000000000000000000000000000000000000000000000000000000000000100000000001000001000000000000010000000000000000000000000000000000000000000000101001000000000000000100000100
28889,10000000000000000000000000001000000000000000001000000000000000000000000000001000000000000000000000000000000000000000000000000000000000000000000000100000000001000001000000000000010000000000000000000000000000000000000000000000101001000010010010001000000000
31565,10000000000000000000000000001000000000000000001000000000000000000000000000001000000000000000000000000000000000000000000000000000000000000000000000100000000001000001000000000000010000000000000000000000000000000000000000000000101001000010010010001000000001
31489,10000000000000000000000000001000000000000000001000000000000000000000000000001000000000000000000000000000000000000000000000000000000000000000000000100000000001000001000000000000010000000000000000000000000000000000000000000000101001000010010010001000000110
31490,10000000000000000000000000001000000000000000001000000000000000000000000000001000000000000000000000000000000000000000000000000000000000000000000000100000000001000001000000000000010000000000000000000000000000000000000000000000101001000010010010001000000111
28508,100000000000000000000000000010000000000000000010000000000000000000000000000010000000000000000000000000000000000000000000000000000000000000000000001000000000010000010000000000000000001000000000000010000000000000000000000001000000000010000100000000100100000
28794,100000000000000000000000000010000000000000000010000000000000000000000000000010000000000000000000000000000000000000000000000000000000000000000000001000000000010000010000000000000000001000000000000010000000000000000000000001000000000010000100000000100100001
28920,100000000000000000000000000010000000000000000010000000000000000000000000000010000000000000000000000000000000000000000000000000000000000000000000001000000000010000010000000000000000001000000000000010000000000000000000000001000000000010000100000000100100100
29250,100000000000000000000000000010000000000000000010000000000000000000000000000010000000000000000000000000000000000000000000000000000000000000000000001000000000010000010000000000000000001000000000000010000000000000000000000001000000000010000100000000100100101
28947,100000000000000000000000000010000000000000000010000000000000000000000000000010000000000000000000000000000000000000000000000000000000000000000000001000000000010000010000000000000000001000000000000010000000000000000000000001000000000011000000000000000001010
28949,100000000000000000000000000010000000000000000010000000000000000000000000000010000000000000000000000000000000000000000000000000000000000000000000001000000000010000010000000000000000001000000000000010000000000000000000000001000000000011000000000000000001011
28586,100000000000000000000000000010000000000000000010000000000000000000000000000010000000000000000000000000000000000000000000000000000000000000000000001000000000010000010000000000000000001000000000000010000000000000000000000001000000001011111101000000000000000
29111,100000000000000000000000000010000000000000000010000000000000000000000000000010000000000000000000000000000000000000000000000000000000000000000000001000000000010000010000000000000000001000000000000010000000000000000000000001000000001011111101000000000000001
28411,100000000000000000000000000010000000000000000010000000000000000000000000000010000000000000000000000000000000000000000000000000000000000000000000001000000000010000010000000000000000001000000000000010000000000000000000000001000000001011111101000000000001000
29207,100000000000000000000000000010000000000000000010000000000000000000000000000010000000000000000000000000000000000000000000000000000000000000000000001000000000010000010000000000000000001000000000000010000000000000000000000001000000001011111101000000000001001
29001,100000000000000000000000000010000000000000000010000000000000000000000000000010000000000000000000000000000000000000000000000000000000000000000000001000000000010000010000000000000000001000000000000010000000000000000000000001000000001011111101000000000001010
29098,100000000000000000000000000010000000000000000010000000000000000000000000000010000000000000000000000000000000000000000000000000000000000000000000001000000000010000010000000000000000001000000000000010000000000000000000000001000000001011111101000000000001011
30483,100000000000000000000000000010000000000000000010000000000000000000000000000010000000000000000000000000000000000000000000000000000000000000000000001000000000010000010000000000000100000000000000000000000000000000000000000000001010010000000000000001000000000
31370,100000000000000000000000000010000000000000000010000000000000000000000000000010000000000000000000000000000000000000000000000000000000000000000000001000000000010000010000000000000100000000000000000000000000000000000000000000001010010000000000000001000000001
31602,100000000000000000000000000010000000000000000010000000000000000000000000000010000000000000000000000000000000000000000000000000000000000000000000001000000000010000010000000000000100000000000000000000000000000000000000000000001010010000000000000001000000010
31487,100000000000000000000000000010000000000000000010000000000000000000000000000010000000000000000000000000000000000000000000000000000000000000000000001000000000010000010000000000000100000000000000000000000000000000000000000000001010010000000000000001000000100
28890,100000000000000000000000000010000000000000000010000000000000000000000000000010000000000000000000000000000000000000000000000000000000000000000000001000000000010000010000000000000100000000000000000000000000000000000000000000001010010000100100100010000000000
31494,100000000000000000000000000010000000000000000010000000000000000000000000000010000000000000000000000000000000000000000000000000000000000000000000001000000000010000010000000000000100000000000000000000000000000000000000000000001010010000100100100010000000001
28509,1000000000000000000000000000100000000000000000100000000000000000000000000000100000000000000000000000000000000000000000000000000000000000000000000010000000000100000100000000000000000010000000000000100000000000000000000000010000000000100001000000001001000000
29241,1000000000000000000000000000100000000000000000100000000000000000000000000000100000000000000000000000000000000000000000000000000000000000000000000010000000000100000100000000000000000010000000000000100000000000000000000000010000000000100001000000001001000001
27449,1000000000000000000000000000100000000000000000100000000000000000000000000000100000000000000000000000000000000000000000000000000000000000000000000010000000000100000100000000000000000010000000000000100000000000000000000000010000000000100001000000001001000010
28795,1000000000000000000000000000100000000000000000100000000000000000000000000000100000000000000000000000000000000000000000000000000000000000000000000010000000000100000100000000000000000010000000000000100000000000000000000000010000000000100001000000001001000011
28921,1000000000000000000000000000100000000000000000100000000000000000000000000000100000000000000000000000000000000000000000000000000000000000000000000010000000000100000100000000000000000010000000000000100000000000000000000000010000000000100001000000001001001000
29253,1000000000000000000000000000100000000000000000100000000000000000000000000000100000000000000000000000000000000000000000000000000000000000000000000010000000000100000100000000000000000010000000000000100000000000000000000000010000000000100001000000001001001001
28948,1000000000000000000000000000100000000000000000100000000000000000000000000000100000000000000000000000000000000000000000000000000000000000000000000010000000000100000100000000000000000010000000000000100000000000000000000000010000000000110000000000000000010100
28980,1000000000000000000000000000100000000000000000100000000000000000000000000000100000000000000000000000000000000000000000000000000000000000000000000010000000000100000100000000000000000010000000000000100000000000000000000000010000000000110000000000000000010101
27909,1000000000000000000000000000100000000000000000100000000000000000000000000000100000000000000000000000000000000000000000000000000000000000000000000010000000000100000100000000000000000010000000000000100000000000000000000000010000000000110000000000000000010110
28950,1000000000000000000000000000100000000000000000100000000000000000000000000000100000000000000000000000000000000000000000000000000000000000000000000010000000000100000100000000000000000010000000000000100000000000000000000000010000000000110000000000000000010111
28412,1000000000000000000000000000100000000000000000100000000000000000000000000000100000000000000000000000000000000000000000000000000000000000000000000010000000000100000100000000000000000010000000000000100000000000000000000000010000000010111111010000000000010000
29208,1000000000000000000000000000100000000000000000100000000000000000000000000000100000000000000000000000000000000000000000000000000000000000000000000010000000000100000100000000000000000010000000000000100000000000000000000000010000000010111111010000000000010001
29205,1000000000000000000000000000100000000000000000100000000000000000000000000000100000000000000000000000000000000000000000000000000000000000000000000010000000000100000100000000000000000010000000000000100000000000000000000000010000000010111111010000000000010010
29206,1000000000000000000000000000100000000000000000100000000000000000000000000000100000000000000000000000000000000000000000000000000000000000000000000010000000000100000100000000000000000010000000000000100000000000000000000000010000000010111111010000000000010011
29002,1000000000000000000000000000100000000000000000100000000000000000000000000000100000000000000000000000000000000000000000000000000000000000000000000010000000000100000100000000000000000010000000000000100000000000000000000000010000000010111111010000000000010100
29034,1000000000000000000000000000100000000000000000100000000000000000000000000000100000000000000000000000000000000000000000000000000000000000000000000010000000000100000100000000000000000010000000000000100000000000000000000000010000000010111111010000000000010101
30484,1000000000000000000000000000100000000000000000100000000000000000000000000000100000000000000000000000000000000000000000000000000000000000000000000010000000000100000100000000000001000000000000000000000000000000000000000000000010100100000000000000010000000000
31380,1000000000000000000000000000100000000000000000100000000000000000000000000000100000000000000000000000000000000000000000000000000000000000000000000010000000000100000100000000000001000000000000000000000000000000000000000000000010100100000000000000010000000001
31378,1000000000000000000000000000100000000000000000100000000000000000000000000000100000000000000000000000000000000000000000000000000000000000000000000010000000000100000100000000000001000000000000000000000000000000000000000000000010100100000000000000010000000010
31484,1000000000000000000000000000100000000000000000100000000000000000000000000000100000000000000000000000000000000000000000000000000000000000000000000010000000000100000100000000000001000000000000000000000000000000000000000000000010100100000000000000010000000100
28891,1000000000000000000000000000100000000000000000100000000000000000000000000000100000000000000000000000000000000000000000000000000000000000000000000010000000000100000100000000000001000000000000000000000000000000000000000000000010100100001001001000100000000000
30496,1000000000000000000000000000100000000000000000100000000000000000000000000000100000000000000000000000000000000000000000000000000000000000000000000010000000000100000100000000000001000000000000000000000000000000000000000000000010100100001001001000100000000001
30501,1000000000000000000000000000100000000000000000100000000000000000000000000000100000000000000000000000000000000000000000000000000000000000000000000010000000000100000100000000000001000000000000000000000000000000000000000000000010100100001001001000100000000010
30502,1000000000000000000000000000100000000000000000100000000000000000000000000000100000000000000000000000000000000000000000000000000000000000000000000010000000000100000100000000000001000000000000000000000000000000000000000000000010100100001001001000100000000011
28510,10000000000000000000000000001000000000000000001000000000000000000000000000001000000000000000000000000000000000000000000000000000000000000000000000100000000001000001000000000000000000100000000000001000000000000000000000000100000000001000010000000010010000000
29240,10000000000000000000000000001000000000000000001000000000000000000000000000001000000000000000000000000000000000000000000000000000000000000000000000100000000001000001000000000000000000100000000000001000000000000000000000000100000000001000010000000010010000001
29242,10000000000000000000000000001000000000000000001000000000000000000000000000001000000000000000000000000000000000000000000000000000000000000000000000100000000001000001000000000000000000100000000000001000000000000000000000000100000000001000010000000010010000010
29243,10000000000000000000000000001000000000000000001000000000000000000000000000001000000000000000000000000000000000000000000000000000000000000000000000100000000001000001000000000000000000100000000000001000000000000000000000000100000000001000010000000010010000011
29144,10000000000000000000000000001000000000000000001000000000000000000000000000001000000000000000000000000000000000000000000000000000000000000000000000100000000001000001000000000000000000100000000000001000000000000000000000000100000000001000010000000010010000100
29148,10000000000000000000000000001000000000000000001000000000000000000000000000001000000000000000000000000000000000000000000000000000000000000000000000100000000001000001000000000000000000100000000000001000000000000000000000000100000000001000010000000010010000101
28604,10000000000000000000000000001000000000000000001000000000000000000000000000001000000000000000000000000000000000000000000000000000000000000000000000100000000001000001000000000000000000100000000000001000000000000000000000000100000000001000010000000010010000110
28796,10000000000000000000000000001000000000000000001000000000000000000000000000001000000000000000000000000000000000000000000000000000000000000000000000100000000001000001000000000000000000100000000000001000000000000000000000000100000000001000010000000010010000111
28922,10000000000000000000000000001000000000000000001000000000000000000000000000001000000000000000000000000000000000000000000000000000000000000000000000100000000001000001000000000000000000100000000000001000000000000000000000000100000000001000010000000010010010000
29252,10000000000000000000000000001000000000000000001000000000000000000000000000001000000000000000000000000000000000000000000000000000000000000000000000100000000001000001000000000000000000100000000000001000000000000000000000000100000000001000010000000010010010001
28590,10000000000000000000000000001000000000000000001000000000000000000000000000001000000000000000000000000000000000000000000000000000000000000000000000100000000001000001000000000000000000100000000000001000000000000000000000000100000000001100000000000000000101110
28951,10000000000000000000000000001000000000000000001000000000000000000000000000001000000000000000000000000000000000000000000000000000000000000000000000100000000001000001000000000000000000100000000000001000000000000000000000000100000000001100000000000000000101111
27451,10000000000000000000000000001000000000000000001000000000000000000000000000001000000000000000000000000000000000000000000000000000000000000000000000100000000001000001000000000000000000100000000000001000000000000000000000000100000000101111110100000000000100000
28413,10000000000000000000000000001000000000000000001000000000000000000000000000001000000000000000000000000000000000000000000000000000000000000000000000100000000001000001000000000000000000100000000000001000000000000000000000000100000000101111110100000000000100001
29003,10000000000000000000000000001000000000000000001000000000000000000000000000001000000000000000000000000000000000000000000000000000000000000000000000100000000001000001000000000000000000100000000000001000000000000000000000000100000000101111110100000000000101000
29005,10000000000000000000000000001000000000000000001000000000000000000000000000001000000000000000000000000000000000000000000000000000000000000000000000100000000001000001000000000000000000100000000000001000000000000000000000000100000000101111110100000000000101001
29035,10000000000000000000000000001000000000000000001000000000000000000000000000001000000000000000000000000000000000000000000000000000000000000000000000100000000001000001000000000000000000100000000000001000000000000000000000000100000000101111110100000000000101010
29092,10000000000000000000000000001000000000000000001000000000000000000000000000001000000000000000000000000000000000000000000000000000000000000000000000100000000001000001000000000000000000100000000000001000000000000000000000000100000000101111110100000000000101011
30485,10000000000000000000000000001000000000000000001000000000000000000000000000001000000000000000000000000000000000000000000000000000000000000000000000100000000001000001000000000000010000000000000000000000000000000000000000000000101001000000000000000100000000000
31371,10000000000000000000000000001000000000000000001000000000000000000000000000001000000000000000000000000000000000000000000000000000000000000000000000100000000001000001000000000000010000000000000000000000000000000000000000000000101001000000000000000100000000001
31483,10000000000000000000000000001000000000000000001000000000000000000000000000001000000000000000000000000000000000000000000000000000000000000000000000100000000001000001000000000000010000000000000000000000000000000000000000000000101001000000000000000100000000010
31601,10000000000000000000000000001000000000000000001000000000000000000000000000001000000000000000000000000000000000000000000000000000000000000000000000100000000001000001000000000000010000000000000000000000000000000000000000000000101001000000000000000100000000100
28892,10000000000000000000000000001000000000000000001000000000000000000000000000001000000000000000000000000000000000000000000000000000000000000000000000100000000001000001000000000000010000000000000000000000000000000000000000000000101001000010010010001000000000000
31491,10000000000000000000000000001000000000000000001000000000000000000000000000001000000000000000000000000000000000000000000000000000000000000000000000100000000001000001000000000000010000000000000000000000000000000000000000000000101001000010010010001000000000001
28511,100000000000000000000000000010000000000000000010000000000000000000000000000010000000000000000000000000000000000000000000000000000000000000000000001000000000010000010000000000000000001000000000000010000000000000000000000001000000000010000100000000100100000000
29226,100000000000000000000000000010000000000000000010000000000000000000000000000010000000000000000000000000000000000000000000000000000000000000000000001000000000010000010000000000000000001000000000000010000000000000000000000001000000000010000100000000100100000001
29218,100000000000000000000000000010000000000000000010000000000000000000000000000010000000000000000000000000000000000000000000000000000000000000000000001000000000010000010000000000000000001000000000000010000000000000000000000001000000000010000100000000100100001110
32835,100000000000000000000000000010000000000000000010000000000000000000000000000010000000000000000000000000000000000000000000000000000000000000000000001000000000010000010000000000000000001000000000000010000000000000000000000001000000000010000100000000100100001111
28923,100000000000000000000000000010000000000000000010000000000000000000000000000010000000000000000000000000000000000000000000000000000000000000000000001000000000010000010000000000000000001000000000000010000000000000000000000001000000000010000100000000100100100000
29251,100000000000000000000000000010000000000000000010000000000000000000000000000010000000000000000000000000000000000000000000000000000000000000000000001000000000010000010000000000000000001000000000000010000000000000000000000001000000000010000100000000100100100001
28596,100000000000000000000000000010000000000000000010000000000000000000000000000010000000000000000000000000000000000000000000000000000000000000000000001000000000010000010000000000000000001000000000000010000000000000000000000001000000000011000000000000000001011110
28952,100000000000000000000000000010000000000000000010000000000000000000000000000010000000000000000000000000000000000000000000000000000000000000000000001000000000010000010000000000000000001000000000000010000000000000000000000001000000000011000000000000000001011111
28350,100000000000000000000000000010000000000000000010000000000000000000000000000010000000000000000000000000000000000000000000000000000000000000000000001000000000010000010000000000000000001000000000000010000000000000000000000001000000001011111101000000000001000010
29209,100000000000000000000000000010000000000000000010000000000000000000000000000010000000000000000000000000000000000000000000000000000000000000000000001000000000010000010000000000000000001000000000000010000000000000000000000001000000001011111101000000000001000011
29004,100000000000000000000000000010000000000000000010000000000000000000000000000010000000000000000000000000000000000000000000000000000000000000000000001000000000010000010000000000000000001000000000000010000000000000000000000001000000001011111101000000000001010000
29202,100000000000000000000000000010000000000000000010000000000000000000000000000010000000000000000000000000000000000000000000000000000000000000000000001000000000010000010000000000000000001000000000000010000000000000000000000001000000001011111101000000000001010001
29006,100000000000000000000000000010000000000000000010000000000000000000000000000010000000000000000000000000000000000000000000000000000000000000000000001000000000010000010000000000000000001000000000000010000000000000000000000001000000001011111101000000000001010010
29036,100000000000000000000000000010000000000000000010000000000000000000000000000010000000000000000000000000000000000000000000000000000000000000000000001000000000010000010000000000000000001000000000000010000000000000000000000001000000001011111101000000000001010100
29087,100000000000000000000000000010000000000000000010000000000000000000000000000010000000000000000000000000000000000000000000000000000000000000000000001000000000010000010000000000000000001000000000000010000000000000000000000001000000001011111101000000000001010101
29080,100000000000000000000000000010000000000000000010000000000000000000000000000010000000000000000000000000000000000000000000000000000000000000000000001000000000010000010000000000000000001000000000000010000000000000000000000001000000001011111101000000000001010110
29082,100000000000000000000000000010000000000000000010000000000000000000000000000010000000000000000000000000000000000000000000000000000000000000000000001000000000010000010000000000000000001000000000000010000000000000000000000001000000001011111101000000000001010111
30486,100000000000000000000000000010000000000000000010000000000000000000000000000010000000000000000000000000000000000000000000000000000000000000000000001000000000010000010000000000000100000000000000000000000000000000000000000000001010010000000000000001000000000000
31372,100000000000000000000000000010000000000000000010000000000000000000000000000010000000000000000000000000000000000000000000000000000000000000000000001000000000010000010000000000000100000000000000000000000000000000000000000000001010010000000000000001000000000001
31603,100000000000000000000000000010000000000000000010000000000000000000000000000010000000000000000000000000000000000000000000000000000000000000000000001000000000010000010000000000000100000000000000000000000000000000000000000000001010010000000000000001000000000010
31481,100000000000000000000000000010000000000000000010000000000000000000000000000010000000000000000000000000000000000000000000000000000000000000000000001000000000010000010000000000000100000000000000000000000000000000000000000000001010010000000000000001000000000100
31480,100000000000000000000000000010000000000000000010000000000000000000000000000010000000000000000000000000000000000000000000000000000000000000000000001000000000010000010000000000000100000000000000000000000000000000000000000000001010010000000000000001000000001000
28893,100000000000000000000000000010000000000000000010000000000000000000000000000010000000000000000000000000000000000000000000000000000000000000000000001000000000010000010000000000000100000000000000000000000000000000000000000000001010010000100100100010000000000000
31561,100000000000000000000000000010000000000000000010000000000000000000000000000010000000000000000000000000000000000000000000000000000000000000000000001000000000010000010000000000000100000000000000000000000000000000000000000000001010010000100100100010000000000001
28512,1000000000000000000000000000100000000000000000100000000000000000000000000000100000000000000000000000000000000000000000000000000000000000000000000010000000000100000100000000000000000010000000000000100000000000000000000000010000000000100001000000001001000000000
29225,1000000000000000000000000000100000000000000000100000000000000000000000000000100000000000000000000000000000000000000000000000000000000000000000000010000000000100000100000000000000000010000000000000100000000000000000000000010000000000100001000000001001000000001
28394,1000000000000000000000000000100000000000000000100000000000000000000000000000100000000000000000000000000000000000000000000000000000000000000000000010000000000100000100000000000000000010000000000000100000000000000000000000010000000000100001000000001001000011110
28797,1000000000000000000000000000100000000000000000100000000000000000000000000000100000000000000000000000000000000000000000000000000000000000000000000010000000000100000100000000000000000010000000000000100000000000000000000000010000000000100001000000001001000011111
29254,1000000000000000000000000000100000000000000000100000000000000000000000000000100000000000000000000000000000000000000000000000000000000000000000000010000000000100000100000000000000000010000000000000100000000000000000000000010000000000100001000000001001001000010
28953,1000000000000000000000000000100000000000000000100000000000000000000000000000100000000000000000000000000000000000000000000000000000000000000000000010000000000100000100000000000000000010000000000000100000000000000000000000010000000000110000000000000000010111110
27907,1000000000000000000000000000100000000000000000100000000000000000000000000000100000000000000000000000000000000000000000000000000000000000000000000010000000000100000100000000000000000010000000000000100000000000000000000000010000000010111111010000000000010000100
28351,1000000000000000000000000000100000000000000000100000000000000000000000000000100000000000000000000000000000000000000000000000000000000000000000000010000000000100000100000000000000000010000000000000100000000000000000000000010000000010111111010000000000010000101
29007,1000000000000000000000000000100000000000000000100000000000000000000000000000100000000000000000000000000000000000000000000000000000000000000000000010000000000100000100000000000000000010000000000000100000000000000000000000010000000010111111010000000000010100100
29398,1000000000000000000000000000100000000000000000100000000000000000000000000000100000000000000000000000000000000000000000000000000000000000000000000010000000000100000100000000000000000010000000000000100000000000000000000000010000000010111111010000000000010100101
29037,1000000000000000000000000000100000000000000000100000000000000000000000000000100000000000000000000000000000000000000000000000000000000000000000000010000000000100000100000000000000000010000000000000100000000000000000000000010000000010111111010000000000010101000
29075,1000000000000000000000000000100000000000000000100000000000000000000000000000100000000000000000000000000000000000000000000000000000000000000000000010000000000100000100000000000000000010000000000000100000000000000000000000010000000010111111010000000000010101001
29081,1000000000000000000000000000100000000000000000100000000000000000000000000000100000000000000000000000000000000000000000000000000000000000000000000010000000000100000100000000000000000010000000000000100000000000000000000000010000000010111111010000000000010101110
29085,1000000000000000000000000000100000000000000000100000000000000000000000000000100000000000000000000000000000000000000000000000000000000000000000000010000000000100000100000000000000000010000000000000100000000000000000000000010000000010111111010000000000010101111
30487,1000000000000000000000000000100000000000000000100000000000000000000000000000100000000000000000000000000000000000000000000000000000000000000000000010000000000100000100000000000001000000000000000000000000000000000000000000000010100100000000000000010000000000000
31124,1000000000000000000000000000100000000000000000100000000000000000000000000000100000000000000000000000000000000000000000000000000000000000000000000010000000000100000100000000000001000000000000000000000000000000000000000000000010100100000000000000010000000000001
31600,1000000000000000000000000000100000000000000000100000000000000000000000000000100000000000000000000000000000000000000000000000000000000000000000000010000000000100000100000000000001000000000000000000000000000000000000000000000010100100000000000000010000000000010
28631,1000000000000000000000000000100000000000000000100000000000000000000000000000100000000000000000000000000000000000000000000000000000000000000000000010000000000100000100000000000001000000000000000000000000000000000000000000000010100100000000000000010000000000100
31471,1000000000000000000000000000100000000000000000100000000000000000000000000000100000000000000000000000000000000000000000000000000000000000000000000010000000000100000100000000000001000000000000000000000000000000000000000000000010100100000000000000010000000001000
31477,1000000000000000000000000000100000000000000000100000000000000000000000000000100000000000000000000000000000000000000000000000000000000000000000000010000000000100000100000000000001000000000000000000000000000000000000000000000010100100000000000000010000000010000
28894,1000000000000000000000000000100000000000000000100000000000000000000000000000100000000000000000000000000000000000000000000000000000000000000000000010000000000100000100000000000001000000000000000000000000000000000000000000000010100100001001001000100000000000000
30498,1000000000000000000000000000100000000000000000100000000000000000000000000000100000000000000000000000000000000000000000000000000000000000000000000010000000000100000100000000000001000000000000000000000000000000000000000000000010100100001001001000100000000000001
28513,10000000000000000000000000001000000000000000001000000000000000000000000000001000000000000000000000000000000000000000000000000000000000000000000000100000000001000001000000000000000000100000000000001000000000000000000000000100000000001000010000000010010000000000
29222,10000000000000000000000000001000000000000000001000000000000000000000000000001000000000000000000000000000000000000000000000000000000000000000000000100000000001000001000000000000000000100000000000001000000000000000000000000100000000001000010000000010010000000001
28395,10000000000000000000000000001000000000000000001000000000000000000000000000001000000000000000000000000000000000000000000000000000000000000000000000100000000001000001000000000000000000100000000000001000000000000000000000000100000000001000010000000010010000111100
28687,10000000000000000000000000001000000000000000001000000000000000000000000000001000000000000000000000000000000000000000000000000000000000000000000000100000000001000001000000000000000000100000000000001000000000000000000000000100000000001000010000000010010000111101
28798,10000000000000000000000000001000000000000000001000000000000000000000000000001000000000000000000000000000000000000000000000000000000000000000000000100000000001000001000000000000000000100000000000001000000000000000000000000100000000001000010000000010010000111110
29115,10000000000000000000000000001000000000000000001000000000000000000000000000001000000000000000000000000000000000000000000000000000000000000000000000100000000001000001000000000000000000100000000000001000000000000000000000000100000000001000010000000010010000111111
28954,10000000000000000000000000001000000000000000001000000000000000000000000000001000000000000000000000000000000000000000000000000000000000000000000000100000000001000001000000000000000000100000000000001000000000000000000000000100000000001100000000000000000101111100
28352,10000000000000000000000000001000000000000000001000000000000000000000000000001000000000000000000000000000000000000000000000000000000000000000000000100000000001000001000000000000000000100000000000001000000000000000000000000100000000101111110100000000000100001010
29211,10000000000000000000000000001000000000000000001000000000000000000000000000001000000000000000000000000000000000000000000000000000000000000000000000100000000001000001000000000000000000100000000000001000000000000000000000000100000000101111110100000000000100001011
29008,10000000000000000000000000001000000000000000001000000000000000000000000000001000000000000000000000000000000000000000000000000000000000000000000000100000000001000001000000000000000000100000000000001000000000000000000000000100000000101111110100000000000101001000
29397,10000000000000000000000000001000000000000000001000000000000000000000000000001000000000000000000000000000000000000000000000000000000000000000000000100000000001000001000000000000000000100000000000001000000000000000000000000100000000101111110100000000000101001001
29401,10000000000000000000000000001000000000000000001000000000000000000000000000001000000000000000000000000000000000000000000000000000000000000000000000100000000001000001000000000000000000100000000000001000000000000000000000000100000000101111110100000000000101001010
29402,10000000000000000000000000001000000000000000001000000000000000000000000000001000000000000000000000000000000000000000000000000000000000000000000000100000000001000001000000000000000000100000000000001000000000000000000000000100000000101111110100000000000101001011
29067,10000000000000000000000000001000000000000000001000000000000000000000000000001000000000000000000000000000000000000000000000000000000000000000000000100000000001000001000000000000000000100000000000001000000000000000000000000100000000101111110100000000000101010010
29076,10000000000000000000000000001000000000000000001000000000000000000000000000001000000000000000000000000000000000000000000000000000000000000000000000100000000001000001000000000000000000100000000000001000000000000000000000000100000000101111110100000000000101010011
30488,10000000000000000000000000001000000000000000001000000000000000000000000000001000000000000000000000000000000000000000000000000000000000000000000000100000000001000001000000000000010000000000000000000000000000000000000000000000101001000000000000000100000000000000
30984,10000000000000000000000000001000000000000000001000000000000000000000000000001000000000000000000000000000000000000000000000000000000000000000000000100000000001000001000000000000010000000000000000000000000000000000000000000000101001000000000000000100000000000010
31042,10000000000000000000000000001000000000000000001000000000000000000000000000001000000000000000000000000000000000000000000000000000000000000000000000100000000001000001000000000000010000000000000000000000000000000000000000000000101001000000000000000100000000000011
28552,10000000000000000000000000001000000000000000001000000000000000000000000000001000000000000000000000000000000000000000000000000000000000000000000000100000000001000001000000000000010000000000000000000000000000000000000000000000101001000000000000000100000000000100
28630,10000000000000000000000000001000000000000000001000000000000000000000000000001000000000000000000000000000000000000000000000000000000000000000000000100000000001000001000000000000010000000000000000000000000000000000000000000000101001000000000000000100000000001000
28564,10000000000000000000000000001000000000000000001000000000000000000000000000001000000000000000000000000000000000000000000000000000000000000000000000100000000001000001000000000000010000000000000000000000000000000000000000000000101001000000000000000100000000010000
31475,10000000000000000000000000001000000000000000001000000000000000000000000000001000000000000000000000000000000000000000000000000000000000000000000000100000000001000001000000000000010000000000000000000000000000000000000000000000101001000000000000000100000000100000
31476,10000000000000000000000000001000000000000000001000000000000000000000000000001000000000000000000000000000000000000000000000000000000000000000000000100000000001000001000000000000010000000000000000000000000000000000000000000000101001000000000000000100000000100001
28895,10000000000000000000000000001000000000000000001000000000000000000000000000001000000000000000000000000000000000000000000000000000000000000000000000100000000001000001000000000000010000000000000000000000000000000000000000000000101001000010010010001000000000000000
28914,100000000000000000000000000010000000000000000010000000000000000000000000000010000000000000000000000000000000000000000000000000000000000000000000001000000000010000010000000000000000001000000000000010000000000000000000000001000000000010000100000000100100000000000
29223,100000000000000000000000000010000000000000000010000000000000000000000000000010000000000000000000000000000000000000000000000000000000000000000000001000000000010000010000000000000000001000000000000010000000000000000000000001000000000010000100000000100100000000010
29224,100000000000000000000000000010000000000000000010000000000000000000000000000010000000000000000000000000000000000000000000000000000000000000000000001000000000010000010000000000000000001000000000000010000000000000000000000001000000000010000100000000100100000000011
28396,100000000000000000000000000010000000000000000010000000000000000000000000000010000000000000000000000000000000000000000000000000000000000000000000001000000000010000010000000000000000001000000000000010000000000000000000000001000000000010000100000000100100001111000
29220,100000000000000000000000000010000000000000000010000000000000000000000000000010000000000000000000000000000000000000000000000000000000000000000000001000000000010000010000000000000000001000000000000010000000000000000000000001000000000010000100000000100100001111001
28525,100000000000000000000000000010000000000000000010000000000000000000000000000010000000000000000000000000000000000000000000000000000000000000000000001000000000010000010000000000000000001000000000000010000000000000000000000001000000000010000100000000100100001111100
28799,100000000000000000000000000010000000000000000010000000000000000000000000000010000000000000000000000000000000000000000000000000000000000000000000001000000000010000010000000000000000001000000000000010000000000000000000000001000000000010000100000000100100001111101
28955,100000000000000000000000000010000000000000000010000000000000000000000000000010000000000000000000000000000000000000000000000000000000000000000000001000000000010000010000000000000000001000000000000010000000000000000000000001000000000011000000000000000001011111000
27452,100000000000000000000000000010000000000000000010000000000000000000000000000010000000000000000000000000000000000000000000000000000000000000000000001000000000010000010000000000000000001000000000000010000000000000000000000001000000001011111101000000000001000010110
29210,100000000000000000000000000010000000000000000010000000000000000000000000000010000000000000000000000000000000000000000000000000000000000000000000001000000000010000010000000000000000001000000000000010000000000000000000000001000000001011111101000000000001000010111
29009,100000000000000000000000000010000000000000000010000000000000000000000000000010000000000000000000000000000000000000000000000000000000000000000000001000000000010000010000000000000000001000000000000010000000000000000000000001000000001011111101000000000001010010000
29396,100000000000000000000000000010000000000000000010000000000000000000000000000010000000000000000000000000000000000000000000000000000000000000000000001000000000010000010000000000000000001000000000000010000000000000000000000001000000001011111101000000000001010010001
29399,100000000000000000000000000010000000000000000010000000000000000000000000000010000000000000000000000000000000000000000000000000000000000000000000001000000000010000010000000000000000001000000000000010000000000000000000000001000000001011111101000000000001010010010
29400,100000000000000000000000000010000000000000000010000000000000000000000000000010000000000000000000000000000000000000000000000000000000000000000000001000000000010000010000000000000000001000000000000010000000000000000000000001000000001011111101000000000001010010011
29094,100000000000000000000000000010000000000000000010000000000000000000000000000010000000000000000000000000000000000000000000000000000000000000000000001000000000010000010000000000000000001000000000000010000000000000000000000001000000001011111101000000000001010010100
29100,100000000000000000000000000010000000000000000010000000000000000000000000000010000000000000000000000000000000000000000000000000000000000000000000001000000000010000010000000000000000001000000000000010000000000000000000000001000000001011111101000000000001010010110
30489,100000000000000000000000000010000000000000000010000000000000000000000000000010000000000000000000000000000000000000000000000000000000000000000000001000000000010000010000000000000100000000000000000000000000000000000000000000001010010000000000000001000000000000000
31373,100000000000000000000000000010000000000000000010000000000000000000000000000010000000000000000000000000000000000000000000000000000000000000000000001000000000010000010000000000000100000000000000000000000000000000000000000000001010010000000000000001000000000000001
30985,100000000000000000000000000010000000000000000010000000000000000000000000000010000000000000000000000000000000000000000000000000000000000000000000001000000000010000010000000000000100000000000000000000000000000000000000000000001010010000000000000001000000000000100
31374,100000000000000000000000000010000000000000000010000000000000000000000000000010000000000000000000000000000000000000000000000000000000000000000000001000000000010000010000000000000100000000000000000000000000000000000000000000001010010000000000000001000000000000101
30794,100000000000000000000000000010000000000000000010000000000000000000000000000010000000000000000000000000000000000000000000000000000000000000000000001000000000010000010000000000000100000000000000000000000000000000000000000000001010010000000000000001000000000000110
31043,100000000000000000000000000010000000000000000010000000000000000000000000000010000000000000000000000000000000000000000000000000000000000000000000001000000000010000010000000000000100000000000000000000000000000000000000000000001010010000000000000001000000000000111
31468,100000000000000000000000000010000000000000000010000000000000000000000000000010000000000000000000000000000000000000000000000000000000000000000000001000000000010000010000000000000100000000000000000000000000000000000000000000001010010000000000000001000000000001000
31469,100000000000000000000000000010000000000000000010000000000000000000000000000010000000000000000000000000000000000000000000000000000000000000000000001000000000010000010000000000000100000000000000000000000000000000000000000000001010010000000000000001000000000001001
31474,100000000000000000000000000010000000000000000010000000000000000000000000000010000000000000000000000000000000000000000000000000000000000000000000001000000000010000010000000000000100000000000000000000000000000000000000000000001010010000000000000001000000001000000
31478,100000000000000000000000000010000000000000000010000000000000000000000000000010000000000000000000000000000000000000000000000000000000000000000000001000000000010000010000000000000100000000000000000000000000000000000000000000001010010000000000000001000000001000010
28915,1000000000000000000000000000100000000000000000100000000000000000000000000000100000000000000000000000000000000000000000000000000000000000000000000010000000000100000100000000000000000010000000000000100000000000000000000000010000000000100001000000001001000000000000
27450,1000000000000000000000000000100000000000000000100000000000000000000000000000100000000000000000000000000000000000000000000000000000000000000000000010000000000100000100000000000000000010000000000000100000000000000000000000010000000000100001000000001001000011110000
28397,1000000000000000000000000000100000000000000000100000000000000000000000000000100000000000000000000000000000000000000000000000000000000000000000000010000000000100000100000000000000000010000000000000100000000000000000000000010000000000100001000000001001000011110001
28800,1000000000000000000000000000100000000000000000100000000000000000000000000000100000000000000000000000000000000000000000000000000000000000000000000010000000000100000100000000000000000010000000000000100000000000000000000000010000000000100001000000001001000011111010
29169,1000000000000000000000000000100000000000000000100000000000000000000000000000100000000000000000000000000000000000000000000000000000000000000000000010000000000100000100000000000000000010000000000000100000000000000000000000010000000000100001000000001001000011111011
29010,1000000000000000000000000000100000000000000000100000000000000000000000000000100000000000000000000000000000000000000000000000000000000000000000000010000000000100000100000000000000000010000000000000100000000000000000000000010000000010111111010000000000010100100000
29394,1000000000000000000000000000100000000000000000100000000000000000000000000000100000000000000000000000000000000000000000000000000000000000000000000010000000000100000100000000000000000010000000000000100000000000000000000000010000000010111111010000000000010100100001
29395,1000000000000000000000000000100000000000000000100000000000000000000000000000100000000000000000000000000000000000000000000000000000000000000000000010000000000100000100000000000000000010000000000000100000000000000000000000010000000010111111010000000000010100100010
29404,1000000000000000000000000000100000000000000000100000000000000000000000000000100000000000000000000000000000000000000000000000000000000000000000000010000000000100000100000000000000000010000000000000100000000000000000000000010000000010111111010000000000010100100011
27973,1000000000000000000000000000100000000000000000100000000000000000000000000000100000000000000000000000000000000000000000000000000000000000000000000010000000000100000100000000000000000010000000000000100000000000000000000000010000000010111111010000000000010100100100
27974,1000000000000000000000000000100000000000000000100000000000000000000000000000100000000000000000000000000000000000000000000000000000000000000000000010000000000100000100000000000000000010000000000000100000000000000000000000010000000010111111010000000000010100100110
29095,1000000000000000000000000000100000000000000000100000000000000000000000000000100000000000000000000000000000000000000000000000000000000000000000000010000000000100000100000000000000000010000000000000100000000000000000000000010000000010111111010000000000010100101000
29097,1000000000000000000000000000100000000000000000100000000000000000000000000000100000000000000000000000000000000000000000000000000000000000000000000010000000000100000100000000000000000010000000000000100000000000000000000000010000000010111111010000000000010100101001
29126,1000000000000000000000000000100000000000000000100000000000000000000000000000100000000000000000000000000000000000000000000000000000000000000000000010000000000100000100000000000000000010000000000000100000000000000000000000010000000010111111010000000000010100101100
29130,1000000000000000000000000000100000000000000000100000000000000000000000000000100000000000000000000000000000000000000000000000000000000000000000000010000000000100000100000000000000000010000000000000100000000000000000000000010000000010111111010000000000010100101101
30490,1000000000000000000000000000100000000000000000100000000000000000000000000000100000000000000000000000000000000000000000000000000000000000000000000010000000000100000100000000000001000000000000000000000000000000000000000000000010100100000000000000010000000000000000
31456,1000000000000000000000000000100000000000000000100000000000000000000000000000100000000000000000000000000000000000000000000000000000000000000000000010000000000100000100000000000001000000000000000000000000000000000000000000000010100100000000000000010000000000000010
30569,1000000000000000000000000000100000000000000000100000000000000000000000000000100000000000000000000000000000000000000000000000000000000000000000000010000000000100000100000000000001000000000000000000000000000000000000000000000010100100000000000000010000000000001000
31446,1000000000000000000000000000100000000000000000100000000000000000000000000000100000000000000000000000000000000000000000000000000000000000000000000010000000000100000100000000000001000000000000000000000000000000000000000000000010100100000000000000010000000000001010
30795,1000000000000000000000000000100000000000000000100000000000000000000000000000100000000000000000000000000000000000000000000000000000000000000000000010000000000100000100000000000001000000000000000000000000000000000000000000000010100100000000000000010000000000001100
31379,1000000000000000000000000000100000000000000000100000000000000000000000000000100000000000000000000000000000000000000000000000000000000000000000000010000000000100000100000000000001000000000000000000000000000000000000000000000010100100000000000000010000000000001101
31044,1000000000000000000000000000100000000000000000100000000000000000000000000000100000000000000000000000000000000000000000000000000000000000000000000010000000000100000100000000000001000000000000000000000000000000000000000000000010100100000000000000010000000000001110
31140,1000000000000000000000000000100000000000000000100000000000000000000000000000100000000000000000000000000000000000000000000000000000000000000000000010000000000100000100000000000001000000000000000000000000000000000000000000000010100100000000000000010000000000001111
31465,1000000000000000000000000000100000000000000000100000000000000000000000000000100000000000000000000000000000000000000000000000000000000000000000000010000000000100000100000000000001000000000000000000000000000000000000000000000010100100000000000000010000000000010000
28559,1000000000000000000000000000100000000000000000100000000000000000000000000000100000000000000000000000000000000000000000000000000000000000000000000010000000000100000100000000000001000000000000000000000000000000000000000000000010100100000000000000010000000000010010
31479,1000000000000000000000000000100000000000000000100000000000000000000000000000100000000000000000000000000000000000000000000000000000000000000000000010000000000100000100000000000001000000000000000000000000000000000000000000000010100100000000000000010000000010000100
28916,10000000000000000000000000001000000000000000001000000000000000000000000000001000000000000000000000000000000000000000000000000000000000000000000000100000000001000001000000000000000000100000000000001000000000000000000000000100000000001000010000000010010000000000000
28689,10000000000000000000000000001000000000000000001000000000000000000000000000001000000000000000000000000000000000000000000000000000000000000000000000100000000001000001000000000000000000100000000000001000000000000000000000000100000000001000010000000010010000111100000
29146,10000000000000000000000000001000000000000000001000000000000000000000000000001000000000000000000000000000000000000000000000000000000000000000000000100000000001000001000000000000000000100000000000001000000000000000000000000100000000001000010000000010010000111100001
28398,10000000000000000000000000001000000000000000001000000000000000000000000000001000000000000000000000000000000000000000000000000000000000000000000000100000000001000001000000000000000000100000000000001000000000000000000000000100000000001000010000000010010000111100010
28801,10000000000000000000000000001000000000000000001000000000000000000000000000001000000000000000000000000000000000000000000000000000000000000000000000100000000001000001000000000000000000100000000000001000000000000000000000000100000000001000010000000010010000111110100
29188,10000000000000000000000000001000000000000000001000000000000000000000000000001000000000000000000000000000000000000000000000000000000000000000000000100000000001000001000000000000000000100000000000001000000000000000000000000100000000001000010000000010010000111110101
29011,10000000000000000000000000001000000000000000001000000000000000000000000000001000000000000000000000000000000000000000000000000000000000000000000000100000000001000001000000000000000000100000000000001000000000000000000000000100000000101111110100000000000101001000000
29393,10000000000000000000000000001000000000000000001000000000000000000000000000001000000000000000000000000000000000000000000000000000000000000000000000100000000001000001000000000000000000100000000000001000000000000000000000000100000000101111110100000000000101001000001
29071,10000000000000000000000000001000000000000000001000000000000000000000000000001000000000000000000000000000000000000000000000000000000000000000000000100000000001000001000000000000000000100000000000001000000000000000000000000100000000101111110100000000000101001000010
29078,10000000000000000000000000001000000000000000001000000000000000000000000000001000000000000000000000000000000000000000000000000000000000000000000000100000000001000001000000000000000000100000000000001000000000000000000000000100000000101111110100000000000101001000100
29403,10000000000000000000000000001000000000000000001000000000000000000000000000001000000000000000000000000000000000000000000000000000000000000000000000100000000001000001000000000000000000100000000000001000000000000000000000000100000000101111110100000000000101001000110
29405,10000000000000000000000000001000000000000000001000000000000000000000000000001000000000000000000000000000000000000000000000000000000000000000000000100000000001000001000000000000000000100000000000001000000000000000000000000100000000101111110100000000000101001000111
27972,10000000000000000000000000001000000000000000001000000000000000000000000000001000000000000000000000000000000000000000000000000000000000000000000000100000000001000001000000000000000000100000000000001000000000000000000000000100000000101111110100000000000101001001000
29090,10000000000000000000000000001000000000000000001000000000000000000000000000001000000000000000000000000000000000000000000000000000000000000000000000100000000001000001000000000000000000100000000000001000000000000000000000000100000000101111110100000000000101001001001
29104,10000000000000000000000000001000000000000000001000000000000000000000000000001000000000000000000000000000000000000000000000000000000000000000000000100000000001000001000000000000000000100000000000001000000000000000000000000100000000101111110100000000000101001011000
29127,10000000000000000000000000001000000000000000001000000000000000000000000000001000000000000000000000000000000000000000000000000000000000000000000000100000000001000001000000000000000000100000000000001000000000000000000000000100000000101111110100000000000101001011001
30491,10000000000000000000000000001000000000000000001000000000000000000000000000001000000000000000000000000000000000000000000000000000000000000000000000100000000001000001000000000000010000000000000000000000000000000000000000000000101001000000000000000100000000000000000
31643,10000000000000000000000000001000000000000000001000000000000000000000000000001000000000000000000000000000000000000000000000000000000000000000000000100000000001000001000000000000010000000000000000000000000000000000000000000000101001000000000000000100000000000000100
30570,10000000000000000000000000001000000000000000001000000000000000000000000000001000000000000000000000000000000000000000000000000000000000000000000000100000000001000001000000000000010000000000000000000000000000000000000000000000101001000000000000000100000000000010000
31440,10000000000000000000000000001000000000000000001000000000000000000000000000001000000000000000000000000000000000000000000000000000000000000000000000100000000001000001000000000000010000000000000000000000000000000000000000000000101001000000000000000100000000000010100
30796,10000000000000000000000000001000000000000000001000000000000000000000000000001000000000000000000000000000000000000000000000000000000000000000000000100000000001000001000000000000010000000000000000000000000000000000000000000000101001000000000000000100000000000011000
31377,10000000000000000000000000001000000000000000001000000000000000000000000000001000000000000000000000000000000000000000000000000000000000000000000000100000000001000001000000000000010000000000000000000000000000000000000000000000101001000000000000000100000000000011001
31452,10000000000000000000000000001000000000000000001000000000000000000000000000001000000000000000000000000000000000000000000000000000000000000000000000100000000001000001000000000000010000000000000000000000000000000000000000000000101001000000000000000100000000000011010
31045,10000000000000000000000000001000000000000000001000000000000000000000000000001000000000000000000000000000000000000000000000000000000000000000000000100000000001000001000000000000010000000000000000000000000000000000000000000000101001000000000000000100000000000011100
31141,10000000000000000000000000001000000000000000001000000000000000000000000000001000000000000000000000000000000000000000000000000000000000000000000000100000000001000001000000000000010000000000000000000000000000000000000000000000101001000000000000000100000000000011110
28554,10000000000000000000000000001000000000000000001000000000000000000000000000001000000000000000000000000000000000000000000000000000000000000000000000100000000001000001000000000000010000000000000000000000000000000000000000000000101001000000000000000100000000000100000
31463,10000000000000000000000000001000000000000000001000000000000000000000000000001000000000000000000000000000000000000000000000000000000000000000000000100000000001000001000000000000010000000000000000000000000000000000000000000000101001000000000000000100000000000100001
28399,100000000000000000000000000010000000000000000010000000000000000000000000000010000000000000000000000000000000000000000000000000000000000000000000001000000000010000010000000000000000001000000000000010000000000000000000000001000000000010000100000000100100001111000100
29113,100000000000000000000000000010000000000000000010000000000000000000000000000010000000000000000000000000000000000000000000000000000000000000000000001000000000010000010000000000000000001000000000000010000000000000000000000001000000000010000100000000100100001111000101
28515,100000000000000000000000000010000000000000000010000000000000000000000000000010000000000000000000000000000000000000000000000000000000000000000000001000000000010000010000000000000000001000000000000010000000000000000000000001000000000010000100000000100100001111101000
28802,100000000000000000000000000010000000000000000010000000000000000000000000000010000000000000000000000000000000000000000000000000000000000000000000001000000000010000010000000000000000001000000000000010000000000000000000000001000000000010000100000000100100001111101001
29012,100000000000000000000000000010000000000000000010000000000000000000000000000010000000000000000000000000000000000000000000000000000000000000000000001000000000010000010000000000000000001000000000000010000000000000000000000001000000001011111101000000000001010010000000
29392,100000000000000000000000000010000000000000000010000000000000000000000000000010000000000000000000000000000000000000000000000000000000000000000000001000000000010000010000000000000000001000000000000010000000000000000000000001000000001011111101000000000001010010000001
29066,100000000000000000000000000010000000000000000010000000000000000000000000000010000000000000000000000000000000000000000000000000000000000000000000001000000000010000010000000000000000001000000000000010000000000000000000000001000000001011111101000000000001010010000010
29077,100000000000000000000000000010000000000000000010000000000000000000000000000010000000000000000000000000000000000000000000000000000000000000000000001000000000010000010000000000000000001000000000000010000000000000000000000001000000001011111101000000000001010010001000
29079,100000000000000000000000000010000000000000000010000000000000000000000000000010000000000000000000000000000000000000000000000000000000000000000000001000000000010000010000000000000000001000000000000010000000000000000000000001000000001011111101000000000001010010001001
29068,100000000000000000000000000010000000000000000010000000000000000000000000000010000000000000000000000000000000000000000000000000000000000000000000001000000000010000010000000000000000001000000000000010000000000000000000000001000000001011111101000000000001010010001100
29072,100000000000000000000000000010000000000000000010000000000000000000000000000010000000000000000000000000000000000000000000000000000000000000000000001000000000010000010000000000000000001000000000000010000000000000000000000001000000001011111101000000000001010010001110
30493,100000000000000000000000000010000000000000000010000000000000000000000000000010000000000000000000000000000000000000000000000000000000000000000000001000000000010000010000000000000100000000000000000000000000000000000000000000001010010000000000000001000000000000000000
31459,100000000000000000000000000010000000000000000010000000000000000000000000000010000000000000000000000000000000000000000000000000000000000000000000001000000000010000010000000000000100000000000000000000000000000000000000000000001010010000000000000001000000000000001000
31011,100000000000000000000000000010000000000000000010000000000000000000000000000010000000000000000000000000000000000000000000000000000000000000000000001000000000010000010000000000000100000000000000000000000000000000000000000000001010010000000000000001000000000000100000
31439,100000000000000000000000000010000000000000000010000000000000000000000000000010000000000000000000000000000000000000000000000000000000000000000000001000000000010000010000000000000100000000000000000000000000000000000000000000001010010000000000000001000000000000101000
30797,100000000000000000000000000010000000000000000010000000000000000000000000000010000000000000000000000000000000000000000000000000000000000000000000001000000000010000010000000000000100000000000000000000000000000000000000000000001010010000000000000001000000000000110000
31375,100000000000000000000000000010000000000000000010000000000000000000000000000010000000000000000000000000000000000000000000000000000000000000000000001000000000010000010000000000000100000000000000000000000000000000000000000000001010010000000000000001000000000000110001
31376,100000000000000000000000000010000000000000000010000000000000000000000000000010000000000000000000000000000000000000000000000000000000000000000000001000000000010000010000000000000100000000000000000000000000000000000000000000001010010000000000000001000000000000110010
31599,100000000000000000000000000010000000000000000010000000000000000000000000000010000000000000000000000000000000000000000000000000000000000000000000001000000000010000010000000000000100000000000000000000000000000000000000000000001010010000000000000001000000000000110100
31046,100000000000000000000000000010000000000000000010000000000000000000000000000010000000000000000000000000000000000000000000000000000000000000000000001000000000010000010000000000000100000000000000000000000000000000000000000000001010010000000000000001000000000000111000
31142,100000000000000000000000000010000000000000000010000000000000000000000000000010000000000000000000000000000000000000000000000000000000000000000000001000000000010000010000000000000100000000000000000000000000000000000000000000001010010000000000000001000000000000111100
28400,1000000000000000000000000000100000000000000000100000000000000000000000000000100000000000000000000000000000000000000000000000000000000000000000000010000000000100000100000000000000000010000000000000100000000000000000000000010000000000100001000000001001000011110001000
29114,1000000000000000000000000000100000000000000000100000000000000000000000000000100000000000000000000000000000000000000000000000000000000000000000000010000000000100000100000000000000000010000000000000100000000000000000000000010000000000100001000000001001000011110001001
28803,1000000000000000000000000000100000000000000000100000000000000000000000000000100000000000000000000000000000000000000000000000000000000000000000000010000000000100000100000000000000000010000000000000100000000000000000000000010000000000100001000000001001000011111010010
29190,1000000000000000000000000000100000000000000000100000000000000000000000000000100000000000000000000000000000000000000000000000000000000000000000000010000000000100000100000000000000000010000000000000100000000000000000000000010000000000100001000000001001000011111010011
29013,1000000000000000000000000000100000000000000000100000000000000000000000000000100000000000000000000000000000000000000000000000000000000000000000000010000000000100000100000000000000000010000000000000100000000000000000000000010000000010111111010000000000010100100000000
29063,1000000000000000000000000000100000000000000000100000000000000000000000000000100000000000000000000000000000000000000000000000000000000000000000000010000000000100000100000000000000000010000000000000100000000000000000000000010000000010111111010000000000010100100000010
29064,1000000000000000000000000000100000000000000000100000000000000000000000000000100000000000000000000000000000000000000000000000000000000000000000000010000000000100000100000000000000000010000000000000100000000000000000000000010000000010111111010000000000010100100000100
29065,1000000000000000000000000000100000000000000000100000000000000000000000000000100000000000000000000000000000000000000000000000000000000000000000000010000000000100000100000000000000000010000000000000100000000000000000000000010000000010111111010000000000010100100000101
30495,1000000000000000000000000000100000000000000000100000000000000000000000000000100000000000000000000000000000000000000000000000000000000000000000000010000000000100000100000000000001000000000000000000000000000000000000000000000010100100000000000000010000000000000000000
31454,1000000000000000000000000000100000000000000000100000000000000000000000000000100000000000000000000000000000000000000000000000000000000000000000000010000000000100000100000000000001000000000000000000000000000000000000000000000010100100000000000000010000000000000000001
31644,1000000000000000000000000000100000000000000000100000000000000000000000000000100000000000000000000000000000000000000000000000000000000000000000000010000000000100000100000000000001000000000000000000000000000000000000000000000010100100000000000000010000000000000010000
31012,1000000000000000000000000000100000000000000000100000000000000000000000000000100000000000000000000000000000000000000000000000000000000000000000000010000000000100000100000000000001000000000000000000000000000000000000000000000010100100000000000000010000000000001000000
31431,1000000000000000000000000000100000000000000000100000000000000000000000000000100000000000000000000000000000000000000000000000000000000000000000000010000000000100000100000000000001000000000000000000000000000000000000000000000010100100000000000000010000000000001000001
31554,1000000000000000000000000000100000000000000000100000000000000000000000000000100000000000000000000000000000000000000000000000000000000000000000000010000000000100000100000000000001000000000000000000000000000000000000000000000010100100000000000000010000000000001010000
31096,1000000000000000000000000000100000000000000000100000000000000000000000000000100000000000000000000000000000000000000000000000000000000000000000000010000000000100000100000000000001000000000000000000000000000000000000000000000010100100000000000000010000000000001100000
31441,1000000000000000000000000000100000000000000000100000000000000000000000000000100000000000000000000000000000000000000000000000000000000000000000000010000000000100000100000000000001000000000000000000000000000000000000000000000010100100000000000000010000000000001100010
31445,1000000000000000000000000000100000000000000000100000000000000000000000000000100000000000000000000000000000000000000000000000000000000000000000000010000000000100000100000000000001000000000000000000000000000000000000000000000010100100000000000000010000000000001100100
31453,1000000000000000000000000000100000000000000000100000000000000000000000000000100000000000000000000000000000000000000000000000000000000000000000000010000000000100000100000000000001000000000000000000000000000000000000000000000010100100000000000000010000000000001101000
31047,1000000000000000000000000000100000000000000000100000000000000000000000000000100000000000000000000000000000000000000000000000000000000000000000000010000000000100000100000000000001000000000000000000000000000000000000000000000010100100000000000000010000000000001110000
31143,1000000000000000000000000000100000000000000000100000000000000000000000000000100000000000000000000000000000000000000000000000000000000000000000000010000000000100000100000000000001000000000000000000000000000000000000000000000010100100000000000000010000000000001111000
28401,10000000000000000000000000001000000000000000001000000000000000000000000000001000000000000000000000000000000000000000000000000000000000000000000000100000000001000001000000000000000000100000000000001000000000000000000000000100000000001000010000000010010000111100010000
28903,10000000000000000000000000001000000000000000001000000000000000000000000000001000000000000000000000000000000000000000000000000000000000000000000000100000000001000001000000000000000000100000000000001000000000000000000000000100000000001000010000000010010000111100010001
27444,10000000000000000000000000001000000000000000001000000000000000000000000000001000000000000000000000000000000000000000000000000000000000000000000000100000000001000001000000000000000000100000000000001000000000000000000000000100000000001000010000000010010000111100010010
28686,10000000000000000000000000001000000000000000001000000000000000000000000000001000000000000000000000000000000000000000000000000000000000000000000000100000000001000001000000000000000000100000000000001000000000000000000000000100000000001000010000000010010000111100010011
28526,10000000000000000000000000001000000000000000001000000000000000000000000000001000000000000000000000000000000000000000000000000000000000000000000000100000000001000001000000000000000000100000000000001000000000000000000000000100000000001000010000000010010000111110100100
28804,10000000000000000000000000001000000000000000001000000000000000000000000000001000000000000000000000000000000000000000000000000000000000000000000000100000000001000001000000000000000000100000000000001000000000000000000000000100000000001000010000000010010000111110100101
28443,10000000000000000000000000001000000000000000001000000000000000000000000000001000000000000000000000000000000000000000000000000000000000000000000000100000000001000001000000000000000000100000000000001000000000000000000000000100000000001000010000000010010000111110100110
27970,10000000000000000000000000001000000000000000001000000000000000000000000000001000000000000000000000000000000000000000000000000000000000000000000000100000000001000001000000000000000000100000000000001000000000000000000000000100000000101111110100000000000101001000000000
29014,10000000000000000000000000001000000000000000001000000000000000000000000000001000000000000000000000000000000000000000000000000000000000000000000000100000000001000001000000000000000000100000000000001000000000000000000000000100000000101111110100000000000101001000000001
29061,10000000000000000000000000001000000000000000001000000000000000000000000000001000000000000000000000000000000000000000000000000000000000000000000000100000000001000001000000000000000000100000000000001000000000000000000000000100000000101111110100000000000101001000000100
29062,10000000000000000000000000001000000000000000001000000000000000000000000000001000000000000000000000000000000000000000000000000000000000000000000000100000000001000001000000000000000000100000000000001000000000000000000000000100000000101111110100000000000101001000000101
27963,10000000000000000000000000001000000000000000001000000000000000000000000000001000000000000000000000000000000000000000000000000000000000000000000000100000000001000001000000000000000000100000000000001000000000000000000000000100000000101111110100000000000101001000001000
27964,10000000000000000000000000001000000000000000001000000000000000000000000000001000000000000000000000000000000000000000000000000000000000000000000000100000000001000001000000000000000000100000000000001000000000000000000000000100000000101111110100000000000101001000001001
30492,10000000000000000000000000001000000000000000001000000000000000000000000000001000000000000000000000000000000000000000000000000000000000000000000000100000000001000001000000000000010000000000000000000000000000000000000000000000101001000000000000000100000000000000000000
31449,10000000000000000000000000001000000000000000001000000000000000000000000000001000000000000000000000000000000000000000000000000000000000000000000000100000000001000001000000000000010000000000000000000000000000000000000000000000101001000000000000000100000000000000000010
28562,10000000000000000000000000001000000000000000001000000000000000000000000000001000000000000000000000000000000000000000000000000000000000000000000000100000000001000001000000000000010000000000000000000000000000000000000000000000101001000000000000000100000000000000100000
31013,10000000000000000000000000001000000000000000001000000000000000000000000000001000000000000000000000000000000000000000000000000000000000000000000000100000000001000001000000000000010000000000000000000000000000000000000000000000101001000000000000000100000000000010000000
31428,10000000000000000000000000001000000000000000001000000000000000000000000000001000000000000000000000000000000000000000000000000000000000000000000000100000000001000001000000000000010000000000000000000000000000000000000000000000101001000000000000000100000000000010000010
31435,10000000000000000000000000001000000000000000001000000000000000000000000000001000000000000000000000000000000000000000000000000000000000000000000000100000000001000001000000000000010000000000000000000000000000000000000000000000101001000000000000000100000000000010100000
31436,10000000000000000000000000001000000000000000001000000000000000000000000000001000000000000000000000000000000000000000000000000000000000000000000000100000000001000001000000000000010000000000000000000000000000000000000000000000101001000000000000000100000000000010100001
31097,10000000000000000000000000001000000000000000001000000000000000000000000000001000000000000000000000000000000000000000000000000000000000000000000000100000000001000001000000000000010000000000000000000000000000000000000000000000101001000000000000000100000000000011000000
31629,10000000000000000000000000001000000000000000001000000000000000000000000000001000000000000000000000000000000000000000000000000000000000000000000000100000000001000001000000000000010000000000000000000000000000000000000000000000101001000000000000000100000000000011000001
31444,10000000000000000000000000001000000000000000001000000000000000000000000000001000000000000000000000000000000000000000000000000000000000000000000000100000000001000001000000000000010000000000000000000000000000000000000000000000101001000000000000000100000000000011000100
31598,10000000000000000000000000001000000000000000001000000000000000000000000000001000000000000000000000000000000000000000000000000000000000000000000000100000000001000001000000000000010000000000000000000000000000000000000000000000101001000000000000000100000000000011000101
31048,10000000000000000000000000001000000000000000001000000000000000000000000000001000000000000000000000000000000000000000000000000000000000000000000000100000000001000001000000000000010000000000000000000000000000000000000000000000101001000000000000000100000000000011100000
31144,10000000000000000000000000001000000000000000001000000000000000000000000000001000000000000000000000000000000000000000000000000000000000000000000000100000000001000001000000000000010000000000000000000000000000000000000000000000101001000000000000000100000000000011110000
28354,100000000000000000000000000010000000000000000010000000000000000000000000000010000000000000000000000000000000000000000000000000000000000000000000001000000000010000010000000000000000001000000000000010000000000000000000000001000000000010000100000000100100001111000100000
28402,100000000000000000000000000010000000000000000010000000000000000000000000000010000000000000000000000000000000000000000000000000000000000000000000001000000000010000010000000000000000001000000000000010000000000000000000000001000000000010000100000000100100001111000100001
28904,100000000000000000000000000010000000000000000010000000000000000000000000000010000000000000000000000000000000000000000000000000000000000000000000001000000000010000010000000000000000001000000000000010000000000000000000000001000000000010000100000000100100001111000100010
28993,100000000000000000000000000010000000000000000010000000000000000000000000000010000000000000000000000000000000000000000000000000000000000000000000001000000000010000010000000000000000001000000000000010000000000000000000000001000000000010000100000000100100001111000100011
28805,100000000000000000000000000010000000000000000010000000000000000000000000000010000000000000000000000000000000000000000000000000000000000000000000001000000000010000010000000000000000001000000000000010000000000000000000000001000000000010000100000000100100001111101001010
29053,100000000000000000000000000010000000000000000010000000000000000000000000000010000000000000000000000000000000000000000000000000000000000000000000001000000000010000010000000000000000001000000000000010000000000000000000000001000000000010000100000000100100001111101001011
27971,100000000000000000000000000010000000000000000010000000000000000000000000000010000000000000000000000000000000000000000000000000000000000000000000001000000000010000010000000000000000001000000000000010000000000000000000000001000000001011111101000000000001010010000000000
29059,100000000000000000000000000010000000000000000010000000000000000000000000000010000000000000000000000000000000000000000000000000000000000000000000001000000000010000010000000000000000001000000000000010000000000000000000000001000000001011111101000000000001010010000000001
29015,100000000000000000000000000010000000000000000010000000000000000000000000000010000000000000000000000000000000000000000000000000000000000000000000001000000000010000010000000000000000001000000000000010000000000000000000000001000000001011111101000000000001010010000000010
27965,100000000000000000000000000010000000000000000010000000000000000000000000000010000000000000000000000000000000000000000000000000000000000000000000001000000000010000010000000000000000001000000000000010000000000000000000000001000000001011111101000000000001010010000001000
27966,100000000000000000000000000010000000000000000010000000000000000000000000000010000000000000000000000000000000000000000000000000000000000000000000001000000000010000010000000000000000001000000000000010000000000000000000000001000000001011111101000000000001010010000001001
31458,100000000000000000000000000010000000000000000010000000000000000000000000000010000000000000000000000000000000000000000000000000000000000000000000001000000000010000010000000000000100000000000000000000000000000000000000000000001010010000000000000001000000000000000000000
31014,100000000000000000000000000010000000000000000010000000000000000000000000000010000000000000000000000000000000000000000000000000000000000000000000001000000000010000010000000000000100000000000000000000000000000000000000000000001010010000000000000001000000000000100000000
31279,100000000000000000000000000010000000000000000010000000000000000000000000000010000000000000000000000000000000000000000000000000000000000000000000001000000000010000010000000000000100000000000000000000000000000000000000000000001010010000000000000001000000000000100000001
29765,100000000000000000000000000010000000000000000010000000000000000000000000000010000000000000000000000000000000000000000000000000000000000000000000001000000000010000010000000000000100000000000000000000000000000000000000000000001010010000000000000001000000000000100000100
31427,100000000000000000000000000010000000000000000010000000000000000000000000000010000000000000000000000000000000000000000000000000000000000000000000001000000000010000010000000000000100000000000000000000000000000000000000000000001010010000000000000001000000000000101000000
31098,100000000000000000000000000010000000000000000010000000000000000000000000000010000000000000000000000000000000000000000000000000000000000000000000001000000000010000010000000000000100000000000000000000000000000000000000000000001010010000000000000001000000000000110000000
31628,100000000000000000000000000010000000000000000010000000000000000000000000000010000000000000000000000000000000000000000000000000000000000000000000001000000000010000010000000000000100000000000000000000000000000000000000000000001010010000000000000001000000000000110000001
31311,100000000000000000000000000010000000000000000010000000000000000000000000000010000000000000000000000000000000000000000000000000000000000000000000001000000000010000010000000000000100000000000000000000000000000000000000000000001010010000000000000001000000000000110000010
29762,100000000000000000000000000010000000000000000010000000000000000000000000000010000000000000000000000000000000000000000000000000000000000000000000001000000000010000010000000000000100000000000000000000000000000000000000000000001010010000000000000001000000000000110001010
31049,100000000000000000000000000010000000000000000010000000000000000000000000000010000000000000000000000000000000000000000000000000000000000000000000001000000000010000010000000000000100000000000000000000000000000000000000000000001010010000000000000001000000000000111000000
31145,100000000000000000000000000010000000000000000010000000000000000000000000000010000000000000000000000000000000000000000000000000000000000000000000001000000000010000010000000000000100000000000000000000000000000000000000000000001010010000000000000001000000000000111100000
31400,100000000000000000000000000010000000000000000010000000000000000000000000000010000000000000000000000000000000000000000000000000000000000000000000001000000000010000010000000000000100000000000000000000000000000000000000000000001010010000000000000001000000000000111100001
28403,1000000000000000000000000000100000000000000000100000000000000000000000000000100000000000000000000000000000000000000000000000000000000000000000000010000000000100000100000000000000000010000000000000100000000000000000000000010000000000100001000000001001000011110001000010
28990,1000000000000000000000000000100000000000000000100000000000000000000000000000100000000000000000000000000000000000000000000000000000000000000000000010000000000100000100000000000000000010000000000000100000000000000000000000010000000000100001000000001001000011110001000011
28905,1000000000000000000000000000100000000000000000100000000000000000000000000000100000000000000000000000000000000000000000000000000000000000000000000010000000000100000100000000000000000010000000000000100000000000000000000000010000000000100001000000001001000011110001000100
28991,1000000000000000000000000000100000000000000000100000000000000000000000000000100000000000000000000000000000000000000000000000000000000000000000000010000000000100000100000000000000000010000000000000100000000000000000000000010000000000100001000000001001000011110001000101
28441,1000000000000000000000000000100000000000000000100000000000000000000000000000100000000000000000000000000000000000000000000000000000000000000000000010000000000100000100000000000000000010000000000000100000000000000000000000010000000000100001000000001001000011111010010100
28806,1000000000000000000000000000100000000000000000100000000000000000000000000000100000000000000000000000000000000000000000000000000000000000000000000010000000000100000100000000000000000010000000000000100000000000000000000000010000000000100001000000001001000011111010010101
29056,1000000000000000000000000000100000000000000000100000000000000000000000000000100000000000000000000000000000000000000000000000000000000000000000000010000000000100000100000000000000000010000000000000100000000000000000000000010000000000100001000000001001000011111010010110
29058,1000000000000000000000000000100000000000000000100000000000000000000000000000100000000000000000000000000000000000000000000000000000000000000000000010000000000100000100000000000000000010000000000000100000000000000000000000010000000010111111010000000000010100100000000010
29060,1000000000000000000000000000100000000000000000100000000000000000000000000000100000000000000000000000000000000000000000000000000000000000000000000010000000000100000100000000000000000010000000000000100000000000000000000000010000000010111111010000000000010100100000000011
27967,1000000000000000000000000000100000000000000000100000000000000000000000000000100000000000000000000000000000000000000000000000000000000000000000000010000000000100000100000000000000000010000000000000100000000000000000000000010000000010111111010000000000010100100000000100
29016,1000000000000000000000000000100000000000000000100000000000000000000000000000100000000000000000000000000000000000000000000000000000000000000000000010000000000100000100000000000000000010000000000000100000000000000000000000010000000010111111010000000000010100100000000101
31563,1000000000000000000000000000100000000000000000100000000000000000000000000000100000000000000000000000000000000000000000000000000000000000000000000010000000000100000100000000000001000000000000000000000000000000000000000000000010100100000000000000010000000000000000000000
31015,1000000000000000000000000000100000000000000000100000000000000000000000000000100000000000000000000000000000000000000000000000000000000000000000000010000000000100000100000000000001000000000000000000000000000000000000000000000010100100000000000000010000000000001000000000
31266,1000000000000000000000000000100000000000000000100000000000000000000000000000100000000000000000000000000000000000000000000000000000000000000000000010000000000100000100000000000001000000000000000000000000000000000000000000000010100100000000000000010000000000001000000010
31267,1000000000000000000000000000100000000000000000100000000000000000000000000000100000000000000000000000000000000000000000000000000000000000000000000010000000000100000100000000000001000000000000000000000000000000000000000000000010100100000000000000010000000000001000000011
29764,1000000000000000000000000000100000000000000000100000000000000000000000000000100000000000000000000000000000000000000000000000000000000000000000000010000000000100000100000000000001000000000000000000000000000000000000000000000010100100000000000000010000000000001000001000
29766,1000000000000000000000000000100000000000000000100000000000000000000000000000100000000000000000000000000000000000000000000000000000000000000000000010000000000100000100000000000001000000000000000000000000000000000000000000000010100100000000000000010000000000001000001001
31099,1000000000000000000000000000100000000000000000100000000000000000000000000000100000000000000000000000000000000000000000000000000000000000000000000010000000000100000100000000000001000000000000000000000000000000000000000000000010100100000000000000010000000000001100000000
31300,1000000000000000000000000000100000000000000000100000000000000000000000000000100000000000000000000000000000000000000000000000000000000000000000000010000000000100000100000000000001000000000000000000000000000000000000000000000010100100000000000000010000000000001100000010
29763,1000000000000000000000000000100000000000000000100000000000000000000000000000100000000000000000000000000000000000000000000000000000000000000000000010000000000100000100000000000001000000000000000000000000000000000000000000000010100100000000000000010000000000001100000100
31050,1000000000000000000000000000100000000000000000100000000000000000000000000000100000000000000000000000000000000000000000000000000000000000000000000010000000000100000100000000000001000000000000000000000000000000000000000000000010100100000000000000010000000000001110000000
31146,1000000000000000000000000000100000000000000000100000000000000000000000000000100000000000000000000000000000000000000000000000000000000000000000000010000000000100000100000000000001000000000000000000000000000000000000000000000010100100000000000000010000000000001111000000
31303,1000000000000000000000000000100000000000000000100000000000000000000000000000100000000000000000000000000000000000000000000000000000000000000000000010000000000100000100000000000001000000000000000000000000000000000000000000000010100100000000000000010000000000001111000001
31351,1000000000000000000000000000100000000000000000100000000000000000000000000000100000000000000000000000000000000000000000000000000000000000000000000010000000000100000100000000000001000000000000000000000000000000000000000000000010100100000000000000010000000000001111000010
28808,10000000000000000000000000001000000000000000001000000000000000000000000000001000000000000000000000000000000000000000000000000000000000000000000000100000000001000001000000000000000000100000000000001000000000000000000000000100000000001000010000000010010000111100010000100
28809,10000000000000000000000000001000000000000000001000000000000000000000000000001000000000000000000000000000000000000000000000000000000000000000000000100000000001000001000000000000000000100000000000001000000000000000000000000100000000001000010000000010010000111100010000101
28906,10000000000000000000000000001000000000000000001000000000000000000000000000001000000000000000000000000000000000000000000000000000000000000000000000100000000001000001000000000000000000100000000000001000000000000000000000000100000000001000010000000010010000111100010001000
28987,10000000000000000000000000001000000000000000001000000000000000000000000000001000000000000000000000000000000000000000000000000000000000000000000000100000000001000001000000000000000000100000000000001000000000000000000000000100000000001000010000000010010000111100010001001
28807,10000000000000000000000000001000000000000000001000000000000000000000000000001000000000000000000000000000000000000000000000000000000000000000000000100000000001000001000000000000000000100000000000001000000000000000000000000100000000001000010000000010010000111110100101010
29187,10000000000000000000000000001000000000000000001000000000000000000000000000001000000000000000000000000000000000000000000000000000000000000000000000100000000001000001000000000000000000100000000000001000000000000000000000000100000000001000010000000010010000111110100101011
29043,10000000000000000000000000001000000000000000001000000000000000000000000000001000000000000000000000000000000000000000000000000000000000000000000000100000000001000001000000000000000000100000000000001000000000000000000000000100000000101111110100000000000101001000000000100
29045,10000000000000000000000000001000000000000000001000000000000000000000000000001000000000000000000000000000000000000000000000000000000000000000000000100000000001000001000000000000000000100000000000001000000000000000000000000100000000101111110100000000000101001000000000101
27968,10000000000000000000000000001000000000000000001000000000000000000000000000001000000000000000000000000000000000000000000000000000000000000000000000100000000001000001000000000000000000100000000000001000000000000000000000000100000000101111110100000000000101001000000001010
29017,10000000000000000000000000001000000000000000001000000000000000000000000000001000000000000000000000000000000000000000000000000000000000000000000000100000000001000001000000000000000000100000000000001000000000000000000000000100000000101111110100000000000101001000000001011
31564,10000000000000000000000000001000000000000000001000000000000000000000000000001000000000000000000000000000000000000000000000000000000000000000000000100000000001000001000000000000010000000000000000000000000000000000000000000000101001000000000000000100000000000000000000000
31016,10000000000000000000000000001000000000000000001000000000000000000000000000001000000000000000000000000000000000000000000000000000000000000000000000100000000001000001000000000000010000000000000000000000000000000000000000000000101001000000000000000100000000000010000000000
31277,10000000000000000000000000001000000000000000001000000000000000000000000000001000000000000000000000000000000000000000000000000000000000000000000000100000000001000001000000000000010000000000000000000000000000000000000000000000101001000000000000000100000000000010000000001
30988,10000000000000000000000000001000000000000000001000000000000000000000000000001000000000000000000000000000000000000000000000000000000000000000000000100000000001000001000000000000010000000000000000000000000000000000000000000000101001000000000000000100000000000010000000100
29767,10000000000000000000000000001000000000000000001000000000000000000000000000001000000000000000000000000000000000000000000000000000000000000000000000100000000001000001000000000000010000000000000000000000000000000000000000000000101001000000000000000100000000000010000000110
31309,10000000000000000000000000001000000000000000001000000000000000000000000000001000000000000000000000000000000000000000000000000000000000000000000000100000000001000001000000000000010000000000000000000000000000000000000000000000101001000000000000000100000000000010000010000
30616,10000000000000000000000000001000000000000000001000000000000000000000000000001000000000000000000000000000000000000000000000000000000000000000000000100000000001000001000000000000010000000000000000000000000000000000000000000000101001000000000000000100000000000010000010010
31100,10000000000000000000000000001000000000000000001000000000000000000000000000001000000000000000000000000000000000000000000000000000000000000000000000100000000001000001000000000000010000000000000000000000000000000000000000000000101001000000000000000100000000000011000000000
30615,10000000000000000000000000001000000000000000001000000000000000000000000000001000000000000000000000000000000000000000000000000000000000000000000000100000000001000001000000000000010000000000000000000000000000000000000000000000101001000000000000000100000000000011000000100
31295,10000000000000000000000000001000000000000000001000000000000000000000000000001000000000000000000000000000000000000000000000000000000000000000000000100000000001000001000000000000010000000000000000000000000000000000000000000000101001000000000000000100000000000011000000101
31397,10000000000000000000000000001000000000000000001000000000000000000000000000001000000000000000000000000000000000000000000000000000000000000000000000100000000001000001000000000000010000000000000000000000000000000000000000000000101001000000000000000100000000000011000001000
31051,10000000000000000000000000001000000000000000001000000000000000000000000000001000000000000000000000000000000000000000000000000000000000000000000000100000000001000001000000000000010000000000000000000000000000000000000000000000101001000000000000000100000000000011100000000
31147,10000000000000000000000000001000000000000000001000000000000000000000000000001000000000000000000000000000000000000000000000000000000000000000000000100000000001000001000000000000010000000000000000000000000000000000000000000000101001000000000000000100000000000011110000000
31353,10000000000000000000000000001000000000000000001000000000000000000000000000001000000000000000000000000000000000000000000000000000000000000000000000100000000001000001000000000000010000000000000000000000000000000000000000000000101001000000000000000100000000000011110000001
31283,10000000000000000000000000001000000000000000001000000000000000000000000000001000000000000000000000000000000000000000000000000000000000000000000000100000000001000001000000000000010000000000000000000000000000000000000000000000101001000000000000000100000000000011110000100
28810,100000000000000000000000000010000000000000000010000000000000000000000000000010000000000000000000000000000000000000000000000000000000000000000000001000000000010000010000000000000000001000000000000010000000000000000000000001000000000010000100000000100100001111000100001010
28988,100000000000000000000000000010000000000000000010000000000000000000000000000010000000000000000000000000000000000000000000000000000000000000000000001000000000010000010000000000000000001000000000000010000000000000000000000001000000000010000100000000100100001111000100001011
28907,100000000000000000000000000010000000000000000010000000000000000000000000000010000000000000000000000000000000000000000000000000000000000000000000001000000000010000010000000000000000001000000000000010000000000000000000000001000000000010000100000000100100001111000100010000
28983,100000000000000000000000000010000000000000000010000000000000000000000000000010000000000000000000000000000000000000000000000000000000000000000000001000000000010000010000000000000000001000000000000010000000000000000000000001000000000010000100000000100100001111000100010001
28391,100000000000000000000000000010000000000000000010000000000000000000000000000010000000000000000000000000000000000000000000000000000000000000000000001000000000010000010000000000000000001000000000000010000000000000000000000001000000000010000100000000100100001111101001010100
28518,100000000000000000000000000010000000000000000010000000000000000000000000000010000000000000000000000000000000000000000000000000000000000000000000001000000000010000010000000000000000001000000000000010000000000000000000000001000000000010000100000000100100001111101001010101
29044,100000000000000000000000000010000000000000000010000000000000000000000000000010000000000000000000000000000000000000000000000000000000000000000000001000000000010000010000000000000000001000000000000010000000000000000000000001000000001011111101000000000001010010000000001010
29102,100000000000000000000000000010000000000000000010000000000000000000000000000010000000000000000000000000000000000000000000000000000000000000000000001000000000010000010000000000000000001000000000000010000000000000000000000001000000001011111101000000000001010010000000001011
27961,100000000000000000000000000010000000000000000010000000000000000000000000000010000000000000000000000000000000000000000000000000000000000000000000001000000000010000010000000000000000001000000000000010000000000000000000000001000000001011111101000000000001010010000000010100
27962,100000000000000000000000000010000000000000000010000000000000000000000000000010000000000000000000000000000000000000000000000000000000000000000000001000000000010000010000000000000000001000000000000010000000000000000000000001000000001011111101000000000001010010000000010101
29018,100000000000000000000000000010000000000000000010000000000000000000000000000010000000000000000000000000000000000000000000000000000000000000000000001000000000010000010000000000000000001000000000000010000000000000000000000001000000001011111101000000000001010010000000010110
29201,100000000000000000000000000010000000000000000010000000000000000000000000000010000000000000000000000000000000000000000000000000000000000000000000001000000000010000010000000000000000001000000000000010000000000000000000000001000000001011111101000000000001010010000000010111
31562,100000000000000000000000000010000000000000000010000000000000000000000000000010000000000000000000000000000000000000000000000000000000000000000000001000000000010000010000000000000100000000000000000000000000000000000000000000001010010000000000000001000000000000000000000000
31017,100000000000000000000000000010000000000000000010000000000000000000000000000010000000000000000000000000000000000000000000000000000000000000000000001000000000010000010000000000000100000000000000000000000000000000000000000000001010010000000000000001000000000000100000000000
31270,100000000000000000000000000010000000000000000010000000000000000000000000000010000000000000000000000000000000000000000000000000000000000000000000001000000000010000010000000000000100000000000000000000000000000000000000000000001010010000000000000001000000000000100000000001
31281,100000000000000000000000000010000000000000000010000000000000000000000000000010000000000000000000000000000000000000000000000000000000000000000000001000000000010000010000000000000100000000000000000000000000000000000000000000001010010000000000000001000000000000100000000010
31296,100000000000000000000000000010000000000000000010000000000000000000000000000010000000000000000000000000000000000000000000000000000000000000000000001000000000010000010000000000000100000000000000000000000000000000000000000000001010010000000000000001000000000000100000000011
31261,100000000000000000000000000010000000000000000010000000000000000000000000000010000000000000000000000000000000000000000000000000000000000000000000001000000000010000010000000000000100000000000000000000000000000000000000000000001010010000000000000001000000000000100000001100
31290,100000000000000000000000000010000000000000000010000000000000000000000000000010000000000000000000000000000000000000000000000000000000000000000000001000000000010000010000000000000100000000000000000000000000000000000000000000001010010000000000000001000000000000100000100000
30617,100000000000000000000000000010000000000000000010000000000000000000000000000010000000000000000000000000000000000000000000000000000000000000000000001000000000010000010000000000000100000000000000000000000000000000000000000000001010010000000000000001000000000000100000100100
31101,100000000000000000000000000010000000000000000010000000000000000000000000000010000000000000000000000000000000000000000000000000000000000000000000001000000000010000010000000000000100000000000000000000000000000000000000000000001010010000000000000001000000000000110000000000
31286,100000000000000000000000000010000000000000000010000000000000000000000000000010000000000000000000000000000000000000000000000000000000000000000000001000000000010000010000000000000100000000000000000000000000000000000000000000001010010000000000000001000000000000110000001010
31289,100000000000000000000000000010000000000000000010000000000000000000000000000010000000000000000000000000000000000000000000000000000000000000000000001000000000010000010000000000000100000000000000000000000000000000000000000000001010010000000000000001000000000000110000001011
30614,100000000000000000000000000010000000000000000010000000000000000000000000000010000000000000000000000000000000000000000000000000000000000000000000001000000000010000010000000000000100000000000000000000000000000000000000000000001010010000000000000001000000000000110000010000
31396,100000000000000000000000000010000000000000000010000000000000000000000000000010000000000000000000000000000000000000000000000000000000000000000000001000000000010000010000000000000100000000000000000000000000000000000000000000001010010000000000000001000000000000110000010001
31052,100000000000000000000000000010000000000000000010000000000000000000000000000010000000000000000000000000000000000000000000000000000000000000000000001000000000010000010000000000000100000000000000000000000000000000000000000000001010010000000000000001000000000000111000000000
29768,100000000000000000000000000010000000000000000010000000000000000000000000000010000000000000000000000000000000000000000000000000000000000000000000001000000000010000010000000000000100000000000000000000000000000000000000000000001010010000000000000001000000000000111100000000
31148,100000000000000000000000000010000000000000000010000000000000000000000000000010000000000000000000000000000000000000000000000000000000000000000000001000000000010000010000000000000100000000000000000000000000000000000000000000001010010000000000000001000000000000111100000001
31352,100000000000000000000000000010000000000000000010000000000000000000000000000010000000000000000000000000000000000000000000000000000000000000000000001000000000010000010000000000000100000000000000000000000000000000000000000000001010010000000000000001000000000000111100000010
28811,1000000000000000000000000000100000000000000000100000000000000000000000000000100000000000000000000000000000000000000000000000000000000000000000000010000000000100000100000000000000000010000000000000100000000000000000000000010000000000100001000000001001000011110001000010100
28825,1000000000000000000000000000100000000000000000100000000000000000000000000000100000000000000000000000000000000000000000000000000000000000000000000010000000000100000100000000000000000010000000000000100000000000000000000000010000000000100001000000001001000011110001000010101
28602,1000000000000000000000000000100000000000000000100000000000000000000000000000100000000000000000000000000000000000000000000000000000000000000000000010000000000100000100000000000000000010000000000000100000000000000000000000010000000000100001000000001001000011110001000100000
28908,1000000000000000000000000000100000000000000000100000000000000000000000000000100000000000000000000000000000000000000000000000000000000000000000000010000000000100000100000000000000000010000000000000100000000000000000000000010000000000100001000000001001000011110001000100001
28978,1000000000000000000000000000100000000000000000100000000000000000000000000000100000000000000000000000000000000000000000000000000000000000000000000010000000000100000100000000000000000010000000000000100000000000000000000000010000000000100001000000001001000011110001000100010
28985,1000000000000000000000000000100000000000000000100000000000000000000000000000100000000000000000000000000000000000000000000000000000000000000000000010000000000100000100000000000000000010000000000000100000000000000000000000010000000000100001000000001001000011110001000100011
28392,1000000000000000000000000000100000000000000000100000000000000000000000000000100000000000000000000000000000000000000000000000000000000000000000000010000000000100000100000000000000000010000000000000100000000000000000000000010000000000100001000000001001000011111010010101000
29247,1000000000000000000000000000100000000000000000100000000000000000000000000000100000000000000000000000000000000000000000000000000000000000000000000010000000000100000100000000000000000010000000000000100000000000000000000000010000000000100001000000001001000011111010010101001
29152,1000000000000000000000000000100000000000000000100000000000000000000000000000100000000000000000000000000000000000000000000000000000000000000000000010000000000100000100000000000000000010000000000000100000000000000000000000010000000000100001000000001001000011111010010101010
27969,1000000000000000000000000000100000000000000000100000000000000000000000000000100000000000000000000000000000000000000000000000000000000000000000000010000000000100000100000000000000000010000000000000100000000000000000000000010000000010111111010000000000010100100000000101010
29019,1000000000000000000000000000100000000000000000100000000000000000000000000000100000000000000000000000000000000000000000000000000000000000000000000010000000000100000100000000000000000010000000000000100000000000000000000000010000000010111111010000000000010100100000000101100
29199,1000000000000000000000000000100000000000000000100000000000000000000000000000100000000000000000000000000000000000000000000000000000000000000000000010000000000100000100000000000000000010000000000000100000000000000000000000010000000010111111010000000000010100100000000101101
30494,1000000000000000000000000000100000000000000000100000000000000000000000000000100000000000000000000000000000000000000000000000000000000000000000000010000000000100000100000000000001000000000000000000000000000000000000000000000010100100000000000000010000000000000000000000000
31018,1000000000000000000000000000100000000000000000100000000000000000000000000000100000000000000000000000000000000000000000000000000000000000000000000010000000000100000100000000000001000000000000000000000000000000000000000000000010100100000000000000010000000000001000000000000
31257,1000000000000000000000000000100000000000000000100000000000000000000000000000100000000000000000000000000000000000000000000000000000000000000000000010000000000100000100000000000001000000000000000000000000000000000000000000000010100100000000000000010000000000001000000000001
31268,1000000000000000000000000000100000000000000000100000000000000000000000000000100000000000000000000000000000000000000000000000000000000000000000000010000000000100000100000000000001000000000000000000000000000000000000000000000010100100000000000000010000000000001000000000010
31269,1000000000000000000000000000100000000000000000100000000000000000000000000000100000000000000000000000000000000000000000000000000000000000000000000010000000000100000100000000000001000000000000000000000000000000000000000000000010100100000000000000010000000000001000000000011
31102,1000000000000000000000000000100000000000000000100000000000000000000000000000100000000000000000000000000000000000000000000000000000000000000000000010000000000100000100000000000001000000000000000000000000000000000000000000000010100100000000000000010000000000001100000000000
31278,1000000000000000000000000000100000000000000000100000000000000000000000000000100000000000000000000000000000000000000000000000000000000000000000000010000000000100000100000000000001000000000000000000000000000000000000000000000010100100000000000000010000000000001100000010100
31285,1000000000000000000000000000100000000000000000100000000000000000000000000000100000000000000000000000000000000000000000000000000000000000000000000010000000000100000100000000000001000000000000000000000000000000000000000000000010100100000000000000010000000000001100000010101
31053,1000000000000000000000000000100000000000000000100000000000000000000000000000100000000000000000000000000000000000000000000000000000000000000000000010000000000100000100000000000001000000000000000000000000000000000000000000000010100100000000000000010000000000001110000000000
29769,1000000000000000000000000000100000000000000000100000000000000000000000000000100000000000000000000000000000000000000000000000000000000000000000000010000000000100000100000000000001000000000000000000000000000000000000000000000010100100000000000000010000000000001111000000000
31149,1000000000000000000000000000100000000000000000100000000000000000000000000000100000000000000000000000000000000000000000000000000000000000000000000010000000000100000100000000000001000000000000000000000000000000000000000000000010100100000000000000010000000000001111000000010
31265,1000000000000000000000000000100000000000000000100000000000000000000000000000100000000000000000000000000000000000000000000000000000000000000000000010000000000100000100000000000001000000000000000000000000000000000000000000000010100100000000000000010000000000001111000000011
31350,1000000000000000000000000000100000000000000000100000000000000000000000000000100000000000000000000000000000000000000000000000000000000000000000000010000000000100000100000000000001000000000000000000000000000000000000000000000010100100000000000000010000000000001111000000100
28812,10000000000000000000000000001000000000000000001000000000000000000000000000001000000000000000000000000000000000000000000000000000000000000000000000100000000001000001000000000000000000100000000000001000000000000000000000000100000000001000010000000010010000111100010000101000
28996,10000000000000000000000000001000000000000000001000000000000000000000000000001000000000000000000000000000000000000000000000000000000000000000000000100000000001000001000000000000000000100000000000001000000000000000000000000100000000001000010000000010010000111100010000101001
28826,10000000000000000000000000001000000000000000001000000000000000000000000000001000000000000000000000000000000000000000000000000000000000000000000000100000000001000001000000000000000000100000000000001000000000000000000000000100000000001000010000000010010000111100010000101010
28981,10000000000000000000000000001000000000000000001000000000000000000000000000001000000000000000000000000000000000000000000000000000000000000000000000100000000001000001000000000000000000100000000000001000000000000000000000000100000000001000010000000010010000111100010000101011
28593,10000000000000000000000000001000000000000000001000000000000000000000000000001000000000000000000000000000000000000000000000000000000000000000000000100000000001000001000000000000000000100000000000001000000000000000000000000100000000001000010000000010010000111100010001000000
28598,10000000000000000000000000001000000000000000001000000000000000000000000000001000000000000000000000000000000000000000000000000000000000000000000000100000000001000001000000000000000000100000000000001000000000000000000000000100000000001000010000000010010000111100010001000010
28909,10000000000000000000000000001000000000000000001000000000000000000000000000001000000000000000000000000000000000000000000000000000000000000000000000100000000001000001000000000000000000100000000000001000000000000000000000000100000000001000010000000010010000111100010001000011
28393,10000000000000000000000000001000000000000000001000000000000000000000000000001000000000000000000000000000000000000000000000000000000000000000000000100000000001000001000000000000000000100000000000001000000000000000000000000100000000001000010000000010010000111110100101010000
29165,10000000000000000000000000001000000000000000001000000000000000000000000000001000000000000000000000000000000000000000000000000000000000000000000000100000000001000001000000000000000000100000000000001000000000000000000000000100000000001000010000000010010000111110100101010001
29020,10000000000000000000000000001000000000000000001000000000000000000000000000001000000000000000000000000000000000000000000000000000000000000000000000100000000001000001000000000000000000100000000000001000000000000000000000000100000000101111110100000000000101001000000001011000
29200,10000000000000000000000000001000000000000000001000000000000000000000000000001000000000000000000000000000000000000000000000000000000000000000000000100000000001000001000000000000000000100000000000001000000000000000000000000100000000101111110100000000000101001000000001011001
28557,10000000000000000000000000001000000000000000001000000000000000000000000000001000000000000000000000000000000000000000000000000000000000000000000000100000000001000001000000000000010000000000000000000000000000000000000000000000101001000000000000000100000000000000000000000000
30907,10000000000000000000000000001000000000000000001000000000000000000000000000001000000000000000000000000000000000000000000000000000000000000000000000100000000001000001000000000000010000000000000000000000000000000000000000000000101001000000000000000100000000000000000000000001
31019,10000000000000000000000000001000000000000000001000000000000000000000000000001000000000000000000000000000000000000000000000000000000000000000000000100000000001000001000000000000010000000000000000000000000000000000000000000000101001000000000000000100000000000010000000000000
31256,10000000000000000000000000001000000000000000001000000000000000000000000000001000000000000000000000000000000000000000000000000000000000000000000000100000000001000001000000000000010000000000000000000000000000000000000000000000101001000000000000000100000000000010000000000001
30990,10000000000000000000000000001000000000000000001000000000000000000000000000001000000000000000000000000000000000000000000000000000000000000000000000100000000001000001000000000000010000000000000000000000000000000000000000000000101001000000000000000100000000000010000000000010
31273,10000000000000000000000000001000000000000000001000000000000000000000000000001000000000000000000000000000000000000000000000000000000000000000000000100000000001000001000000000000010000000000000000000000000000000000000000000000101001000000000000000100000000000010000000000110
31103,10000000000000000000000000001000000000000000001000000000000000000000000000001000000000000000000000000000000000000000000000000000000000000000000000100000000001000001000000000000010000000000000000000000000000000000000000000000101001000000000000000100000000000011000000000000
31260,10000000000000000000000000001000000000000000001000000000000000000000000000001000000000000000000000000000000000000000000000000000000000000000000000100000000001000001000000000000010000000000000000000000000000000000000000000000101001000000000000000100000000000011000000000001
31276,10000000000000000000000000001000000000000000001000000000000000000000000000001000000000000000000000000000000000000000000000000000000000000000000000100000000001000001000000000000010000000000000000000000000000000000000000000000101001000000000000000100000000000011000000101000
31280,10000000000000000000000000001000000000000000001000000000000000000000000000001000000000000000000000000000000000000000000000000000000000000000000000100000000001000001000000000000010000000000000000000000000000000000000000000000101001000000000000000100000000000011000000101001
31054,10000000000000000000000000001000000000000000001000000000000000000000000000001000000000000000000000000000000000000000000000000000000000000000000000100000000001000001000000000000010000000000000000000000000000000000000000000000101001000000000000000100000000000011100000000000
31150,10000000000000000000000000001000000000000000001000000000000000000000000000001000000000000000000000000000000000000000000000000000000000000000000000100000000001000001000000000000010000000000000000000000000000000000000000000000101001000000000000000100000000000011110000000100
31255,10000000000000000000000000001000000000000000001000000000000000000000000000001000000000000000000000000000000000000000000000000000000000000000000000100000000001000001000000000000010000000000000000000000000000000000000000000000101001000000000000000100000000000011110000000101
31259,10000000000000000000000000001000000000000000001000000000000000000000000000001000000000000000000000000000000000000000000000000000000000000000000000100000000001000001000000000000010000000000000000000000000000000000000000000000101001000000000000000100000000000011110000000110
31597,10000000000000000000000000001000000000000000001000000000000000000000000000001000000000000000000000000000000000000000000000000000000000000000000000100000000001000001000000000000010000000000000000000000000000000000000000000000101001000000000000000100000000000011110000000111
31354,10000000000000000000000000001000000000000000001000000000000000000000000000001000000000000000000000000000000000000000000000000000000000000000000000100000000001000001000000000000010000000000000000000000000000000000000000000000101001000000000000000100000000000011110000001000
28357,100000000000000000000000000010000000000000000010000000000000000000000000000010000000000000000000000000000000000000000000000000000000000000000000001000000000010000010000000000000000001000000000000010000000000000000000000001000000000010000100000000100100001111000100001010000
28813,100000000000000000000000000010000000000000000010000000000000000000000000000010000000000000000000000000000000000000000000000000000000000000000000001000000000010000010000000000000000001000000000000010000000000000000000000001000000000010000100000000100100001111000100001010001
28827,100000000000000000000000000010000000000000000010000000000000000000000000000010000000000000000000000000000000000000000000000000000000000000000000001000000000010000010000000000000000001000000000000010000000000000000000000001000000000010000100000000100100001111000100001010100
29216,100000000000000000000000000010000000000000000010000000000000000000000000000010000000000000000000000000000000000000000000000000000000000000000000001000000000010000010000000000000000001000000000000010000000000000000000000001000000000010000100000000100100001111000100001010101
28910,100000000000000000000000000010000000000000000010000000000000000000000000000010000000000000000000000000000000000000000000000000000000000000000000001000000000010000010000000000000000001000000000000010000000000000000000000001000000000010000100000000100100001111000100010000110
29140,100000000000000000000000000010000000000000000010000000000000000000000000000010000000000000000000000000000000000000000000000000000000000000000000001000000000010000010000000000000000001000000000000010000000000000000000000001000000000010000100000000100100001111000100010000111
29021,100000000000000000000000000010000000000000000010000000000000000000000000000010000000000000000000000000000000000000000000000000000000000000000000001000000000010000010000000000000000001000000000000010000000000000000000000001000000001011111101000000000001010010000000010110000
29198,100000000000000000000000000010000000000000000010000000000000000000000000000010000000000000000000000000000000000000000000000000000000000000000000001000000000010000010000000000000000001000000000000010000000000000000000000001000000001011111101000000000001010010000000010110001
30908,100000000000000000000000000010000000000000000010000000000000000000000000000010000000000000000000000000000000000000000000000000000000000000000000001000000000010000010000000000000100000000000000000000000000000000000000000000001010010000000000000001000000000000000000000000010
31153,100000000000000000000000000010000000000000000010000000000000000000000000000010000000000000000000000000000000000000000000000000000000000000000000001000000000010000010000000000000100000000000000000000000000000000000000000000001010010000000000000001000000000000000000000000011
31020,100000000000000000000000000010000000000000000010000000000000000000000000000010000000000000000000000000000000000000000000000000000000000000000000001000000000010000010000000000000100000000000000000000000000000000000000000000001010010000000000000001000000000000100000000000000
31025,100000000000000000000000000010000000000000000010000000000000000000000000000010000000000000000000000000000000000000000000000000000000000000000000001000000000010000010000000000000100000000000000000000000000000000000000000000001010010000000000000001000000000000100000000000001
31253,100000000000000000000000000010000000000000000010000000000000000000000000000010000000000000000000000000000000000000000000000000000000000000000000001000000000010000010000000000000100000000000000000000000000000000000000000000001010010000000000000001000000000000100000000000100
30573,100000000000000000000000000010000000000000000010000000000000000000000000000010000000000000000000000000000000000000000000000000000000000000000000001000000000010000010000000000000100000000000000000000000000000000000000000000001010010000000000000001000000000000110000000000000
31104,100000000000000000000000000010000000000000000010000000000000000000000000000010000000000000000000000000000000000000000000000000000000000000000000001000000000010000010000000000000100000000000000000000000000000000000000000000001010010000000000000001000000000000110000000000001
31348,100000000000000000000000000010000000000000000010000000000000000000000000000010000000000000000000000000000000000000000000000000000000000000000000001000000000010000010000000000000100000000000000000000000000000000000000000000001010010000000000000001000000000000110000000000010
31274,100000000000000000000000000010000000000000000010000000000000000000000000000010000000000000000000000000000000000000000000000000000000000000000000001000000000010000010000000000000100000000000000000000000000000000000000000000001010010000000000000001000000000000110000001010000
31275,100000000000000000000000000010000000000000000010000000000000000000000000000010000000000000000000000000000000000000000000000000000000000000000000001000000000010000010000000000000100000000000000000000000000000000000000000000001010010000000000000001000000000000110000001010001
31055,100000000000000000000000000010000000000000000010000000000000000000000000000010000000000000000000000000000000000000000000000000000000000000000000001000000000010000010000000000000100000000000000000000000000000000000000000000001010010000000000000001000000000000111000000000000
30987,100000000000000000000000000010000000000000000010000000000000000000000000000010000000000000000000000000000000000000000000000000000000000000000000001000000000010000010000000000000100000000000000000000000000000000000000000000001010010000000000000001000000000000111100000001000
31151,100000000000000000000000000010000000000000000010000000000000000000000000000010000000000000000000000000000000000000000000000000000000000000000000001000000000010000010000000000000100000000000000000000000000000000000000000000001010010000000000000001000000000000111100000001001
31254,100000000000000000000000000010000000000000000010000000000000000000000000000010000000000000000000000000000000000000000000000000000000000000000000001000000000010000010000000000000100000000000000000000000000000000000000000000001010010000000000000001000000000000111100000001100
31596,100000000000000000000000000010000000000000000010000000000000000000000000000010000000000000000000000000000000000000000000000000000000000000000000001000000000010000010000000000000100000000000000000000000000000000000000000000001010010000000000000001000000000000111100000001110
31272,100000000000000000000000000010000000000000000010000000000000000000000000000010000000000000000000000000000000000000000000000000000000000000000000001000000000010000010000000000000100000000000000000000000000000000000000000000001010010000000000000001000000000000111100000010000
28814,1000000000000000000000000000100000000000000000100000000000000000000000000000100000000000000000000000000000000000000000000000000000000000000000000010000000000100000100000000000000000010000000000000100000000000000000000000010000000000100001000000001001000011110001000010100010
29221,1000000000000000000000000000100000000000000000100000000000000000000000000000100000000000000000000000000000000000000000000000000000000000000000000010000000000100000100000000000000000010000000000000100000000000000000000000010000000000100001000000001001000011110001000010100011
28828,1000000000000000000000000000100000000000000000100000000000000000000000000000100000000000000000000000000000000000000000000000000000000000000000000010000000000100000100000000000000000010000000000000100000000000000000000000010000000000100001000000001001000011110001000010101000
29215,1000000000000000000000000000100000000000000000100000000000000000000000000000100000000000000000000000000000000000000000000000000000000000000000000010000000000100000100000000000000000010000000000000100000000000000000000000010000000000100001000000001001000011110001000010101001
28911,1000000000000000000000000000100000000000000000100000000000000000000000000000100000000000000000000000000000000000000000000000000000000000000000000010000000000100000100000000000000000010000000000000100000000000000000000000010000000000100001000000001001000011110001000100001100
29137,1000000000000000000000000000100000000000000000100000000000000000000000000000100000000000000000000000000000000000000000000000000000000000000000000010000000000100000100000000000000000010000000000000100000000000000000000000010000000000100001000000001001000011110001000100001101
29022,1000000000000000000000000000100000000000000000100000000000000000000000000000100000000000000000000000000000000000000000000000000000000000000000000010000000000100000100000000000000000010000000000000100000000000000000000000010000000010111111010000000000010100100000000101100000
29197,1000000000000000000000000000100000000000000000100000000000000000000000000000100000000000000000000000000000000000000000000000000000000000000000000010000000000100000100000000000000000010000000000000100000000000000000000000010000000010111111010000000000010100100000000101100001
30775,1000000000000000000000000000100000000000000000100000000000000000000000000000100000000000000000000000000000000000000000000000000000000000000000000010000000000100000100000000000001000000000000000000000000000000000000000000000010100100000000000000010000000000000000000000000100
30961,1000000000000000000000000000100000000000000000100000000000000000000000000000100000000000000000000000000000000000000000000000000000000000000000000010000000000100000100000000000001000000000000000000000000000000000000000000000010100100000000000000010000000000000000000000000101
31154,1000000000000000000000000000100000000000000000100000000000000000000000000000100000000000000000000000000000000000000000000000000000000000000000000010000000000100000100000000000001000000000000000000000000000000000000000000000010100100000000000000010000000000000000000000000110
31473,1000000000000000000000000000100000000000000000100000000000000000000000000000100000000000000000000000000000000000000000000000000000000000000000000010000000000100000100000000000001000000000000000000000000000000000000000000000010100100000000000000010000000000000000000000000111
30613,1000000000000000000000000000100000000000000000100000000000000000000000000000100000000000000000000000000000000000000000000000000000000000000000000010000000000100000100000000000001000000000000000000000000000000000000000000000010100100000000000000010000000000001000000000000000
31021,1000000000000000000000000000100000000000000000100000000000000000000000000000100000000000000000000000000000000000000000000000000000000000000000000010000000000100000100000000000001000000000000000000000000000000000000000000000010100100000000000000010000000000001000000000000001
31026,1000000000000000000000000000100000000000000000100000000000000000000000000000100000000000000000000000000000000000000000000000000000000000000000000010000000000100000100000000000001000000000000000000000000000000000000000000000010100100000000000000010000000000001000000000000010
31614,1000000000000000000000000000100000000000000000100000000000000000000000000000100000000000000000000000000000000000000000000000000000000000000000000010000000000100000100000000000001000000000000000000000000000000000000000000000010100100000000000000010000000000001100000000000000
32833,1000000000000000000000000000100000000000000000100000000000000000000000000000100000000000000000000000000000000000000000000000000000000000000000000010000000000100000100000000000001000000000000000000000000000000000000000000000010100100000000000000010000000000001100000000000010
31347,1000000000000000000000000000100000000000000000100000000000000000000000000000100000000000000000000000000000000000000000000000000000000000000000000010000000000100000100000000000001000000000000000000000000000000000000000000000010100100000000000000010000000000001100000000000100
31263,1000000000000000000000000000100000000000000000100000000000000000000000000000100000000000000000000000000000000000000000000000000000000000000000000010000000000100000100000000000001000000000000000000000000000000000000000000000010100100000000000000010000000000001100000010100000
31056,1000000000000000000000000000100000000000000000100000000000000000000000000000100000000000000000000000000000000000000000000000000000000000000000000010000000000100000100000000000001000000000000000000000000000000000000000000000010100100000000000000010000000000001110000000000000
30578,1000000000000000000000000000100000000000000000100000000000000000000000000000100000000000000000000000000000000000000000000000000000000000000000000010000000000100000100000000000001000000000000000000000000000000000000000000000010100100000000000000010000000000001111000000010000
30579,1000000000000000000000000000100000000000000000100000000000000000000000000000100000000000000000000000000000000000000000000000000000000000000000000010000000000100000100000000000001000000000000000000000000000000000000000000000010100100000000000000010000000000001111000000010001
31152,1000000000000000000000000000100000000000000000100000000000000000000000000000100000000000000000000000000000000000000000000000000000000000000000000010000000000100000100000000000001000000000000000000000000000000000000000000000010100100000000000000010000000000001111000000010010
31595,1000000000000000000000000000100000000000000000100000000000000000000000000000100000000000000000000000000000000000000000000000000000000000000000000010000000000100000100000000000001000000000000000000000000000000000000000000000010100100000000000000010000000000001111000000011100
28823,10000000000000000000000000001000000000000000001000000000000000000000000000001000000000000000000000000000000000000000000000000000000000000000000000100000000001000001000000000000000000100000000000001000000000000000000000000100000000001000010000000010010000111100010000101000100
32836,10000000000000000000000000001000000000000000001000000000000000000000000000001000000000000000000000000000000000000000000000000000000000000000000000100000000001000001000000000000000000100000000000001000000000000000000000000100000000001000010000000010010000111100010000101000101
28897,10000000000000000000000000001000000000000000001000000000000000000000000000001000000000000000000000000000000000000000000000000000000000000000000000100000000001000001000000000000000000100000000000001000000000000000000000000100000000001000010000000010010000111100010000101010000
29217,10000000000000000000000000001000000000000000001000000000000000000000000000001000000000000000000000000000000000000000000000000000000000000000000000100000000001000001000000000000000000100000000000001000000000000000000000000100000000001000010000000010010000111100010000101010001
27910,10000000000000000000000000001000000000000000001000000000000000000000000000001000000000000000000000000000000000000000000000000000000000000000000000100000000001000001000000000000000000100000000000001000000000000000000000000100000000001000010000000010010000111100010001000011000
28912,10000000000000000000000000001000000000000000001000000000000000000000000000001000000000000000000000000000000000000000000000000000000000000000000000100000000001000001000000000000000000100000000000001000000000000000000000000100000000001000010000000010010000111100010001000011001
29023,10000000000000000000000000001000000000000000001000000000000000000000000000001000000000000000000000000000000000000000000000000000000000000000000000100000000001000001000000000000000000100000000000001000000000000000000000000100000000101111110100000000000101001000000001011000000
29196,10000000000000000000000000001000000000000000001000000000000000000000000000001000000000000000000000000000000000000000000000000000000000000000000000100000000001000001000000000000000000100000000000001000000000000000000000000100000000101111110100000000000101001000000001011000001
28561,10000000000000000000000000001000000000000000001000000000000000000000000000001000000000000000000000000000000000000000000000000000000000000000000000100000000001000001000000000000010000000000000000000000000000000000000000000000101001000000000000000100000000000000000000000001000
30776,10000000000000000000000000001000000000000000001000000000000000000000000000001000000000000000000000000000000000000000000000000000000000000000000000100000000001000001000000000000010000000000000000000000000000000000000000000000101001000000000000000100000000000000000000000001001
30962,10000000000000000000000000001000000000000000001000000000000000000000000000001000000000000000000000000000000000000000000000000000000000000000000000100000000001000001000000000000010000000000000000000000000000000000000000000000101001000000000000000100000000000000000000000001010
31457,10000000000000000000000000001000000000000000001000000000000000000000000000001000000000000000000000000000000000000000000000000000000000000000000000100000000001000001000000000000010000000000000000000000000000000000000000000000101001000000000000000100000000000000000000000001011
31155,10000000000000000000000000001000000000000000001000000000000000000000000000001000000000000000000000000000000000000000000000000000000000000000000000100000000001000001000000000000010000000000000000000000000000000000000000000000101001000000000000000100000000000000000000000001100
31470,10000000000000000000000000001000000000000000001000000000000000000000000000001000000000000000000000000000000000000000000000000000000000000000000000100000000001000001000000000000010000000000000000000000000000000000000000000000101001000000000000000100000000000000000000000001101
31007,10000000000000000000000000001000000000000000001000000000000000000000000000001000000000000000000000000000000000000000000000000000000000000000000000100000000001000001000000000000010000000000000000000000000000000000000000000000101001000000000000000100000000000010000000000000000
31022,10000000000000000000000000001000000000000000001000000000000000000000000000001000000000000000000000000000000000000000000000000000000000000000000000100000000001000001000000000000010000000000000000000000000000000000000000000000101001000000000000000100000000000010000000000000010
31027,10000000000000000000000000001000000000000000001000000000000000000000000000001000000000000000000000000000000000000000000000000000000000000000000000100000000001000001000000000000010000000000000000000000000000000000000000000000101001000000000000000100000000000010000000000000100
31249,10000000000000000000000000001000000000000000001000000000000000000000000000001000000000000000000000000000000000000000000000000000000000000000000000100000000001000001000000000000010000000000000000000000000000000000000000000000101001000000000000000100000000000010000000000000101
31615,10000000000000000000000000001000000000000000001000000000000000000000000000001000000000000000000000000000000000000000000000000000000000000000000000100000000001000001000000000000010000000000000000000000000000000000000000000000101001000000000000000100000000000011000000000000000
31630,10000000000000000000000000001000000000000000001000000000000000000000000000001000000000000000000000000000000000000000000000000000000000000000000000100000000001000001000000000000010000000000000000000000000000000000000000000000101001000000000000000100000000000011000000000000001
30611,10000000000000000000000000001000000000000000001000000000000000000000000000001000000000000000000000000000000000000000000000000000000000000000000000100000000001000001000000000000010000000000000000000000000000000000000000000000101001000000000000000100000000000011000000000000100
31105,10000000000000000000000000001000000000000000001000000000000000000000000000001000000000000000000000000000000000000000000000000000000000000000000000100000000001000001000000000000010000000000000000000000000000000000000000000000101001000000000000000100000000000011000000000000101
31057,10000000000000000000000000001000000000000000001000000000000000000000000000001000000000000000000000000000000000000000000000000000000000000000000000100000000001000001000000000000010000000000000000000000000000000000000000000000101001000000000000000100000000000011100000000000000
30571,10000000000000000000000000001000000000000000001000000000000000000000000000001000000000000000000000000000000000000000000000000000000000000000000000100000000001000001000000000000010000000000000000000000000000000000000000000000101001000000000000000100000000000011110000000100000
29770,10000000000000000000000000001000000000000000001000000000000000000000000000001000000000000000000000000000000000000000000000000000000000000000000000100000000001000001000000000000010000000000000000000000000000000000000000000000101001000000000000000100000000000011110000000111000
28824,100000000000000000000000000010000000000000000010000000000000000000000000000010000000000000000000000000000000000000000000000000000000000000000000001000000000010000010000000000000000001000000000000010000000000000000000000001000000000010000100000000100100001111000100001010001000
32778,100000000000000000000000000010000000000000000010000000000000000000000000000010000000000000000000000000000000000000000000000000000000000000000000001000000000010000010000000000000000001000000000000010000000000000000000000001000000000010000100000000100100001111000100001010001001
28815,100000000000000000000000000010000000000000000010000000000000000000000000000010000000000000000000000000000000000000000000000000000000000000000000001000000000010000010000000000000000001000000000000010000000000000000000000001000000000010000100000000100100001111000100001010001010
28821,100000000000000000000000000010000000000000000010000000000000000000000000000010000000000000000000000000000000000000000000000000000000000000000000001000000000010000010000000000000000001000000000000010000000000000000000000001000000000010000100000000100100001111000100001010001011
28898,100000000000000000000000000010000000000000000010000000000000000000000000000010000000000000000000000000000000000000000000000000000000000000000000001000000000010000010000000000000000001000000000000010000000000000000000000001000000000010000100000000100100001111000100001010100000
29214,100000000000000000000000000010000000000000000010000000000000000000000000000010000000000000000000000000000000000000000000000000000000000000000000001000000000010000010000000000000000001000000000000010000000000000000000000001000000000010000100000000100100001111000100001010100001
28913,100000000000000000000000000010000000000000000010000000000000000000000000000010000000000000000000000000000000000000000000000000000000000000000000001000000000010000010000000000000000001000000000000010000000000000000000000001000000000010000100000000100100001111000100010000110010
29134,100000000000000000000000000010000000000000000010000000000000000000000000000010000000000000000000000000000000000000000000000000000000000000000000001000000000010000010000000000000000001000000000000010000000000000000000000001000000000010000100000000100100001111000100010000110011
29024,100000000000000000000000000010000000000000000010000000000000000000000000000010000000000000000000000000000000000000000000000000000000000000000000001000000000010000010000000000000000001000000000000010000000000000000000000001000000001011111101000000000001010010000000010110000000
29042,100000000000000000000000000010000000000000000010000000000000000000000000000010000000000000000000000000000000000000000000000000000000000000000000001000000000010000010000000000000000001000000000000010000000000000000000000001000000001011111101000000000001010010000000010110000001
30777,100000000000000000000000000010000000000000000010000000000000000000000000000010000000000000000000000000000000000000000000000000000000000000000000001000000000010000010000000000000100000000000000000000000000000000000000000000001010010000000000000001000000000000000000000000010010
30963,100000000000000000000000000010000000000000000010000000000000000000000000000010000000000000000000000000000000000000000000000000000000000000000000001000000000010000010000000000000100000000000000000000000000000000000000000000001010010000000000000001000000000000000000000000010100
31555,100000000000000000000000000010000000000000000010000000000000000000000000000010000000000000000000000000000000000000000000000000000000000000000000001000000000010000010000000000000100000000000000000000000000000000000000000000001010010000000000000001000000000000000000000000010101
31447,100000000000000000000000000010000000000000000010000000000000000000000000000010000000000000000000000000000000000000000000000000000000000000000000001000000000010000010000000000000100000000000000000000000000000000000000000000001010010000000000000001000000000000000000000000010110
31448,100000000000000000000000000010000000000000000010000000000000000000000000000010000000000000000000000000000000000000000000000000000000000000000000001000000000010000010000000000000100000000000000000000000000000000000000000000001010010000000000000001000000000000000000000000010111
30523,100000000000000000000000000010000000000000000010000000000000000000000000000010000000000000000000000000000000000000000000000000000000000000000000001000000000010000010000000000000100000000000000000000000000000000000000000000001010010000000000000001000000000000100000000000000000
31023,100000000000000000000000000010000000000000000010000000000000000000000000000010000000000000000000000000000000000000000000000000000000000000000000001000000000010000010000000000000100000000000000000000000000000000000000000000001010010000000000000001000000000000100000000000000100
31028,100000000000000000000000000010000000000000000010000000000000000000000000000010000000000000000000000000000000000000000000000000000000000000000000001000000000010000010000000000000100000000000000000000000000000000000000000000001010010000000000000001000000000000100000000000001000
31252,100000000000000000000000000010000000000000000010000000000000000000000000000010000000000000000000000000000000000000000000000000000000000000000000001000000000010000010000000000000100000000000000000000000000000000000000000000001010010000000000000001000000000000100000000000001001
30612,100000000000000000000000000010000000000000000010000000000000000000000000000010000000000000000000000000000000000000000000000000000000000000000000001000000000010000010000000000000100000000000000000000000000000000000000000000001010010000000000000001000000000000110000000000000000
30577,100000000000000000000000000010000000000000000010000000000000000000000000000010000000000000000000000000000000000000000000000000000000000000000000001000000000010000010000000000000100000000000000000000000000000000000000000000001010010000000000000001000000000000110000000000000010
30609,100000000000000000000000000010000000000000000010000000000000000000000000000010000000000000000000000000000000000000000000000000000000000000000000001000000000010000010000000000000100000000000000000000000000000000000000000000001010010000000000000001000000000000110000000000001000
31106,100000000000000000000000000010000000000000000010000000000000000000000000000010000000000000000000000000000000000000000000000000000000000000000000001000000000010000010000000000000100000000000000000000000000000000000000000000001010010000000000000001000000000000110000000000001010
30619,100000000000000000000000000010000000000000000010000000000000000000000000000010000000000000000000000000000000000000000000000000000000000000000000001000000000010000010000000000000100000000000000000000000000000000000000000000001010010000000000000001000000000000111000000000000000
31058,100000000000000000000000000010000000000000000010000000000000000000000000000010000000000000000000000000000000000000000000000000000000000000000000001000000000010000010000000000000100000000000000000000000000000000000000000000001010010000000000000001000000000000111000000000000001
31594,100000000000000000000000000010000000000000000010000000000000000000000000000010000000000000000000000000000000000000000000000000000000000000000000001000000000010000010000000000000100000000000000000000000000000000000000000000001010010000000000000001000000000000111100000001110000
28816,1000000000000000000000000000100000000000000000100000000000000000000000000000100000000000000000000000000000000000000000000000000000000000000000000010000000000100000100000000000000000010000000000000100000000000000000000000010000000000100001000000001001000011110001000010100010100
29258,1000000000000000000000000000100000000000000000100000000000000000000000000000100000000000000000000000000000000000000000000000000000000000000000000010000000000100000100000000000000000010000000000000100000000000000000000000010000000000100001000000001001000011110001000010100010101
28822,1000000000000000000000000000100000000000000000100000000000000000000000000000100000000000000000000000000000000000000000000000000000000000000000000010000000000100000100000000000000000010000000000000100000000000000000000000010000000000100001000000001001000011110001000010100010110
29248,1000000000000000000000000000100000000000000000100000000000000000000000000000100000000000000000000000000000000000000000000000000000000000000000000010000000000100000100000000000000000010000000000000100000000000000000000000010000000000100001000000001001000011110001000010100010111
28417,1000000000000000000000000000100000000000000000100000000000000000000000000000100000000000000000000000000000000000000000000000000000000000000000000010000000000100000100000000000000000010000000000000100000000000000000000000010000000000100001000000001001000011110001000010101000000
28899,1000000000000000000000000000100000000000000000100000000000000000000000000000100000000000000000000000000000000000000000000000000000000000000000000010000000000100000100000000000000000010000000000000100000000000000000000000010000000000100001000000001001000011110001000010101000001
28502,1000000000000000000000000000100000000000000000100000000000000000000000000000100000000000000000000000000000000000000000000000000000000000000000000010000000000100000100000000000000000010000000000000100000000000000000000000010000000000100001000000001001000011110001000100001100100
29131,1000000000000000000000000000100000000000000000100000000000000000000000000000100000000000000000000000000000000000000000000000000000000000000000000010000000000100000100000000000000000010000000000000100000000000000000000000010000000000100001000000001001000011110001000100001100101
29025,1000000000000000000000000000100000000000000000100000000000000000000000000000100000000000000000000000000000000000000000000000000000000000000000000010000000000100000100000000000000000010000000000000100000000000000000000000010000000010111111010000000000010100100000000101100000000
29041,1000000000000000000000000000100000000000000000100000000000000000000000000000100000000000000000000000000000000000000000000000000000000000000000000010000000000100000100000000000000000010000000000000100000000000000000000000010000000010111111010000000000010100100000000101100000001
30778,1000000000000000000000000000100000000000000000100000000000000000000000000000100000000000000000000000000000000000000000000000000000000000000000000010000000000100000100000000000001000000000000000000000000000000000000000000000010100100000000000000010000000000000000000000000100100
31464,1000000000000000000000000000100000000000000000100000000000000000000000000000100000000000000000000000000000000000000000000000000000000000000000000010000000000100000100000000000001000000000000000000000000000000000000000000000010100100000000000000010000000000000000000000000100101
30964,1000000000000000000000000000100000000000000000100000000000000000000000000000100000000000000000000000000000000000000000000000000000000000000000000010000000000100000100000000000001000000000000000000000000000000000000000000000010100100000000000000010000000000000000000000000101000
30974,1000000000000000000000000000100000000000000000100000000000000000000000000000100000000000000000000000000000000000000000000000000000000000000000000010000000000100000100000000000001000000000000000000000000000000000000000000000010100100000000000000010000000000000000000000000101001
31442,1000000000000000000000000000100000000000000000100000000000000000000000000000100000000000000000000000000000000000000000000000000000000000000000000010000000000100000100000000000001000000000000000000000000000000000000000000000010100100000000000000010000000000000000000000000101100
31443,1000000000000000000000000000100000000000000000100000000000000000000000000000100000000000000000000000000000000000000000000000000000000000000000000010000000000100000100000000000001000000000000000000000000000000000000000000000010100100000000000000010000000000000000000000000101101
31009,1000000000000000000000000000100000000000000000100000000000000000000000000000100000000000000000000000000000000000000000000000000000000000000000000010000000000100000100000000000001000000000000000000000000000000000000000000000010100100000000000000010000000000001000000000000000000
31024,1000000000000000000000000000100000000000000000100000000000000000000000000000100000000000000000000000000000000000000000000000000000000000000000000010000000000100000100000000000001000000000000000000000000000000000000000000000010100100000000000000010000000000001000000000000001000
31029,1000000000000000000000000000100000000000000000100000000000000000000000000000100000000000000000000000000000000000000000000000000000000000000000000010000000000100000100000000000001000000000000000000000000000000000000000000000010100100000000000000010000000000001000000000000010000
31245,1000000000000000000000000000100000000000000000100000000000000000000000000000100000000000000000000000000000000000000000000000000000000000000000000010000000000100000100000000000001000000000000000000000000000000000000000000000010100100000000000000010000000000001000000000000010010
30604,1000000000000000000000000000100000000000000000100000000000000000000000000000100000000000000000000000000000000000000000000000000000000000000000000010000000000100000100000000000001000000000000000000000000000000000000000000000010100100000000000000010000000000001100000000000000000
31107,1000000000000000000000000000100000000000000000100000000000000000000000000000100000000000000000000000000000000000000000000000000000000000000000000010000000000100000100000000000001000000000000000000000000000000000000000000000010100100000000000000010000000000001100000000000010100
31059,1000000000000000000000000000100000000000000000100000000000000000000000000000100000000000000000000000000000000000000000000000000000000000000000000010000000000100000100000000000001000000000000000000000000000000000000000000000010100100000000000000010000000000001110000000000000010
31593,1000000000000000000000000000100000000000000000100000000000000000000000000000100000000000000000000000000000000000000000000000000000000000000000000010000000000100000100000000000001000000000000000000000000000000000000000000000010100100000000000000010000000000001111000000011100000
28817,10000000000000000000000000001000000000000000001000000000000000000000000000001000000000000000000000000000000000000000000000000000000000000000000000100000000001000001000000000000000000100000000000001000000000000000000000000100000000001000010000000010010000111100010000101000101000
29257,10000000000000000000000000001000000000000000001000000000000000000000000000001000000000000000000000000000000000000000000000000000000000000000000000100000000001000001000000000000000000100000000000001000000000000000000000000100000000001000010000000010010000111100010000101000101001
32823,10000000000000000000000000001000000000000000001000000000000000000000000000001000000000000000000000000000000000000000000000000000000000000000000000100000000001000001000000000000000000100000000000001000000000000000000000000100000000001000010000000010010000111100010000101000101100
32826,10000000000000000000000000001000000000000000001000000000000000000000000000001000000000000000000000000000000000000000000000000000000000000000000000100000000001000001000000000000000000100000000000001000000000000000000000000100000000001000010000000010010000111100010000101000101101
28416,10000000000000000000000000001000000000000000001000000000000000000000000000001000000000000000000000000000000000000000000000000000000000000000000000100000000001000001000000000000000000100000000000001000000000000000000000000100000000001000010000000010010000111100010000101010000010
28900,10000000000000000000000000001000000000000000001000000000000000000000000000001000000000000000000000000000000000000000000000000000000000000000000000100000000001000001000000000000000000100000000000001000000000000000000000000100000000001000010000000010010000111100010000101010000011
28503,10000000000000000000000000001000000000000000001000000000000000000000000000001000000000000000000000000000000000000000000000000000000000000000000000100000000001000001000000000000000000100000000000001000000000000000000000000100000000001000010000000010010000111100010001000011001000
29128,10000000000000000000000000001000000000000000001000000000000000000000000000001000000000000000000000000000000000000000000000000000000000000000000000100000000001000001000000000000000000100000000000001000000000000000000000000100000000001000010000000010010000111100010001000011001001
29107,10000000000000000000000000001000000000000000001000000000000000000000000000001000000000000000000000000000000000000000000000000000000000000000000000100000000001000001000000000000000000100000000000001000000000000000000000000100000000001000010000000010010000111100010001000011001010
29026,10000000000000000000000000001000000000000000001000000000000000000000000000001000000000000000000000000000000000000000000000000000000000000000000000100000000001000001000000000000000000100000000000001000000000000000000000000100000000101111110100000000000101001000000001011000000000
29194,10000000000000000000000000001000000000000000001000000000000000000000000000001000000000000000000000000000000000000000000000000000000000000000000000100000000001000001000000000000000000100000000000001000000000000000000000000100000000101111110100000000000101001000000001011000000001
28556,10000000000000000000000000001000000000000000001000000000000000000000000000001000000000000000000000000000000000000000000000000000000000000000000000100000000001000001000000000000010000000000000000000000000000000000000000000000101001000000000000000100000000000000000000000001001000
30779,10000000000000000000000000001000000000000000001000000000000000000000000000001000000000000000000000000000000000000000000000000000000000000000000000100000000001000001000000000000010000000000000000000000000000000000000000000000101001000000000000000100000000000000000000000001001001
30621,10000000000000000000000000001000000000000000001000000000000000000000000000001000000000000000000000000000000000000000000000000000000000000000000000100000000001000001000000000000010000000000000000000000000000000000000000000000101001000000000000000100000000000000000000000001010000
30965,10000000000000000000000000001000000000000000001000000000000000000000000000001000000000000000000000000000000000000000000000000000000000000000000000100000000001000001000000000000010000000000000000000000000000000000000000000000101001000000000000000100000000000000000000000001010001
30624,10000000000000000000000000001000000000000000001000000000000000000000000000001000000000000000000000000000000000000000000000000000000000000000000000100000000001000001000000000000010000000000000000000000000000000000000000000000101001000000000000000100000000000000000000000001010010
30975,10000000000000000000000000001000000000000000001000000000000000000000000000001000000000000000000000000000000000000000000000000000000000000000000000100000000001000001000000000000010000000000000000000000000000000000000000000000101001000000000000000100000000000000000000000001010011
31010,10000000000000000000000000001000000000000000001000000000000000000000000000001000000000000000000000000000000000000000000000000000000000000000000000100000000001000001000000000000010000000000000000000000000000000000000000000000101001000000000000000100000000000010000000000000000000
31030,10000000000000000000000000001000000000000000001000000000000000000000000000001000000000000000000000000000000000000000000000000000000000000000000000100000000001000001000000000000010000000000000000000000000000000000000000000000101001000000000000000100000000000010000000000000100000
31235,10000000000000000000000000001000000000000000001000000000000000000000000000001000000000000000000000000000000000000000000000000000000000000000000000100000000001000001000000000000010000000000000000000000000000000000000000000000101001000000000000000100000000000010000000000000100100
31247,10000000000000000000000000001000000000000000001000000000000000000000000000001000000000000000000000000000000000000000000000000000000000000000000000100000000001000001000000000000010000000000000000000000000000000000000000000000101001000000000000000100000000000011000000000000000000
31108,10000000000000000000000000001000000000000000001000000000000000000000000000001000000000000000000000000000000000000000000000000000000000000000000000100000000001000001000000000000010000000000000000000000000000000000000000000000101001000000000000000100000000000011000000000000101000
31060,10000000000000000000000000001000000000000000001000000000000000000000000000001000000000000000000000000000000000000000000000000000000000000000000000100000000001000001000000000000010000000000000000000000000000000000000000000000101001000000000000000100000000000011100000000000000100
28818,100000000000000000000000000010000000000000000010000000000000000000000000000010000000000000000000000000000000000000000000000000000000000000000000001000000000010000010000000000000000001000000000000010000000000000000000000001000000000010000100000000100100001111000100001010001010000
29255,100000000000000000000000000010000000000000000010000000000000000000000000000010000000000000000000000000000000000000000000000000000000000000000000001000000000010000010000000000000000001000000000000010000000000000000000000001000000000010000100000000100100001111000100001010001010001
32584,100000000000000000000000000010000000000000000010000000000000000000000000000010000000000000000000000000000000000000000000000000000000000000000000001000000000010000010000000000000000001000000000000010000000000000000000000001000000000010000100000000100100001111000100001010001011000
32675,100000000000000000000000000010000000000000000010000000000000000000000000000010000000000000000000000000000000000000000000000000000000000000000000001000000000010000010000000000000000001000000000000010000000000000000000000001000000000010000100000000100100001111000100001010001011001
32637,100000000000000000000000000010000000000000000010000000000000000000000000000010000000000000000000000000000000000000000000000000000000000000000000001000000000010000010000000000000000001000000000000010000000000000000000000001000000000010000100000000100100001111000100001010001011010
32680,100000000000000000000000000010000000000000000010000000000000000000000000000010000000000000000000000000000000000000000000000000000000000000000000001000000000010000010000000000000000001000000000000010000000000000000000000001000000000010000100000000100100001111000100001010001011011
29212,100000000000000000000000000010000000000000000010000000000000000000000000000010000000000000000000000000000000000000000000000000000000000000000000001000000000010000010000000000000000001000000000000010000000000000000000000001000000000010000100000000100100001111000100001010100000100
29213,100000000000000000000000000010000000000000000010000000000000000000000000000010000000000000000000000000000000000000000000000000000000000000000000001000000000010000010000000000000000001000000000000010000000000000000000000001000000000010000100000000100100001111000100001010100000101
28414,100000000000000000000000000010000000000000000010000000000000000000000000000010000000000000000000000000000000000000000000000000000000000000000000001000000000010000010000000000000000001000000000000010000000000000000000000001000000000010000100000000100100001111000100001010100000110
28901,100000000000000000000000000010000000000000000010000000000000000000000000000010000000000000000000000000000000000000000000000000000000000000000000001000000000010000010000000000000000001000000000000010000000000000000000000001000000000010000100000000100100001111000100001010100000111
28504,100000000000000000000000000010000000000000000010000000000000000000000000000010000000000000000000000000000000000000000000000000000000000000000000001000000000010000010000000000000000001000000000000010000000000000000000000001000000000010000100000000100100001111000100010000110010000
29124,100000000000000000000000000010000000000000000010000000000000000000000000000010000000000000000000000000000000000000000000000000000000000000000000001000000000010000010000000000000000001000000000000010000000000000000000000001000000000010000100000000100100001111000100010000110010001
29106,100000000000000000000000000010000000000000000010000000000000000000000000000010000000000000000000000000000000000000000000000000000000000000000000001000000000010000010000000000000000001000000000000010000000000000000000000001000000000010000100000000100100001111000100010000110010010
29125,100000000000000000000000000010000000000000000010000000000000000000000000000010000000000000000000000000000000000000000000000000000000000000000000001000000000010000010000000000000000001000000000000010000000000000000000000001000000000010000100000000100100001111000100010000110010011
29132,100000000000000000000000000010000000000000000010000000000000000000000000000010000000000000000000000000000000000000000000000000000000000000000000001000000000010000010000000000000000001000000000000010000000000000000000000001000000000010000100000000100100001111000100010000110010100
29027,100000000000000000000000000010000000000000000010000000000000000000000000000010000000000000000000000000000000000000000000000000000000000000000000001000000000010000010000000000000000001000000000000010000000000000000000000001000000001011111101000000000001010010000000010110000000000
29195,100000000000000000000000000010000000000000000010000000000000000000000000000010000000000000000000000000000000000000000000000000000000000000000000001000000000010000010000000000000000001000000000000010000000000000000000000001000000001011111101000000000001010010000000010110000000001
31406,100000000000000000000000000010000000000000000010000000000000000000000000000010000000000000000000000000000000000000000000000000000000000000000000001000000000010000010000000000000100000000000000000000000000000000000000000000001010010000000000000001000000000000000000000000010010000
31407,100000000000000000000000000010000000000000000010000000000000000000000000000010000000000000000000000000000000000000000000000000000000000000000000001000000000010000010000000000000100000000000000000000000000000000000000000000001010010000000000000001000000000000000000000000010010001
28553,100000000000000000000000000010000000000000000010000000000000000000000000000010000000000000000000000000000000000000000000000000000000000000000000001000000000010000010000000000000100000000000000000000000000000000000000000000001010010000000000000001000000000000000000000000010010010
30780,100000000000000000000000000010000000000000000010000000000000000000000000000010000000000000000000000000000000000000000000000000000000000000000000001000000000010000010000000000000100000000000000000000000000000000000000000000001010010000000000000001000000000000000000000000010010011
30966,100000000000000000000000000010000000000000000010000000000000000000000000000010000000000000000000000000000000000000000000000000000000000000000000001000000000010000010000000000000100000000000000000000000000000000000000000000001010010000000000000001000000000000000000000000010100010
31437,100000000000000000000000000010000000000000000010000000000000000000000000000010000000000000000000000000000000000000000000000000000000000000000000001000000000010000010000000000000100000000000000000000000000000000000000000000001010010000000000000001000000000000000000000000010100011
30625,100000000000000000000000000010000000000000000010000000000000000000000000000010000000000000000000000000000000000000000000000000000000000000000000001000000000010000010000000000000100000000000000000000000000000000000000000000001010010000000000000001000000000000000000000000010100100
31556,100000000000000000000000000010000000000000000010000000000000000000000000000010000000000000000000000000000000000000000000000000000000000000000000001000000000010000010000000000000100000000000000000000000000000000000000000000001010010000000000000001000000000000000000000000010100101
30623,100000000000000000000000000010000000000000000010000000000000000000000000000010000000000000000000000000000000000000000000000000000000000000000000001000000000010000010000000000000100000000000000000000000000000000000000000000001010010000000000000001000000000000000000000000010100110
30976,100000000000000000000000000010000000000000000010000000000000000000000000000010000000000000000000000000000000000000000000000000000000000000000000001000000000010000010000000000000100000000000000000000000000000000000000000000001010010000000000000001000000000000000000000000010100111
31008,100000000000000000000000000010000000000000000010000000000000000000000000000010000000000000000000000000000000000000000000000000000000000000000000001000000000010000010000000000000100000000000000000000000000000000000000000000001010010000000000000001000000000000100000000000000000000
31031,100000000000000000000000000010000000000000000010000000000000000000000000000010000000000000000000000000000000000000000000000000000000000000000000001000000000010000010000000000000100000000000000000000000000000000000000000000001010010000000000000001000000000000100000000000001000000
30606,100000000000000000000000000010000000000000000010000000000000000000000000000010000000000000000000000000000000000000000000000000000000000000000000001000000000010000010000000000000100000000000000000000000000000000000000000000001010010000000000000001000000000000110000000000001010000
31109,100000000000000000000000000010000000000000000010000000000000000000000000000010000000000000000000000000000000000000000000000000000000000000000000001000000000010000010000000000000100000000000000000000000000000000000000000000001010010000000000000001000000000000110000000000001010001
31061,100000000000000000000000000010000000000000000010000000000000000000000000000010000000000000000000000000000000000000000000000000000000000000000000001000000000010000010000000000000100000000000000000000000000000000000000000000001010010000000000000001000000000000111000000000000001000
28819,1000000000000000000000000000100000000000000000100000000000000000000000000000100000000000000000000000000000000000000000000000000000000000000000000010000000000100000100000000000000000010000000000000100000000000000000000000010000000000100001000000001001000011110001000010100010100000
29256,1000000000000000000000000000100000000000000000100000000000000000000000000000100000000000000000000000000000000000000000000000000000000000000000000010000000000100000100000000000000000010000000000000100000000000000000000000010000000000100001000000001001000011110001000010100010100001
32627,1000000000000000000000000000100000000000000000100000000000000000000000000000100000000000000000000000000000000000000000000000000000000000000000000010000000000100000100000000000000000010000000000000100000000000000000000000010000000000100001000000001001000011110001000010100010110000
32824,1000000000000000000000000000100000000000000000100000000000000000000000000000100000000000000000000000000000000000000000000000000000000000000000000010000000000100000100000000000000000010000000000000100000000000000000000000010000000000100001000000001001000011110001000010100010110001
32681,1000000000000000000000000000100000000000000000100000000000000000000000000000100000000000000000000000000000000000000000000000000000000000000000000010000000000100000100000000000000000010000000000000100000000000000000000000010000000000100001000000001001000011110001000010100010110110
32682,1000000000000000000000000000100000000000000000100000000000000000000000000000100000000000000000000000000000000000000000000000000000000000000000000010000000000100000100000000000000000010000000000000100000000000000000000000010000000000100001000000001001000011110001000010100010110111
28361,1000000000000000000000000000100000000000000000100000000000000000000000000000100000000000000000000000000000000000000000000000000000000000000000000010000000000100000100000000000000000010000000000000100000000000000000000000010000000000100001000000001001000011110001000010101000001100
28362,1000000000000000000000000000100000000000000000100000000000000000000000000000100000000000000000000000000000000000000000000000000000000000000000000010000000000100000100000000000000000010000000000000100000000000000000000000010000000000100001000000001001000011110001000010101000001101
28415,1000000000000000000000000000100000000000000000100000000000000000000000000000100000000000000000000000000000000000000000000000000000000000000000000010000000000100000100000000000000000010000000000000100000000000000000000000010000000000100001000000001001000011110001000010101000001110
28902,1000000000000000000000000000100000000000000000100000000000000000000000000000100000000000000000000000000000000000000000000000000000000000000000000010000000000100000100000000000000000010000000000000100000000000000000000000010000000000100001000000001001000011110001000010101000001111
28505,1000000000000000000000000000100000000000000000100000000000000000000000000000100000000000000000000000000000000000000000000000000000000000000000000010000000000100000100000000000000000010000000000000100000000000000000000000010000000000100001000000001001000011110001000100001100100000
29096,1000000000000000000000000000100000000000000000100000000000000000000000000000100000000000000000000000000000000000000000000000000000000000000000000010000000000100000100000000000000000010000000000000100000000000000000000000010000000000100001000000001001000011110001000100001100100001
29099,1000000000000000000000000000100000000000000000100000000000000000000000000000100000000000000000000000000000000000000000000000000000000000000000000010000000000100000100000000000000000010000000000000100000000000000000000000010000000000100001000000001001000011110001000100001100100110
29103,1000000000000000000000000000100000000000000000100000000000000000000000000000100000000000000000000000000000000000000000000000000000000000000000000010000000000100000100000000000000000010000000000000100000000000000000000000010000000000100001000000001001000011110001000100001100100111
29028,1000000000000000000000000000100000000000000000100000000000000000000000000000100000000000000000000000000000000000000000000000000000000000000000000010000000000100000100000000000000000010000000000000100000000000000000000000010000000010111111010000000000010100100000000101100000000000
29040,1000000000000000000000000000100000000000000000100000000000000000000000000000100000000000000000000000000000000000000000000000000000000000000000000010000000000100000100000000000000000010000000000000100000000000000000000000010000000010111111010000000000010100100000000101100000000010
28555,1000000000000000000000000000100000000000000000100000000000000000000000000000100000000000000000000000000000000000000000000000000000000000000000000010000000000100000100000000000001000000000000000000000000000000000000000000000010100100000000000000010000000000000000000000000100100100
28560,1000000000000000000000000000100000000000000000100000000000000000000000000000100000000000000000000000000000000000000000000000000000000000000000000010000000000100000100000000000001000000000000000000000000000000000000000000000010100100000000000000010000000000000000000000000100100101
30781,1000000000000000000000000000100000000000000000100000000000000000000000000000100000000000000000000000000000000000000000000000000000000000000000000010000000000100000100000000000001000000000000000000000000000000000000000000000010100100000000000000010000000000000000000000000100100110
31557,1000000000000000000000000000100000000000000000100000000000000000000000000000100000000000000000000000000000000000000000000000000000000000000000000010000000000100000100000000000001000000000000000000000000000000000000000000000010100100000000000000010000000000000000000000000100100111
30618,1000000000000000000000000000100000000000000000100000000000000000000000000000100000000000000000000000000000000000000000000000000000000000000000000010000000000100000100000000000001000000000000000000000000000000000000000000000010100100000000000000010000000000000000000000000101000100
30967,1000000000000000000000000000100000000000000000100000000000000000000000000000100000000000000000000000000000000000000000000000000000000000000000000010000000000100000100000000000001000000000000000000000000000000000000000000000010100100000000000000010000000000000000000000000101000101
31312,1000000000000000000000000000100000000000000000100000000000000000000000000000100000000000000000000000000000000000000000000000000000000000000000000010000000000100000100000000000001000000000000000000000000000000000000000000000010100100000000000000010000000000000000000000000101001010
31313,1000000000000000000000000000100000000000000000100000000000000000000000000000100000000000000000000000000000000000000000000000000000000000000000000010000000000100000100000000000001000000000000000000000000000000000000000000000010100100000000000000010000000000000000000000000101001011
31304,1000000000000000000000000000100000000000000000100000000000000000000000000000100000000000000000000000000000000000000000000000000000000000000000000010000000000100000100000000000001000000000000000000000000000000000000000000000010100100000000000000010000000000000000000000000101001100
31305,1000000000000000000000000000100000000000000000100000000000000000000000000000100000000000000000000000000000000000000000000000000000000000000000000010000000000100000100000000000001000000000000000000000000000000000000000000000010100100000000000000010000000000000000000000000101001101
30977,1000000000000000000000000000100000000000000000100000000000000000000000000000100000000000000000000000000000000000000000000000000000000000000000000010000000000100000100000000000001000000000000000000000000000000000000000000000010100100000000000000010000000000000000000000000101001110
31287,1000000000000000000000000000100000000000000000100000000000000000000000000000100000000000000000000000000000000000000000000000000000000000000000000010000000000100000100000000000001000000000000000000000000000000000000000000000010100100000000000000010000000000000000000000000101001111
31553,1000000000000000000000000000100000000000000000100000000000000000000000000000100000000000000000000000000000000000000000000000000000000000000000000010000000000100000100000000000001000000000000000000000000000000000000000000000010100100000000000000010000000000001000000000000000000000
31032,1000000000000000000000000000100000000000000000100000000000000000000000000000100000000000000000000000000000000000000000000000000000000000000000000010000000000100000100000000000001000000000000000000000000000000000000000000000010100100000000000000010000000000001000000000000010000000
30605,1000000000000000000000000000100000000000000000100000000000000000000000000000100000000000000000000000000000000000000000000000000000000000000000000010000000000100000100000000000001000000000000000000000000000000000000000000000010100100000000000000010000000000001100000000000010100000
31110,1000000000000000000000000000100000000000000000100000000000000000000000000000100000000000000000000000000000000000000000000000000000000000000000000010000000000100000100000000000001000000000000000000000000000000000000000000000010100100000000000000010000000000001100000000000010100010
31549,1000000000000000000000000000100000000000000000100000000000000000000000000000100000000000000000000000000000000000000000000000000000000000000000000010000000000100000100000000000001000000000000000000000000000000000000000000000010100100000000000000010000000000001100000000000010100011
31062,1000000000000000000000000000100000000000000000100000000000000000000000000000100000000000000000000000000000000000000000000000000000000000000000000010000000000100000100000000000001000000000000000000000000000000000000000000000010100100000000000000010000000000001110000000000000010000
28820,10000000000000000000000000001000000000000000001000000000000000000000000000001000000000000000000000000000000000000000000000000000000000000000000000100000000001000001000000000000000000100000000000001000000000000000000000000100000000001000010000000010010000111100010000101000101000000
32628,10000000000000000000000000001000000000000000001000000000000000000000000000001000000000000000000000000000000000000000000000000000000000000000000000100000000001000001000000000000000000100000000000001000000000000000000000000100000000001000010000000010010000111100010000101000101100000
32676,10000000000000000000000000001000000000000000001000000000000000000000000000001000000000000000000000000000000000000000000000000000000000000000000000100000000001000001000000000000000000100000000000001000000000000000000000000100000000001000010000000010010000111100010000101000101100001
29246,10000000000000000000000000001000000000000000001000000000000000000000000000001000000000000000000000000000000000000000000000000000000000000000000000100000000001000001000000000000000000100000000000001000000000000000000000000100000000001000010000000010010000111100010000101000101100010
32825,10000000000000000000000000001000000000000000001000000000000000000000000000001000000000000000000000000000000000000000000000000000000000000000000000100000000001000001000000000000000000100000000000001000000000000000000000000100000000001000010000000010010000111100010000101000101100011
32679,10000000000000000000000000001000000000000000001000000000000000000000000000001000000000000000000000000000000000000000000000000000000000000000000000100000000001000001000000000000000000100000000000001000000000000000000000000100000000001000010000000010010000111100010000101000101101100
32678,10000000000000000000000000001000000000000000001000000000000000000000000000001000000000000000000000000000000000000000000000000000000000000000000000100000000001000001000000000000000000100000000000001000000000000000000000000100000000001000010000000010010000111100010000101000101101110
28506,10000000000000000000000000001000000000000000001000000000000000000000000000001000000000000000000000000000000000000000000000000000000000000000000000100000000001000001000000000000000000100000000000001000000000000000000000000100000000001000010000000010010000111100010001000011001000000
29093,10000000000000000000000000001000000000000000001000000000000000000000000000001000000000000000000000000000000000000000000000000000000000000000000000100000000001000001000000000000000000100000000000001000000000000000000000000100000000001000010000000010010000111100010001000011001000001
27911,10000000000000000000000000001000000000000000001000000000000000000000000000001000000000000000000000000000000000000000000000000000000000000000000000100000000001000001000000000000000000100000000000001000000000000000000000000100000000001000010000000010010000111100010001000011001001110
29029,10000000000000000000000000001000000000000000001000000000000000000000000000001000000000000000000000000000000000000000000000000000000000000000000000100000000001000001000000000000000000100000000000001000000000000000000000000100000000101111110100000000000101001000000001011000000000000
29039,10000000000000000000000000001000000000000000001000000000000000000000000000001000000000000000000000000000000000000000000000000000000000000000000000100000000001000001000000000000000000100000000000001000000000000000000000000100000000101111110100000000000101001000000001011000000000001
28558,10000000000000000000000000001000000000000000001000000000000000000000000000001000000000000000000000000000000000000000000000000000000000000000000000100000000001000001000000000000010000000000000000000000000000000000000000000000101001000000000000000100000000000000000000000001001001000
31405,10000000000000000000000000001000000000000000001000000000000000000000000000001000000000000000000000000000000000000000000000000000000000000000000000100000000001000001000000000000010000000000000000000000000000000000000000000000101001000000000000000100000000000000000000000001001001001
30955,10000000000000000000000000001000000000000000001000000000000000000000000000001000000000000000000000000000000000000000000000000000000000000000000000100000000001000001000000000000010000000000000000000000000000000000000000000000101001000000000000000100000000000000000000000001001001100
31460,10000000000000000000000000001000000000000000001000000000000000000000000000001000000000000000000000000000000000000000000000000000000000000000000000100000000001000001000000000000010000000000000000000000000000000000000000000000101001000000000000000100000000000000000000000001001001101
30968,10000000000000000000000000001000000000000000001000000000000000000000000000001000000000000000000000000000000000000000000000000000000000000000000000100000000001000001000000000000010000000000000000000000000000000000000000000000101001000000000000000100000000000000000000000001010001010
31558,10000000000000000000000000001000000000000000001000000000000000000000000000001000000000000000000000000000000000000000000000000000000000000000000000100000000001000001000000000000010000000000000000000000000000000000000000000000101001000000000000000100000000000000000000000001010001011
31297,10000000000000000000000000001000000000000000001000000000000000000000000000001000000000000000000000000000000000000000000000000000000000000000000000100000000001000001000000000000010000000000000000000000000000000000000000000000101001000000000000000100000000000000000000000001010010100
31298,10000000000000000000000000001000000000000000001000000000000000000000000000001000000000000000000000000000000000000000000000000000000000000000000000100000000001000001000000000000010000000000000000000000000000000000000000000000101001000000000000000100000000000000000000000001010010101
31302,10000000000000000000000000001000000000000000001000000000000000000000000000001000000000000000000000000000000000000000000000000000000000000000000000100000000001000001000000000000010000000000000000000000000000000000000000000000101001000000000000000100000000000000000000000001010011000
30978,10000000000000000000000000001000000000000000001000000000000000000000000000001000000000000000000000000000000000000000000000000000000000000000000000100000000001000001000000000000010000000000000000000000000000000000000000000000101001000000000000000100000000000000000000000001010011100
31264,10000000000000000000000000001000000000000000001000000000000000000000000000001000000000000000000000000000000000000000000000000000000000000000000000100000000001000001000000000000010000000000000000000000000000000000000000000000101001000000000000000100000000000000000000000001010011101
31262,10000000000000000000000000001000000000000000001000000000000000000000000000001000000000000000000000000000000000000000000000000000000000000000000000100000000001000001000000000000010000000000000000000000000000000000000000000000101001000000000000000100000000000010000000000000000000000
31033,10000000000000000000000000001000000000000000001000000000000000000000000000001000000000000000000000000000000000000000000000000000000000000000000000100000000001000001000000000000010000000000000000000000000000000000000000000000101001000000000000000100000000000010000000000000100000000
31250,10000000000000000000000000001000000000000000001000000000000000000000000000001000000000000000000000000000000000000000000000000000000000000000000000100000000001000001000000000000010000000000000000000000000000000000000000000000101001000000000000000100000000000010000000000000100000001
31248,10000000000000000000000000001000000000000000001000000000000000000000000000001000000000000000000000000000000000000000000000000000000000000000000000100000000001000001000000000000010000000000000000000000000000000000000000000000101001000000000000000100000000000011000000000000101000000
31111,10000000000000000000000000001000000000000000001000000000000000000000000000001000000000000000000000000000000000000000000000000000000000000000000000100000000001000001000000000000010000000000000000000000000000000000000000000000101001000000000000000100000000000011000000000000101000100
30603,10000000000000000000000000001000000000000000001000000000000000000000000000001000000000000000000000000000000000000000000000000000000000000000000000100000000001000001000000000000010000000000000000000000000000000000000000000000101001000000000000000100000000000011000000000000101000110
31063,10000000000000000000000000001000000000000000001000000000000000000000000000001000000000000000000000000000000000000000000000000000000000000000000000100000000001000001000000000000010000000000000000000000000000000000000000000000101001000000000000000100000000000011100000000000000100000
32629,100000000000000000000000000010000000000000000010000000000000000000000000000010000000000000000000000000000000000000000000000000000000000000000000001000000000010000010000000000000000001000000000000010000000000000000000000001000000000010000100000000100100001111000100001010001011000000
32677,100000000000000000000000000010000000000000000010000000000000000000000000000010000000000000000000000000000000000000000000000000000000000000000000001000000000010000010000000000000000001000000000000010000000000000000000000001000000000010000100000000100100001111000100001010001011000001
32686,100000000000000000000000000010000000000000000010000000000000000000000000000010000000000000000000000000000000000000000000000000000000000000000000001000000000010000010000000000000000001000000000000010000000000000000000000001000000000010000100000000100100001111000100001010001011000010
32687,100000000000000000000000000010000000000000000010000000000000000000000000000010000000000000000000000000000000000000000000000000000000000000000000001000000000010000010000000000000000001000000000000010000000000000000000000001000000000010000100000000100100001111000100001010001011000011
32585,100000000000000000000000000010000000000000000010000000000000000000000000000010000000000000000000000000000000000000000000000000000000000000000000001000000000010000010000000000000000001000000000000010000000000000000000000001000000000010000100000000100100001111000100001010001011000110
32619,100000000000000000000000000010000000000000000010000000000000000000000000000010000000000000000000000000000000000000000000000000000000000000000000001000000000010000010000000000000000001000000000000010000000000000000000000001000000000010000100000000100100001111000100001010001011000111
32636,100000000000000000000000000010000000000000000010000000000000000000000000000010000000000000000000000000000000000000000000000000000000000000000000001000000000010000010000000000000000001000000000000010000000000000000000000001000000000010000100000000100100001111000100001010001011011000
28507,100000000000000000000000000010000000000000000010000000000000000000000000000010000000000000000000000000000000000000000000000000000000000000000000001000000000010000010000000000000000001000000000000010000000000000000000000001000000000010000100000000100100001111000100010000110010000000
29086,100000000000000000000000000010000000000000000010000000000000000000000000000010000000000000000000000000000000000000000000000000000000000000000000001000000000010000010000000000000000001000000000000010000000000000000000000001000000000010000100000000100100001111000100010000110010000001
29084,100000000000000000000000000010000000000000000010000000000000000000000000000010000000000000000000000000000000000000000000000000000000000000000000001000000000010000010000000000000000001000000000000010000000000000000000000001000000000010000100000000100100001111000100010000110010000010
29088,100000000000000000000000000010000000000000000010000000000000000000000000000010000000000000000000000000000000000000000000000000000000000000000000001000000000010000010000000000000000001000000000000010000000000000000000000001000000000010000100000000100100001111000100010000110010000011
29129,100000000000000000000000000010000000000000000010000000000000000000000000000010000000000000000000000000000000000000000000000000000000000000000000001000000000010000010000000000000000001000000000000010000000000000000000000001000000000010000100000000100100001111000100010000110010011100
29030,100000000000000000000000000010000000000000000010000000000000000000000000000010000000000000000000000000000000000000000000000000000000000000000000001000000000010000010000000000000000001000000000000010000000000000000000000001000000001011111101000000000001010010000000010110000000000000
29122,100000000000000000000000000010000000000000000010000000000000000000000000000010000000000000000000000000000000000000000000000000000000000000000000001000000000010000010000000000000000001000000000000010000000000000000000000001000000001011111101000000000001010010000000010110000000000001
29038,100000000000000000000000000010000000000000000010000000000000000000000000000010000000000000000000000000000000000000000000000000000000000000000000001000000000010000010000000000000000001000000000000010000000000000000000000001000000001011111101000000000001010010000000010110000000000010
29193,100000000000000000000000000010000000000000000010000000000000000000000000000010000000000000000000000000000000000000000000000000000000000000000000001000000000010000010000000000000000001000000000000010000000000000000000000001000000001011111101000000000001010010000000010110000000000011
31408,100000000000000000000000000010000000000000000010000000000000000000000000000010000000000000000000000000000000000000000000000000000000000000000000001000000000010000010000000000000100000000000000000000000000000000000000000000001010010000000000000001000000000000000000000000010010010000
31482,100000000000000000000000000010000000000000000010000000000000000000000000000010000000000000000000000000000000000000000000000000000000000000000000001000000000010000010000000000000100000000000000000000000000000000000000000000001010010000000000000001000000000000000000000000010010010001
28563,100000000000000000000000000010000000000000000010000000000000000000000000000010000000000000000000000000000000000000000000000000000000000000000000001000000000010000010000000000000100000000000000000000000000000000000000000000001010010000000000000001000000000000000000000000010010010010
31472,100000000000000000000000000010000000000000000010000000000000000000000000000010000000000000000000000000000000000000000000000000000000000000000000001000000000010000010000000000000100000000000000000000000000000000000000000000001010010000000000000001000000000000000000000000010010010011
30956,100000000000000000000000000010000000000000000010000000000000000000000000000010000000000000000000000000000000000000000000000000000000000000000000001000000000010000010000000000000100000000000000000000000000000000000000000000001010010000000000000001000000000000000000000000010010011000
31455,100000000000000000000000000010000000000000000010000000000000000000000000000010000000000000000000000000000000000000000000000000000000000000000000001000000000010000010000000000000100000000000000000000000000000000000000000000001010010000000000000001000000000000000000000000010010011001
31466,100000000000000000000000000010000000000000000010000000000000000000000000000010000000000000000000000000000000000000000000000000000000000000000000001000000000010000010000000000000100000000000000000000000000000000000000000000001010010000000000000001000000000000000000000000010010011010
31467,100000000000000000000000000010000000000000000010000000000000000000000000000010000000000000000000000000000000000000000000000000000000000000000000001000000000010000010000000000000100000000000000000000000000000000000000000000001010010000000000000001000000000000000000000000010010011011
30969,100000000000000000000000000010000000000000000010000000000000000000000000000010000000000000000000000000000000000000000000000000000000000000000000001000000000010000010000000000000100000000000000000000000000000000000000000000001010010000000000000001000000000000000000000000010100010100
31433,100000000000000000000000000010000000000000000010000000000000000000000000000010000000000000000000000000000000000000000000000000000000000000000000001000000000010000010000000000000100000000000000000000000000000000000000000000001010010000000000000001000000000000000000000000010100010101
31559,100000000000000000000000000010000000000000000010000000000000000000000000000010000000000000000000000000000000000000000000000000000000000000000000001000000000010000010000000000000100000000000000000000000000000000000000000000001010010000000000000001000000000000000000000000010100010110
31560,100000000000000000000000000010000000000000000010000000000000000000000000000010000000000000000000000000000000000000000000000000000000000000000000001000000000010000010000000000000100000000000000000000000000000000000000000000001010010000000000000001000000000000000000000000010100010111
30979,100000000000000000000000000010000000000000000010000000000000000000000000000010000000000000000000000000000000000000000000000000000000000000000000001000000000010000010000000000000100000000000000000000000000000000000000000000001010010000000000000001000000000000000000000000010100111000
31258,100000000000000000000000000010000000000000000010000000000000000000000000000010000000000000000000000000000000000000000000000000000000000000000000001000000000010000010000000000000100000000000000000000000000000000000000000000001010010000000000000001000000000000000000000000010100111001
31034,100000000000000000000000000010000000000000000010000000000000000000000000000010000000000000000000000000000000000000000000000000000000000000000000001000000000010000010000000000000100000000000000000000000000000000000000000000001010010000000000000001000000000000100000000000001000000000
31035,100000000000000000000000000010000000000000000010000000000000000000000000000010000000000000000000000000000000000000000000000000000000000000000000001000000000010000010000000000000100000000000000000000000000000000000000000000001010010000000000000001000000000000100000000000001000000001
31112,100000000000000000000000000010000000000000000010000000000000000000000000000010000000000000000000000000000000000000000000000000000000000000000000001000000000010000010000000000000100000000000000000000000000000000000000000000001010010000000000000001000000000000110000000000001010001000
30989,100000000000000000000000000010000000000000000010000000000000000000000000000010000000000000000000000000000000000000000000000000000000000000000000001000000000010000010000000000000100000000000000000000000000000000000000000000001010010000000000000001000000000000110000000000001010001100
31064,100000000000000000000000000010000000000000000010000000000000000000000000000010000000000000000000000000000000000000000000000000000000000000000000001000000000010000010000000000000100000000000000000000000000000000000000000000001010010000000000000001000000000000111000000000000001000000
32630,1000000000000000000000000000100000000000000000100000000000000000000000000000100000000000000000000000000000000000000000000000000000000000000000000010000000000100000100000000000000000010000000000000100000000000000000000000010000000000100001000000001001000011110001000010100010110000000
32642,1000000000000000000000000000100000000000000000100000000000000000000000000000100000000000000000000000000000000000000000000000000000000000000000000010000000000100000100000000000000000010000000000000100000000000000000000000010000000000100001000000001001000011110001000010100010110000001
32672,1000000000000000000000000000100000000000000000100000000000000000000000000000100000000000000000000000000000000000000000000000000000000000000000000010000000000100000100000000000000000010000000000000100000000000000000000000010000000000100001000000001001000011110001000010100010110000100
32673,1000000000000000000000000000100000000000000000100000000000000000000000000000100000000000000000000000000000000000000000000000000000000000000000000010000000000100000100000000000000000010000000000000100000000000000000000000010000000000100001000000001001000011110001000010100010110000101
32640,1000000000000000000000000000100000000000000000100000000000000000000000000000100000000000000000000000000000000000000000000000000000000000000000000010000000000100000100000000000000000010000000000000100000000000000000000000010000000000100001000000001001000011110001000010100010110000110
32586,1000000000000000000000000000100000000000000000100000000000000000000000000000100000000000000000000000000000000000000000000000000000000000000000000010000000000100000100000000000000000010000000000000100000000000000000000000010000000000100001000000001001000011110001000010100010110001100
32828,1000000000000000000000000000100000000000000000100000000000000000000000000000100000000000000000000000000000000000000000000000000000000000000000000010000000000100000100000000000000000010000000000000100000000000000000000000010000000000100001000000001001000011110001000010100010110001101
31694,1000000000000000000000000000100000000000000000100000000000000000000000000000100000000000000000000000000000000000000000000000000000000000000000000010000000000100000100000000000000000010000000000000100000000000000000000000010000000000100001000000001001000011110001000010100010110001110
32620,1000000000000000000000000000100000000000000000100000000000000000000000000000100000000000000000000000000000000000000000000000000000000000000000000010000000000100000100000000000000000010000000000000100000000000000000000000010000000000100001000000001001000011110001000010100010110001111
28360,1000000000000000000000000000100000000000000000100000000000000000000000000000100000000000000000000000000000000000000000000000000000000000000000000010000000000100000100000000000000000010000000000000100000000000000000000000010000000000100001000000001001000011110001000100001100100000100
29083,1000000000000000000000000000100000000000000000100000000000000000000000000000100000000000000000000000000000000000000000000000000000000000000000000010000000000100000100000000000000000010000000000000100000000000000000000000010000000000100001000000001001000011110001000100001100100000101
29089,1000000000000000000000000000100000000000000000100000000000000000000000000000100000000000000000000000000000000000000000000000000000000000000000000010000000000100000100000000000000000010000000000000100000000000000000000000010000000000100001000000001001000011110001000100001100100000110
29091,1000000000000000000000000000100000000000000000100000000000000000000000000000100000000000000000000000000000000000000000000000000000000000000000000010000000000100000100000000000000000010000000000000100000000000000000000000010000000000100001000000001001000011110001000100001100100000111
29031,1000000000000000000000000000100000000000000000100000000000000000000000000000100000000000000000000000000000000000000000000000000000000000000000000010000000000100000100000000000000000010000000000000100000000000000000000000010000000010111111010000000000010100100000000101100000000000000
29121,1000000000000000000000000000100000000000000000100000000000000000000000000000100000000000000000000000000000000000000000000000000000000000000000000010000000000100000100000000000000000010000000000000100000000000000000000000010000000010111111010000000000010100100000000101100000000000001
29123,1000000000000000000000000000100000000000000000100000000000000000000000000000100000000000000000000000000000000000000000000000000000000000000000000010000000000100000100000000000000000010000000000000100000000000000000000000010000000010111111010000000000010100100000000101100000000000110
29192,1000000000000000000000000000100000000000000000100000000000000000000000000000100000000000000000000000000000000000000000000000000000000000000000000010000000000100000100000000000000000010000000000000100000000000000000000000010000000010111111010000000000010100100000000101100000000000111
30957,1000000000000000000000000000100000000000000000100000000000000000000000000000100000000000000000000000000000000000000000000000000000000000000000000010000000000100000100000000000001000000000000000000000000000000000000000000000010100100000000000000010000000000000000000000000100100110000
31451,1000000000000000000000000000100000000000000000100000000000000000000000000000100000000000000000000000000000000000000000000000000000000000000000000010000000000100000100000000000001000000000000000000000000000000000000000000000010100100000000000000010000000000000000000000000100100110001
30622,1000000000000000000000000000100000000000000000100000000000000000000000000000100000000000000000000000000000000000000000000000000000000000000000000010000000000100000100000000000001000000000000000000000000000000000000000000000010100100000000000000010000000000000000000000000101000101000
30970,1000000000000000000000000000100000000000000000100000000000000000000000000000100000000000000000000000000000000000000000000000000000000000000000000010000000000100000100000000000001000000000000000000000000000000000000000000000010100100000000000000010000000000000000000000000101000101001
31314,1000000000000000000000000000100000000000000000100000000000000000000000000000100000000000000000000000000000000000000000000000000000000000000000000010000000000100000100000000000001000000000000000000000000000000000000000000000010100100000000000000010000000000000000000000000101000101100
31315,1000000000000000000000000000100000000000000000100000000000000000000000000000100000000000000000000000000000000000000000000000000000000000000000000010000000000100000100000000000001000000000000000000000000000000000000000000000010100100000000000000010000000000000000000000000101000101101
30580,1000000000000000000000000000100000000000000000100000000000000000000000000000100000000000000000000000000000000000000000000000000000000000000000000010000000000100000100000000000001000000000000000000000000000000000000000000000010100100000000000000010000000000000000000000000101001110000
30980,1000000000000000000000000000100000000000000000100000000000000000000000000000100000000000000000000000000000000000000000000000000000000000000000000010000000000100000100000000000001000000000000000000000000000000000000000000000010100100000000000000010000000000000000000000000101001110001
31346,1000000000000000000000000000100000000000000000100000000000000000000000000000100000000000000000000000000000000000000000000000000000000000000000000010000000000100000100000000000001000000000000000000000000000000000000000000000010100100000000000000010000000000001000000000000010000000000
31036,1000000000000000000000000000100000000000000000100000000000000000000000000000100000000000000000000000000000000000000000000000000000000000000000000010000000000100000100000000000001000000000000000000000000000000000000000000000010100100000000000000010000000000001000000000000010000000010
31113,1000000000000000000000000000100000000000000000100000000000000000000000000000100000000000000000000000000000000000000000000000000000000000000000000010000000000100000100000000000001000000000000000000000000000000000000000000000010100100000000000000010000000000001100000000000010100010000
31238,1000000000000000000000000000100000000000000000100000000000000000000000000000100000000000000000000000000000000000000000000000000000000000000000000010000000000100000100000000000001000000000000000000000000000000000000000000000010100100000000000000010000000000001100000000000010100010001
31552,1000000000000000000000000000100000000000000000100000000000000000000000000000100000000000000000000000000000000000000000000000000000000000000000000010000000000100000100000000000001000000000000000000000000000000000000000000000010100100000000000000010000000000001100000000000010100011000
31065,1000000000000000000000000000100000000000000000100000000000000000000000000000100000000000000000000000000000000000000000000000000000000000000000000010000000000100000100000000000001000000000000000000000000000000000000000000000010100100000000000000010000000000001110000000000000010000000
32631,10000000000000000000000000001000000000000000001000000000000000000000000000001000000000000000000000000000000000000000000000000000000000000000000000100000000001000001000000000000000000100000000000001000000000000000000000000100000000001000010000000010010000111100010000101000101100000000
32643,10000000000000000000000000001000000000000000001000000000000000000000000000001000000000000000000000000000000000000000000000000000000000000000000000100000000001000001000000000000000000100000000000001000000000000000000000000100000000001000010000000010010000111100010000101000101100000001
32674,10000000000000000000000000001000000000000000001000000000000000000000000000001000000000000000000000000000000000000000000000000000000000000000000000100000000001000001000000000000000000100000000000001000000000000000000000000100000000001000010000000010010000111100010000101000101100001000
32684,10000000000000000000000000001000000000000000001000000000000000000000000000001000000000000000000000000000000000000000000000000000000000000000000000100000000001000001000000000000000000100000000000001000000000000000000000000100000000001000010000000010010000111100010000101000101100001001
32683,10000000000000000000000000001000000000000000001000000000000000000000000000001000000000000000000000000000000000000000000000000000000000000000000000100000000001000001000000000000000000100000000000001000000000000000000000000100000000001000010000000010010000111100010000101000101100001010
32587,10000000000000000000000000001000000000000000001000000000000000000000000000001000000000000000000000000000000000000000000000000000000000000000000000100000000001000001000000000000000000100000000000001000000000000000000000000100000000001000010000000010010000111100010000101000101100011000
32830,10000000000000000000000000001000000000000000001000000000000000000000000000001000000000000000000000000000000000000000000000000000000000000000000000100000000001000001000000000000000000100000000000001000000000000000000000000100000000001000010000000010010000111100010000101000101100011001
32621,10000000000000000000000000001000000000000000001000000000000000000000000000001000000000000000000000000000000000000000000000000000000000000000000000100000000001000001000000000000000000100000000000001000000000000000000000000100000000001000010000000010010000111100010000101000101100011110
32646,10000000000000000000000000001000000000000000001000000000000000000000000000001000000000000000000000000000000000000000000000000000000000000000000000100000000001000001000000000000000000100000000000001000000000000000000000000100000000001000010000000010010000111100010000101000101100011111
29070,10000000000000000000000000001000000000000000001000000000000000000000000000001000000000000000000000000000000000000000000000000000000000000000000000100000000001000001000000000000000000100000000000001000000000000000000000000100000000001000010000000010010000111100010001000011001000001000
29073,10000000000000000000000000001000000000000000001000000000000000000000000000001000000000000000000000000000000000000000000000000000000000000000000000100000000001000001000000000000000000100000000000001000000000000000000000000100000000001000010000000010010000111100010001000011001000001010
29074,10000000000000000000000000001000000000000000001000000000000000000000000000001000000000000000000000000000000000000000000000000000000000000000000000100000000001000001000000000000000000100000000000001000000000000000000000000100000000001000010000000010010000111100010001000011001000001011
29032,10000000000000000000000000001000000000000000001000000000000000000000000000001000000000000000000000000000000000000000000000000000000000000000000000100000000001000001000000000000000000100000000000001000000000000000000000000100000000101111110100000000000101001000000001011000000000000000
30958,10000000000000000000000000001000000000000000001000000000000000000000000000001000000000000000000000000000000000000000000000000000000000000000000000100000000001000001000000000000010000000000000000000000000000000000000000000000101001000000000000000100000000000000000000000001001001100000
31462,10000000000000000000000000001000000000000000001000000000000000000000000000001000000000000000000000000000000000000000000000000000000000000000000000100000000001000001000000000000010000000000000000000000000000000000000000000000101001000000000000000100000000000000000000000001001001100001
31540,10000000000000000000000000001000000000000000001000000000000000000000000000001000000000000000000000000000000000000000000000000000000000000000000000100000000001000001000000000000010000000000000000000000000000000000000000000000101001000000000000000100000000000000000000000001010001010000
31541,10000000000000000000000000001000000000000000001000000000000000000000000000001000000000000000000000000000000000000000000000000000000000000000000000100000000001000001000000000000010000000000000000000000000000000000000000000000101001000000000000000100000000000000000000000001010001010001
30971,10000000000000000000000000001000000000000000001000000000000000000000000000001000000000000000000000000000000000000000000000000000000000000000000000100000000001000001000000000000010000000000000000000000000000000000000000000000101001000000000000000100000000000000000000000001010001010010
31402,10000000000000000000000000001000000000000000001000000000000000000000000000001000000000000000000000000000000000000000000000000000000000000000000000100000000001000001000000000000010000000000000000000000000000000000000000000000101001000000000000000100000000000000000000000001010001010011
31293,10000000000000000000000000001000000000000000001000000000000000000000000000001000000000000000000000000000000000000000000000000000000000000000000000100000000001000001000000000000010000000000000000000000000000000000000000000000101001000000000000000100000000000000000000000001010001011000
31294,10000000000000000000000000001000000000000000001000000000000000000000000000001000000000000000000000000000000000000000000000000000000000000000000000100000000001000001000000000000010000000000000000000000000000000000000000000000101001000000000000000100000000000000000000000001010001011001
30576,10000000000000000000000000001000000000000000001000000000000000000000000000001000000000000000000000000000000000000000000000000000000000000000000000100000000001000001000000000000010000000000000000000000000000000000000000000000101001000000000000000100000000000000000000000001010011100010
30981,10000000000000000000000000001000000000000000001000000000000000000000000000001000000000000000000000000000000000000000000000000000000000000000000000100000000001000001000000000000010000000000000000000000000000000000000000000000101001000000000000000100000000000000000000000001010011100011
31037,10000000000000000000000000001000000000000000001000000000000000000000000000001000000000000000000000000000000000000000000000000000000000000000000000100000000001000001000000000000010000000000000000000000000000000000000000000000101001000000000000000100000000000010000000000000100000000100
31038,10000000000000000000000000001000000000000000001000000000000000000000000000001000000000000000000000000000000000000000000000000000000000000000000000100000000001000001000000000000010000000000000000000000000000000000000000000000101001000000000000000100000000000010000000000000100000000101
31114,10000000000000000000000000001000000000000000001000000000000000000000000000001000000000000000000000000000000000000000000000000000000000000000000000100000000001000001000000000000010000000000000000000000000000000000000000000000101001000000000000000100000000000011000000000000101000100000
31539,10000000000000000000000000001000000000000000001000000000000000000000000000001000000000000000000000000000000000000000000000000000000000000000000000100000000001000001000000000000010000000000000000000000000000000000000000000000101001000000000000000100000000000011000000000000101000100010
31551,10000000000000000000000000001000000000000000001000000000000000000000000000001000000000000000000000000000000000000000000000000000000000000000000000100000000001000001000000000000010000000000000000000000000000000000000000000000101001000000000000000100000000000011000000000000101000110000
31066,10000000000000000000000000001000000000000000001000000000000000000000000000001000000000000000000000000000000000000000000000000000000000000000000000100000000001000001000000000000010000000000000000000000000000000000000000000000101001000000000000000100000000000011100000000000000100000000
32632,100000000000000000000000000010000000000000000010000000000000000000000000000010000000000000000000000000000000000000000000000000000000000000000000001000000000010000010000000000000000001000000000000010000000000000000000000001000000000010000100000000100100001111000100001010001011000000000
32639,100000000000000000000000000010000000000000000010000000000000000000000000000010000000000000000000000000000000000000000000000000000000000000000000001000000000010000010000000000000000001000000000000010000000000000000000000001000000000010000100000000100100001111000100001010001011000010000
32641,100000000000000000000000000010000000000000000010000000000000000000000000000010000000000000000000000000000000000000000000000000000000000000000000001000000000010000010000000000000000001000000000000010000000000000000000000001000000000010000100000000100100001111000100001010001011000010001
32685,100000000000000000000000000010000000000000000010000000000000000000000000000010000000000000000000000000000000000000000000000000000000000000000000001000000000010000010000000000000000001000000000000010000000000000000000000001000000000010000100000000100100001111000100001010001011000010010
32638,100000000000000000000000000010000000000000000010000000000000000000000000000010000000000000000000000000000000000000000000000000000000000000000000001000000000010000010000000000000000001000000000000010000000000000000000000001000000000010000100000000100100001111000100001010001011000010100
32588,100000000000000000000000000010000000000000000010000000000000000000000000000010000000000000000000000000000000000000000000000000000000000000000000001000000000010000010000000000000000001000000000000010000000000000000000000001000000000010000100000000100100001111000100001010001011000110000
32694,100000000000000000000000000010000000000000000010000000000000000000000000000010000000000000000000000000000000000000000000000000000000000000000000001000000000010000010000000000000000001000000000000010000000000000000000000001000000000010000100000000100100001111000100001010001011000110001
32622,100000000000000000000000000010000000000000000010000000000000000000000000000010000000000000000000000000000000000000000000000000000000000000000000001000000000010000010000000000000000001000000000000010000000000000000000000001000000000010000100000000100100001111000100001010001011000111100
32689,100000000000000000000000000010000000000000000010000000000000000000000000000010000000000000000000000000000000000000000000000000000000000000000000001000000000010000010000000000000000001000000000000010000000000000000000000001000000000010000100000000100100001111000100001010001011000111101
29069,100000000000000000000000000010000000000000000010000000000000000000000000000010000000000000000000000000000000000000000000000000000000000000000000001000000000010000010000000000000000001000000000000010000000000000000000000001000000000010000100000000100100001111000100010000110010000010100
30959,100000000000000000000000000010000000000000000010000000000000000000000000000010000000000000000000000000000000000000000000000000000000000000000000001000000000010000010000000000000100000000000000000000000000000000000000000000001010010000000000000001000000000000000000000000010010011000000
31461,100000000000000000000000000010000000000000000010000000000000000000000000000010000000000000000000000000000000000000000000000000000000000000000000001000000000010000010000000000000100000000000000000000000000000000000000000000001010010000000000000001000000000000000000000000010010011000001
30972,100000000000000000000000000010000000000000000010000000000000000000000000000010000000000000000000000000000000000000000000000000000000000000000000001000000000010000010000000000000100000000000000000000000000000000000000000000001010010000000000000001000000000000000000000000010100010100100
31271,100000000000000000000000000010000000000000000010000000000000000000000000000010000000000000000000000000000000000000000000000000000000000000000000001000000000010000010000000000000100000000000000000000000000000000000000000000001010010000000000000001000000000000000000000000010100010100101
30620,100000000000000000000000000010000000000000000010000000000000000000000000000010000000000000000000000000000000000000000000000000000000000000000000001000000000010000010000000000000100000000000000000000000000000000000000000000001010010000000000000001000000000000000000000000010100010100110
31399,100000000000000000000000000010000000000000000010000000000000000000000000000010000000000000000000000000000000000000000000000000000000000000000000001000000000010000010000000000000100000000000000000000000000000000000000000000001010010000000000000001000000000000000000000000010100010100111
30574,100000000000000000000000000010000000000000000010000000000000000000000000000010000000000000000000000000000000000000000000000000000000000000000000001000000000010000010000000000000100000000000000000000000000000000000000000000001010010000000000000001000000000000000000000000010100111000100
30575,100000000000000000000000000010000000000000000010000000000000000000000000000010000000000000000000000000000000000000000000000000000000000000000000001000000000010000010000000000000100000000000000000000000000000000000000000000001010010000000000000001000000000000000000000000010100111000101
30982,100000000000000000000000000010000000000000000010000000000000000000000000000010000000000000000000000000000000000000000000000000000000000000000000001000000000010000010000000000000100000000000000000000000000000000000000000000001010010000000000000001000000000000000000000000010100111000110
30610,100000000000000000000000000010000000000000000010000000000000000000000000000010000000000000000000000000000000000000000000000000000000000000000000001000000000010000010000000000000100000000000000000000000000000000000000000000001010010000000000000001000000000000100000000000001000000001000
31039,100000000000000000000000000010000000000000000010000000000000000000000000000010000000000000000000000000000000000000000000000000000000000000000000001000000000010000010000000000000100000000000000000000000000000000000000000000001010010000000000000001000000000000100000000000001000000001010
31115,100000000000000000000000000010000000000000000010000000000000000000000000000010000000000000000000000000000000000000000000000000000000000000000000001000000000010000010000000000000100000000000000000000000000000000000000000000001010010000000000000001000000000000110000000000001010001000000
31636,100000000000000000000000000010000000000000000010000000000000000000000000000010000000000000000000000000000000000000000000000000000000000000000000001000000000010000010000000000000100000000000000000000000000000000000000000000001010010000000000000001000000000000110000000000001010001000001
31236,100000000000000000000000000010000000000000000010000000000000000000000000000010000000000000000000000000000000000000000000000000000000000000000000001000000000010000010000000000000100000000000000000000000000000000000000000000001010010000000000000001000000000000110000000000001010001000100
31241,100000000000000000000000000010000000000000000010000000000000000000000000000010000000000000000000000000000000000000000000000000000000000000000000001000000000010000010000000000000100000000000000000000000000000000000000000000001010010000000000000001000000000000110000000000001010001000101
31550,100000000000000000000000000010000000000000000010000000000000000000000000000010000000000000000000000000000000000000000000000000000000000000000000001000000000010000010000000000000100000000000000000000000000000000000000000000001010010000000000000001000000000000110000000000001010001100000
31067,100000000000000000000000000010000000000000000010000000000000000000000000000010000000000000000000000000000000000000000000000000000000000000000000001000000000010000010000000000000100000000000000000000000000000000000000000000001010010000000000000001000000000000111000000000000001000000000
32633,1000000000000000000000000000100000000000000000100000000000000000000000000000100000000000000000000000000000000000000000000000000000000000000000000010000000000100000100000000000000000010000000000000100000000000000000000000010000000000100001000000001001000011110001000010100010110000000000
32589,1000000000000000000000000000100000000000000000100000000000000000000000000000100000000000000000000000000000000000000000000000000000000000000000000010000000000100000100000000000000000010000000000000100000000000000000000000010000000000100001000000001001000011110001000010100010110001100000
32695,1000000000000000000000000000100000000000000000100000000000000000000000000000100000000000000000000000000000000000000000000000000000000000000000000010000000000100000100000000000000000010000000000000100000000000000000000000010000000000100001000000001001000011110001000010100010110001100001
32696,1000000000000000000000000000100000000000000000100000000000000000000000000000100000000000000000000000000000000000000000000000000000000000000000000010000000000100000100000000000000000010000000000000100000000000000000000000010000000000100001000000001001000011110001000010100010110001100010
32623,1000000000000000000000000000100000000000000000100000000000000000000000000000100000000000000000000000000000000000000000000000000000000000000000000010000000000100000100000000000000000010000000000000100000000000000000000000010000000000100001000000001001000011110001000010100010110001111000
32648,1000000000000000000000000000100000000000000000100000000000000000000000000000100000000000000000000000000000000000000000000000000000000000000000000010000000000100000100000000000000000010000000000000100000000000000000000000010000000000100001000000001001000011110001000010100010110001111001
32688,1000000000000000000000000000100000000000000000100000000000000000000000000000100000000000000000000000000000000000000000000000000000000000000000000010000000000100000100000000000000000010000000000000100000000000000000000000010000000000100001000000001001000011110001000010100010110001111010
30960,1000000000000000000000000000100000000000000000100000000000000000000000000000100000000000000000000000000000000000000000000000000000000000000000000010000000000100000100000000000001000000000000000000000000000000000000000000000010100100000000000000010000000000000000000000000100100110000000
31450,1000000000000000000000000000100000000000000000100000000000000000000000000000100000000000000000000000000000000000000000000000000000000000000000000010000000000100000100000000000001000000000000000000000000000000000000000000000010100100000000000000010000000000000000000000000100100110000001
30973,1000000000000000000000000000100000000000000000100000000000000000000000000000100000000000000000000000000000000000000000000000000000000000000000000010000000000100000100000000000001000000000000000000000000000000000000000000000010100100000000000000010000000000000000000000000101000101001000
30986,1000000000000000000000000000100000000000000000100000000000000000000000000000100000000000000000000000000000000000000000000000000000000000000000000010000000000100000100000000000001000000000000000000000000000000000000000000000010100100000000000000010000000000000000000000000101000101001001
31429,1000000000000000000000000000100000000000000000100000000000000000000000000000100000000000000000000000000000000000000000000000000000000000000000000010000000000100000100000000000001000000000000000000000000000000000000000000000010100100000000000000010000000000000000000000000101000101001100
31430,1000000000000000000000000000100000000000000000100000000000000000000000000000100000000000000000000000000000000000000000000000000000000000000000000010000000000100000100000000000001000000000000000000000000000000000000000000000010100100000000000000010000000000000000000000000101000101001101
31398,1000000000000000000000000000100000000000000000100000000000000000000000000000100000000000000000000000000000000000000000000000000000000000000000000010000000000100000100000000000001000000000000000000000000000000000000000000000010100100000000000000010000000000000000000000000101000101001110
31403,1000000000000000000000000000100000000000000000100000000000000000000000000000100000000000000000000000000000000000000000000000000000000000000000000010000000000100000100000000000001000000000000000000000000000000000000000000000010100100000000000000010000000000000000000000000101000101001111
30983,1000000000000000000000000000100000000000000000100000000000000000000000000000100000000000000000000000000000000000000000000000000000000000000000000010000000000100000100000000000001000000000000000000000000000000000000000000000010100100000000000000010000000000000000000000000101001110001100
31040,1000000000000000000000000000100000000000000000100000000000000000000000000000100000000000000000000000000000000000000000000000000000000000000000000010000000000100000100000000000001000000000000000000000000000000000000000000000010100100000000000000010000000000001000000000000010000000010100
30581,1000000000000000000000000000100000000000000000100000000000000000000000000000100000000000000000000000000000000000000000000000000000000000000000000010000000000100000100000000000001000000000000000000000000000000000000000000000010100100000000000000010000000000001100000000000010100010000000
31635,1000000000000000000000000000100000000000000000100000000000000000000000000000100000000000000000000000000000000000000000000000000000000000000000000010000000000100000100000000000001000000000000000000000000000000000000000000000010100100000000000000010000000000001100000000000010100010000001
31422,1000000000000000000000000000100000000000000000100000000000000000000000000000100000000000000000000000000000000000000000000000000000000000000000000010000000000100000100000000000001000000000000000000000000000000000000000000000010100100000000000000010000000000001100000000000010100010000010
31223,1000000000000000000000000000100000000000000000100000000000000000000000000000100000000000000000000000000000000000000000000000000000000000000000000010000000000100000100000000000001000000000000000000000000000000000000000000000010100100000000000000010000000000001100000000000010100010001000
31237,1000000000000000000000000000100000000000000000100000000000000000000000000000100000000000000000000000000000000000000000000000000000000000000000000010000000000100000100000000000001000000000000000000000000000000000000000000000010100100000000000000010000000000001100000000000010100010001010
31242,1000000000000000000000000000100000000000000000100000000000000000000000000000100000000000000000000000000000000000000000000000000000000000000000000010000000000100000100000000000001000000000000000000000000000000000000000000000010100100000000000000010000000000001100000000000010100010001011
31068,1000000000000000000000000000100000000000000000100000000000000000000000000000100000000000000000000000000000000000000000000000000000000000000000000010000000000100000100000000000001000000000000000000000000000000000000000000000010100100000000000000010000000000001110000000000000010000000000
31292,1000000000000000000000000000100000000000000000100000000000000000000000000000100000000000000000000000000000000000000000000000000000000000000000000010000000000100000100000000000001000000000000000000000000000000000000000000000010100100000000000000010000000000001110000000000000010000000001
32634,10000000000000000000000000001000000000000000001000000000000000000000000000001000000000000000000000000000000000000000000000000000000000000000000000100000000001000001000000000000000000100000000000001000000000000000000000000100000000001000010000000010010000111100010000101000101100000000000
32590,10000000000000000000000000001000000000000000001000000000000000000000000000001000000000000000000000000000000000000000000000000000000000000000000000100000000001000001000000000000000000100000000000001000000000000000000000000100000000001000010000000010010000111100010000101000101100011000000
32777,10000000000000000000000000001000000000000000001000000000000000000000000000001000000000000000000000000000000000000000000000000000000000000000000000100000000001000001000000000000000000100000000000001000000000000000000000000100000000001000010000000010010000111100010000101000101100011000010
32831,10000000000000000000000000001000000000000000001000000000000000000000000000001000000000000000000000000000000000000000000000000000000000000000000000100000000001000001000000000000000000100000000000001000000000000000000000000100000000001000010000000010010000111100010000101000101100011000011
32624,10000000000000000000000000001000000000000000001000000000000000000000000000001000000000000000000000000000000000000000000000000000000000000000000000100000000001000001000000000000000000100000000000001000000000000000000000000100000000001000010000000010010000111100010000101000101100011110000
32647,10000000000000000000000000001000000000000000001000000000000000000000000000001000000000000000000000000000000000000000000000000000000000000000000000100000000001000001000000000000000000100000000000001000000000000000000000000100000000001000010000000010010000111100010000101000101100011110100
31432,10000000000000000000000000001000000000000000001000000000000000000000000000001000000000000000000000000000000000000000000000000000000000000000000000100000000001000001000000000000010000000000000000000000000000000000000000000000101001000000000000000100000000000000000000000001010001010011010
31438,10000000000000000000000000001000000000000000001000000000000000000000000000001000000000000000000000000000000000000000000000000000000000000000000000100000000001000001000000000000010000000000000000000000000000000000000000000000101001000000000000000100000000000000000000000001010001010011011
31310,10000000000000000000000000001000000000000000001000000000000000000000000000001000000000000000000000000000000000000000000000000000000000000000000000100000000001000001000000000000010000000000000000000000000000000000000000000000101001000000000000000100000000000000000000000001010001010011100
31401,10000000000000000000000000001000000000000000001000000000000000000000000000001000000000000000000000000000000000000000000000000000000000000000000000100000000001000001000000000000010000000000000000000000000000000000000000000000101001000000000000000100000000000000000000000001010001010011101
31041,10000000000000000000000000001000000000000000001000000000000000000000000000001000000000000000000000000000000000000000000000000000000000000000000000100000000001000001000000000000010000000000000000000000000000000000000000000000101001000000000000000100000000000010000000000000100000000101000
30582,10000000000000000000000000001000000000000000001000000000000000000000000000001000000000000000000000000000000000000000000000000000000000000000000000100000000001000001000000000000010000000000000000000000000000000000000000000000101001000000000000000100000000000011000000000000101000100000000
31641,10000000000000000000000000001000000000000000001000000000000000000000000000001000000000000000000000000000000000000000000000000000000000000000000000100000000001000001000000000000010000000000000000000000000000000000000000000000101001000000000000000100000000000011000000000000101000100000001
31205,10000000000000000000000000001000000000000000001000000000000000000000000000001000000000000000000000000000000000000000000000000000000000000000000000100000000001000001000000000000010000000000000000000000000000000000000000000000101001000000000000000100000000000011000000000000101000100000010
31234,10000000000000000000000000001000000000000000001000000000000000000000000000001000000000000000000000000000000000000000000000000000000000000000000000100000000001000001000000000000010000000000000000000000000000000000000000000000101001000000000000000100000000000011000000000000101000100010100
31071,10000000000000000000000000001000000000000000001000000000000000000000000000001000000000000000000000000000000000000000000000000000000000000000000000100000000001000001000000000000010000000000000000000000000000000000000000000000101001000000000000000100000000000011100000000000000100000000000
31284,10000000000000000000000000001000000000000000001000000000000000000000000000001000000000000000000000000000000000000000000000000000000000000000000000100000000001000001000000000000010000000000000000000000000000000000000000000000101001000000000000000100000000000011100000000000000100000000001
31288,10000000000000000000000000001000000000000000001000000000000000000000000000001000000000000000000000000000000000000000000000000000000000000000000000100000000001000001000000000000010000000000000000000000000000000000000000000000101001000000000000000100000000000011100000000000000100000000010
32635,100000000000000000000000000010000000000000000010000000000000000000000000000010000000000000000000000000000000000000000000000000000000000000000000001000000000010000010000000000000000001000000000000010000000000000000000000001000000000010000100000000100100001111000100001010001011000000000000
32591,100000000000000000000000000010000000000000000010000000000000000000000000000010000000000000000000000000000000000000000000000000000000000000000000001000000000010000010000000000000000001000000000000010000000000000000000000001000000000010000100000000100100001111000100001010001011000110000000
32829,100000000000000000000000000010000000000000000010000000000000000000000000000010000000000000000000000000000000000000000000000000000000000000000000001000000000010000010000000000000000001000000000000010000000000000000000000001000000000010000100000000100100001111000100001010001011000110000001
32625,100000000000000000000000000010000000000000000010000000000000000000000000000010000000000000000000000000000000000000000000000000000000000000000000001000000000010000010000000000000000001000000000000010000000000000000000000001000000000010000100000000100100001111000100001010001011000111100000
31404,100000000000000000000000000010000000000000000010000000000000000000000000000010000000000000000000000000000000000000000000000000000000000000000000001000000000010000010000000000000100000000000000000000000000000000000000000000001010010000000000000001000000000000000000000000010100010100110100
31434,100000000000000000000000000010000000000000000010000000000000000000000000000010000000000000000000000000000000000000000000000000000000000000000000001000000000010000010000000000000100000000000000000000000000000000000000000000001010010000000000000001000000000000000000000000010100010100110101
31299,100000000000000000000000000010000000000000000010000000000000000000000000000010000000000000000000000000000000000000000000000000000000000000000000001000000000010000010000000000000100000000000000000000000000000000000000000000001010010000000000000001000000000000000000000000010100010100111000
31306,100000000000000000000000000010000000000000000010000000000000000000000000000010000000000000000000000000000000000000000000000000000000000000000000001000000000010000010000000000000100000000000000000000000000000000000000000000001010010000000000000001000000000000000000000000010100010100111001
30583,100000000000000000000000000010000000000000000010000000000000000000000000000010000000000000000000000000000000000000000000000000000000000000000000001000000000010000010000000000000100000000000000000000000000000000000000000000001010010000000000000001000000000000110000000000001010001000000000
31545,100000000000000000000000000010000000000000000010000000000000000000000000000010000000000000000000000000000000000000000000000000000000000000000000001000000000010000010000000000000100000000000000000000000000000000000000000000001010010000000000000001000000000000110000000000001010001000000010
31546,100000000000000000000000000010000000000000000010000000000000000000000000000010000000000000000000000000000000000000000000000000000000000000000000001000000000010000010000000000000100000000000000000000000000000000000000000000001010010000000000000001000000000000110000000000001010001000000100
31228,100000000000000000000000000010000000000000000010000000000000000000000000000010000000000000000000000000000000000000000000000000000000000000000000001000000000010000010000000000000100000000000000000000000000000000000000000000001010010000000000000001000000000000110000000000001010001000101000
31073,100000000000000000000000000010000000000000000010000000000000000000000000000010000000000000000000000000000000000000000000000000000000000000000000001000000000010000010000000000000100000000000000000000000000000000000000000000001010010000000000000001000000000000111000000000000001000000000000
31282,100000000000000000000000000010000000000000000010000000000000000000000000000010000000000000000000000000000000000000000000000000000000000000000000001000000000010000010000000000000100000000000000000000000000000000000000000000001010010000000000000001000000000000111000000000000001000000000010
32592,1000000000000000000000000000100000000000000000100000000000000000000000000000100000000000000000000000000000000000000000000000000000000000000000000010000000000100000100000000000000000010000000000000100000000000000000000000010000000000100001000000001001000011110001000010100010110001100000000
32626,1000000000000000000000000000100000000000000000100000000000000000000000000000100000000000000000000000000000000000000000000000000000000000000000000010000000000100000100000000000000000010000000000000100000000000000000000000010000000000100001000000001001000011110001000010100010110001111000000
31291,1000000000000000000000000000100000000000000000100000000000000000000000000000100000000000000000000000000000000000000000000000000000000000000000000010000000000100000100000000000001000000000000000000000000000000000000000000000010100100000000000000010000000000000000000000000101000101001110000
31301,1000000000000000000000000000100000000000000000100000000000000000000000000000100000000000000000000000000000000000000000000000000000000000000000000010000000000100000100000000000001000000000000000000000000000000000000000000000010100100000000000000010000000000000000000000000101000101001110001
31307,1000000000000000000000000000100000000000000000100000000000000000000000000000100000000000000000000000000000000000000000000000000000000000000000000010000000000100000100000000000001000000000000000000000000000000000000000000000010100100000000000000010000000000000000000000000101000101001110010
30584,1000000000000000000000000000100000000000000000100000000000000000000000000000100000000000000000000000000000000000000000000000000000000000000000000010000000000100000100000000000001000000000000000000000000000000000000000000000010100100000000000000010000000000001100000000000010100010000000000
31631,1000000000000000000000000000100000000000000000100000000000000000000000000000100000000000000000000000000000000000000000000000000000000000000000000010000000000100000100000000000001000000000000000000000000000000000000000000000010100100000000000000010000000000001100000000000010100010000000001
31633,1000000000000000000000000000100000000000000000100000000000000000000000000000100000000000000000000000000000000000000000000000000000000000000000000010000000000100000100000000000001000000000000000000000000000000000000000000000010100100000000000000010000000000001100000000000010100010000000100
31634,1000000000000000000000000000100000000000000000100000000000000000000000000000100000000000000000000000000000000000000000000000000000000000000000000010000000000100000100000000000001000000000000000000000000000000000000000000000010100100000000000000010000000000001100000000000010100010000000101
31194,1000000000000000000000000000100000000000000000100000000000000000000000000000100000000000000000000000000000000000000000000000000000000000000000000010000000000100000100000000000001000000000000000000000000000000000000000000000010100100000000000000010000000000001100000000000010100010000001000
31074,1000000000000000000000000000100000000000000000100000000000000000000000000000100000000000000000000000000000000000000000000000000000000000000000000010000000000100000100000000000001000000000000000000000000000000000000000000000010100100000000000000010000000000001110000000000000010000000000000
32593,10000000000000000000000000001000000000000000001000000000000000000000000000001000000000000000000000000000000000000000000000000000000000000000000000100000000001000001000000000000000000100000000000001000000000000000000000000100000000001000010000000010010000111100010000101000101100011000000000
32645,10000000000000000000000000001000000000000000001000000000000000000000000000001000000000000000000000000000000000000000000000000000000000000000000000100000000001000001000000000000000000100000000000001000000000000000000000000100000000001000010000000010010000111100010000101000101100011000000001
31308,10000000000000000000000000001000000000000000001000000000000000000000000000001000000000000000000000000000000000000000000000000000000000000000000000100000000001000001000000000000010000000000000000000000000000000000000000000000101001000000000000000100000000000000000000000001010001010011100010
30585,10000000000000000000000000001000000000000000001000000000000000000000000000001000000000000000000000000000000000000000000000000000000000000000000000100000000001000001000000000000010000000000000000000000000000000000000000000000101001000000000000000100000000000011000000000000101000100000000000
31632,10000000000000000000000000001000000000000000001000000000000000000000000000001000000000000000000000000000000000000000000000000000000000000000000000100000000001000001000000000000010000000000000000000000000000000000000000000000101001000000000000000100000000000011000000000000101000100000000001
31186,10000000000000000000000000001000000000000000001000000000000000000000000000001000000000000000000000000000000000000000000000000000000000000000000000100000000001000001000000000000010000000000000000000000000000000000000000000000101001000000000000000100000000000011000000000000101000100000000010
31204,10000000000000000000000000001000000000000000001000000000000000000000000000001000000000000000000000000000000000000000000000000000000000000000000000100000000001000001000000000000010000000000000000000000000000000000000000000000101001000000000000000100000000000011000000000000101000100000001000
31208,10000000000000000000000000001000000000000000001000000000000000000000000000001000000000000000000000000000000000000000000000000000000000000000000000100000000001000001000000000000010000000000000000000000000000000000000000000000101001000000000000000100000000000011000000000000101000100000001010
31079,10000000000000000000000000001000000000000000001000000000000000000000000000001000000000000000000000000000000000000000000000000000000000000000000000100000000001000001000000000000010000000000000000000000000000000000000000000000101001000000000000000100000000000011100000000000000100000000000000
31695,100000000000000000000000000010000000000000000010000000000000000000000000000010000000000000000000000000000000000000000000000000000000000000000000001000000000010000010000000000000000001000000000000010000000000000000000000001000000000010000100000000100100001111000100001010001011000110000000000
32594,100000000000000000000000000010000000000000000010000000000000000000000000000010000000000000000000000000000000000000000000000000000000000000000000001000000000010000010000000000000000001000000000000010000000000000000000000001000000000010000100000000100100001111000100001010001011000110000000001
32644,100000000000000000000000000010000000000000000010000000000000000000000000000010000000000000000000000000000000000000000000000000000000000000000000001000000000010000010000000000000000001000000000000010000000000000000000000001000000000010000100000000100100001111000100001010001011000110000000010
30586,100000000000000000000000000010000000000000000010000000000000000000000000000010000000000000000000000000000000000000000000000000000000000000000000001000000000010000010000000000000100000000000000000000000000000000000000000000001010010000000000000001000000000000110000000000001010001000000000000
31188,100000000000000000000000000010000000000000000010000000000000000000000000000010000000000000000000000000000000000000000000000000000000000000000000001000000000010000010000000000000100000000000000000000000000000000000000000000001010010000000000000001000000000000110000000000001010001000000000010
31185,100000000000000000000000000010000000000000000010000000000000000000000000000010000000000000000000000000000000000000000000000000000000000000000000001000000000010000010000000000000100000000000000000000000000000000000000000000001010010000000000000001000000000000110000000000001010001000000000100
31187,100000000000000000000000000010000000000000000010000000000000000000000000000010000000000000000000000000000000000000000000000000000000000000000000001000000000010000010000000000000100000000000000000000000000000000000000000000001010010000000000000001000000000000110000000000001010001000000000101
31209,100000000000000000000000000010000000000000000010000000000000000000000000000010000000000000000000000000000000000000000000000000000000000000000000001000000000010000010000000000000100000000000000000000000000000000000000000000001010010000000000000001000000000000110000000000001010001000000010100
31216,100000000000000000000000000010000000000000000010000000000000000000000000000010000000000000000000000000000000000000000000000000000000000000000000001000000000010000010000000000000100000000000000000000000000000000000000000000001010010000000000000001000000000000110000000000001010001000000010101
31080,100000000000000000000000000010000000000000000010000000000000000000000000000010000000000000000000000000000000000000000000000000000000000000000000001000000000010000010000000000000100000000000000000000000000000000000000000000001010010000000000000001000000000000111000000000000001000000000000000
32827,1000000000000000000000000000100000000000000000100000000000000000000000000000100000000000000000000000000000000000000000000000000000000000000000000010000000000100000100000000000000000010000000000000100000000000000000000000010000000000100001000000001001000011110001000010100010110001100000000000
32595,1000000000000000000000000000100000000000000000100000000000000000000000000000100000000000000000000000000000000000000000000000000000000000000000000010000000000100000100000000000000000010000000000000100000000000000000000000010000000000100001000000001001000011110001000010100010110001100000000010
32650,1000000000000000000000000000100000000000000000100000000000000000000000000000100000000000000000000000000000000000000000000000000000000000000000000010000000000100000100000000000000000010000000000000100000000000000000000000010000000000100001000000001001000011110001000010100010110001100000000011
30587,1000000000000000000000000000100000000000000000100000000000000000000000000000100000000000000000000000000000000000000000000000000000000000000000000010000000000100000100000000000001000000000000000000000000000000000000000000000010100100000000000000010000000000001100000000000010100010000000000000
31542,1000000000000000000000000000100000000000000000100000000000000000000000000000100000000000000000000000000000000000000000000000000000000000000000000010000000000100000100000000000001000000000000000000000000000000000000000000000010100100000000000000010000000000001100000000000010100010000000000100
31543,1000000000000000000000000000100000000000000000100000000000000000000000000000100000000000000000000000000000000000000000000000000000000000000000000010000000000100000100000000000001000000000000000000000000000000000000000000000010100100000000000000010000000000001100000000000010100010000000000101
31179,1000000000000000000000000000100000000000000000100000000000000000000000000000100000000000000000000000000000000000000000000000000000000000000000000010000000000100000100000000000001000000000000000000000000000000000000000000000010100100000000000000010000000000001100000000000010100010000000001000
31180,1000000000000000000000000000100000000000000000100000000000000000000000000000100000000000000000000000000000000000000000000000000000000000000000000010000000000100000100000000000001000000000000000000000000000000000000000000000010100100000000000000010000000000001100000000000010100010000000001001
31003,1000000000000000000000000000100000000000000000100000000000000000000000000000100000000000000000000000000000000000000000000000000000000000000000000010000000000100000100000000000001000000000000000000000000000000000000000000000010100100000000000000010000000000001100000000000010100010000000001010
31183,1000000000000000000000000000100000000000000000100000000000000000000000000000100000000000000000000000000000000000000000000000000000000000000000000010000000000100000100000000000001000000000000000000000000000000000000000000000010100100000000000000010000000000001100000000000010100010000000001011
31196,1000000000000000000000000000100000000000000000100000000000000000000000000000100000000000000000000000000000000000000000000000000000000000000000000010000000000100000100000000000001000000000000000000000000000000000000000000000010100100000000000000010000000000001100000000000010100010000000101000
31203,1000000000000000000000000000100000000000000000100000000000000000000000000000100000000000000000000000000000000000000000000000000000000000000000000010000000000100000100000000000001000000000000000000000000000000000000000000000010100100000000000000010000000000001100000000000010100010000000101001
31081,1000000000000000000000000000100000000000000000100000000000000000000000000000100000000000000000000000000000000000000000000000000000000000000000000010000000000100000100000000000001000000000000000000000000000000000000000000000010100100000000000000010000000000001110000000000000010000000000000000
32596,10000000000000000000000000001000000000000000001000000000000000000000000000001000000000000000000000000000000000000000000000000000000000000000000000100000000001000001000000000000000000100000000000001000000000000000000000000100000000001000010000000010010000111100010000101000101100011000000000100
32649,10000000000000000000000000001000000000000000001000000000000000000000000000001000000000000000000000000000000000000000000000000000000000000000000000100000000001000001000000000000000000100000000000001000000000000000000000000100000000001000010000000010010000111100010000101000101100011000000000101
32651,10000000000000000000000000001000000000000000001000000000000000000000000000001000000000000000000000000000000000000000000000000000000000000000000000100000000001000001000000000000000000100000000000001000000000000000000000000100000000001000010000000010010000111100010000101000101100011000000000110
32652,10000000000000000000000000001000000000000000001000000000000000000000000000001000000000000000000000000000000000000000000000000000000000000000000000100000000001000001000000000000000000100000000000001000000000000000000000000100000000001000010000000010010000111100010000101000101100011000000000111
30588,10000000000000000000000000001000000000000000001000000000000000000000000000001000000000000000000000000000000000000000000000000000000000000000000000100000000001000001000000000000010000000000000000000000000000000000000000000000101001000000000000000100000000000011000000000000101000100000000000000
31176,10000000000000000000000000001000000000000000001000000000000000000000000000001000000000000000000000000000000000000000000000000000000000000000000000100000000001000001000000000000010000000000000000000000000000000000000000000000101001000000000000000100000000000011000000000000101000100000000000001
30514,10000000000000000000000000001000000000000000001000000000000000000000000000001000000000000000000000000000000000000000000000000000000000000000000000100000000001000001000000000000010000000000000000000000000000000000000000000000101001000000000000000100000000000011000000000000101000100000000001000
31544,10000000000000000000000000001000000000000000001000000000000000000000000000001000000000000000000000000000000000000000000000000000000000000000000000100000000001000001000000000000010000000000000000000000000000000000000000000000101001000000000000000100000000000011000000000000101000100000000001010
31002,10000000000000000000000000001000000000000000001000000000000000000000000000001000000000000000000000000000000000000000000000000000000000000000000000100000000001000001000000000000010000000000000000000000000000000000000000000000101001000000000000000100000000000011000000000000101000100000000010100
31005,10000000000000000000000000001000000000000000001000000000000000000000000000001000000000000000000000000000000000000000000000000000000000000000000000100000000001000001000000000000010000000000000000000000000000000000000000000000101001000000000000000100000000000011000000000000101000100000001010000
30511,10000000000000000000000000001000000000000000001000000000000000000000000000001000000000000000000000000000000000000000000000000000000000000000000000100000000001000001000000000000010000000000000000000000000000000000000000000000101001000000000000000100000000000011000000000000101000100000001010010
31082,10000000000000000000000000001000000000000000001000000000000000000000000000001000000000000000000000000000000000000000000000000000000000000000000000100000000001000001000000000000010000000000000000000000000000000000000000000000101001000000000000000100000000000011100000000000000100000000000000000
32597,100000000000000000000000000010000000000000000010000000000000000000000000000010000000000000000000000000000000000000000000000000000000000000000000001000000000010000010000000000000000001000000000000010000000000000000000000001000000000010000100000000100100001111000100001010001011000110000000001000
32604,100000000000000000000000000010000000000000000010000000000000000000000000000010000000000000000000000000000000000000000000000000000000000000000000001000000000010000010000000000000000001000000000000010000000000000000000000001000000000010000100000000100100001111000100001010001011000110000000001001
30589,100000000000000000000000000010000000000000000010000000000000000000000000000010000000000000000000000000000000000000000000000000000000000000000000001000000000010000010000000000000100000000000000000000000000000000000000000000001010010000000000000001000000000000110000000000001010001000000000000000
31170,100000000000000000000000000010000000000000000010000000000000000000000000000010000000000000000000000000000000000000000000000000000000000000000000001000000000010000010000000000000100000000000000000000000000000000000000000000001010010000000000000001000000000000110000000000001010001000000000000010
31173,100000000000000000000000000010000000000000000010000000000000000000000000000010000000000000000000000000000000000000000000000000000000000000000000001000000000010000010000000000000100000000000000000000000000000000000000000000001010010000000000000001000000000000110000000000001010001000000000000011
31175,100000000000000000000000000010000000000000000010000000000000000000000000000010000000000000000000000000000000000000000000000000000000000000000000001000000000010000010000000000000100000000000000000000000000000000000000000000001010010000000000000001000000000000110000000000001010001000000000010000
31163,100000000000000000000000000010000000000000000010000000000000000000000000000010000000000000000000000000000000000000000000000000000000000000000000001000000000010000010000000000000100000000000000000000000000000000000000000000001010010000000000000001000000000000110000000000001010001000000000010100
31004,100000000000000000000000000010000000000000000010000000000000000000000000000010000000000000000000000000000000000000000000000000000000000000000000001000000000010000010000000000000100000000000000000000000000000000000000000000001010010000000000000001000000000000110000000000001010001000000010100000
31006,100000000000000000000000000010000000000000000010000000000000000000000000000010000000000000000000000000000000000000000000000000000000000000000000001000000000010000010000000000000100000000000000000000000000000000000000000000001010010000000000000001000000000000110000000000001010001000000010100001
30510,100000000000000000000000000010000000000000000010000000000000000000000000000010000000000000000000000000000000000000000000000000000000000000000000001000000000010000010000000000000100000000000000000000000000000000000000000000001010010000000000000001000000000000110000000000001010001000000010100100
31085,100000000000000000000000000010000000000000000010000000000000000000000000000010000000000000000000000000000000000000000000000000000000000000000000001000000000010000010000000000000100000000000000000000000000000000000000000000001010010000000000000001000000000000111000000000000001000000000000000000
32598,1000000000000000000000000000100000000000000000100000000000000000000000000000100000000000000000000000000000000000000000000000000000000000000000000010000000000100000100000000000000000010000000000000100000000000000000000000010000000000100001000000001001000011110001000010100010110001100000000010000
32698,1000000000000000000000000000100000000000000000100000000000000000000000000000100000000000000000000000000000000000000000000000000000000000000000000010000000000100000100000000000000000010000000000000100000000000000000000000010000000000100001000000001001000011110001000010100010110001100000000010001
32605,1000000000000000000000000000100000000000000000100000000000000000000000000000100000000000000000000000000000000000000000000000000000000000000000000010000000000100000100000000000000000010000000000000100000000000000000000000010000000000100001000000001001000011110001000010100010110001100000000010010
32653,1000000000000000000000000000100000000000000000100000000000000000000000000000100000000000000000000000000000000000000000000000000000000000000000000010000000000100000100000000000000000010000000000000100000000000000000000000010000000000100001000000001001000011110001000010100010110001100000000010011
30590,1000000000000000000000000000100000000000000000100000000000000000000000000000100000000000000000000000000000000000000000000000000000000000000000000010000000000100000100000000000001000000000000000000000000000000000000000000000010100100000000000000010000000000001100000000000010100010000000000000000
31167,1000000000000000000000000000100000000000000000100000000000000000000000000000100000000000000000000000000000000000000000000000000000000000000000000010000000000100000100000000000001000000000000000000000000000000000000000000000010100100000000000000010000000000001100000000000010100010000000000000001
31168,1000000000000000000000000000100000000000000000100000000000000000000000000000100000000000000000000000000000000000000000000000000000000000000000000010000000000100000100000000000001000000000000000000000000000000000000000000000010100100000000000000010000000000001100000000000010100010000000000000100
31172,1000000000000000000000000000100000000000000000100000000000000000000000000000100000000000000000000000000000000000000000000000000000000000000000000010000000000100000100000000000001000000000000000000000000000000000000000000000010100100000000000000010000000000001100000000000010100010000000000000110
31174,1000000000000000000000000000100000000000000000100000000000000000000000000000100000000000000000000000000000000000000000000000000000000000000000000010000000000100000100000000000001000000000000000000000000000000000000000000000010100100000000000000010000000000001100000000000010100010000000000100000
31424,1000000000000000000000000000100000000000000000100000000000000000000000000000100000000000000000000000000000000000000000000000000000000000000000000010000000000100000100000000000001000000000000000000000000000000000000000000000010100100000000000000010000000000001100000000000010100010000000000100001
31191,1000000000000000000000000000100000000000000000100000000000000000000000000000100000000000000000000000000000000000000000000000000000000000000000000010000000000100000100000000000001000000000000000000000000000000000000000000000010100100000000000000010000000000001100000000000010100010000000101000000
31197,1000000000000000000000000000100000000000000000100000000000000000000000000000100000000000000000000000000000000000000000000000000000000000000000000010000000000100000100000000000001000000000000000000000000000000000000000000000010100100000000000000010000000000001100000000000010100010000000101000010
31077,1000000000000000000000000000100000000000000000100000000000000000000000000000100000000000000000000000000000000000000000000000000000000000000000000010000000000100000100000000000001000000000000000000000000000000000000000000000010100100000000000000010000000000001110000000000000010000000000000000000
32599,10000000000000000000000000001000000000000000001000000000000000000000000000001000000000000000000000000000000000000000000000000000000000000000000000100000000001000001000000000000000000100000000000001000000000000000000000000100000000001000010000000010010000111100010000101000101100011000000000100000
32700,10000000000000000000000000001000000000000000001000000000000000000000000000001000000000000000000000000000000000000000000000000000000000000000000000100000000001000001000000000000000000100000000000001000000000000000000000000100000000001000010000000010010000111100010000101000101100011000000000100010
32606,10000000000000000000000000001000000000000000001000000000000000000000000000001000000000000000000000000000000000000000000000000000000000000000000000100000000001000001000000000000000000100000000000001000000000000000000000000100000000001000010000000010010000111100010000101000101100011000000000100100
32654,10000000000000000000000000001000000000000000001000000000000000000000000000001000000000000000000000000000000000000000000000000000000000000000000000100000000001000001000000000000000000100000000000001000000000000000000000000100000000001000010000000010010000111100010000101000101100011000000000100101
30591,10000000000000000000000000001000000000000000001000000000000000000000000000001000000000000000000000000000000000000000000000000000000000000000000000100000000001000001000000000000010000000000000000000000000000000000000000000000101001000000000000000100000000000011000000000000101000100000000000000000
30597,10000000000000000000000000001000000000000000001000000000000000000000000000001000000000000000000000000000000000000000000000000000000000000000000000100000000001000001000000000000010000000000000000000000000000000000000000000000101001000000000000000100000000000011000000000000101000100000000000000001
31166,10000000000000000000000000001000000000000000001000000000000000000000000000001000000000000000000000000000000000000000000000000000000000000000000000100000000001000001000000000000010000000000000000000000000000000000000000000000101001000000000000000100000000000011000000000000101000100000000000000010
31423,10000000000000000000000000001000000000000000001000000000000000000000000000001000000000000000000000000000000000000000000000000000000000000000000000100000000001000001000000000000010000000000000000000000000000000000000000000000101001000000000000000100000000000011000000000000101000100000000001000000
31426,10000000000000000000000000001000000000000000001000000000000000000000000000001000000000000000000000000000000000000000000000000000000000000000000000100000000001000001000000000000010000000000000000000000000000000000000000000000101001000000000000000100000000000011000000000000101000100000000001000010
31189,10000000000000000000000000001000000000000000001000000000000000000000000000001000000000000000000000000000000000000000000000000000000000000000000000100000000001000001000000000000010000000000000000000000000000000000000000000000101001000000000000000100000000000011000000000000101000100000001010000000
31075,10000000000000000000000000001000000000000000001000000000000000000000000000001000000000000000000000000000000000000000000000000000000000000000000000100000000001000001000000000000010000000000000000000000000000000000000000000000101001000000000000000100000000000011100000000000000100000000000000000000
32600,100000000000000000000000000010000000000000000010000000000000000000000000000010000000000000000000000000000000000000000000000000000000000000000000001000000000010000010000000000000000001000000000000010000000000000000000000001000000000010000100000000100100001111000100001010001011000110000000001000000
32671,100000000000000000000000000010000000000000000010000000000000000000000000000010000000000000000000000000000000000000000000000000000000000000000000001000000000010000010000000000000000001000000000000010000000000000000000000001000000000010000100000000100100001111000100001010001011000110000000001000001
32699,100000000000000000000000000010000000000000000010000000000000000000000000000010000000000000000000000000000000000000000000000000000000000000000000001000000000010000010000000000000000001000000000000010000000000000000000000001000000000010000100000000100100001111000100001010001011000110000000001000100
32607,100000000000000000000000000010000000000000000010000000000000000000000000000010000000000000000000000000000000000000000000000000000000000000000000001000000000010000010000000000000000001000000000000010000000000000000000000001000000000010000100000000100100001111000100001010001011000110000000001001000
32697,100000000000000000000000000010000000000000000010000000000000000000000000000010000000000000000000000000000000000000000000000000000000000000000000001000000000010000010000000000000000001000000000000010000000000000000000000001000000000010000100000000100100001111000100001010001011000110000000001001010
30592,100000000000000000000000000010000000000000000010000000000000000000000000000010000000000000000000000000000000000000000000000000000000000000000000001000000000010000010000000000000100000000000000000000000000000000000000000000001010010000000000000001000000000000110000000000001010001000000000000000000
31161,100000000000000000000000000010000000000000000010000000000000000000000000000010000000000000000000000000000000000000000000000000000000000000000000001000000000010000010000000000000100000000000000000000000000000000000000000000001010010000000000000001000000000000110000000000001010001000000000000000001
30598,100000000000000000000000000010000000000000000010000000000000000000000000000010000000000000000000000000000000000000000000000000000000000000000000001000000000010000010000000000000100000000000000000000000000000000000000000000001010010000000000000001000000000000110000000000001010001000000000000000010
31162,100000000000000000000000000010000000000000000010000000000000000000000000000010000000000000000000000000000000000000000000000000000000000000000000001000000000010000010000000000000100000000000000000000000000000000000000000000001010010000000000000001000000000000110000000000001010001000000000000000011
31425,100000000000000000000000000010000000000000000010000000000000000000000000000010000000000000000000000000000000000000000000000000000000000000000000001000000000010000010000000000000100000000000000000000000000000000000000000000001010010000000000000001000000000000110000000000001010001000000000010000100
31072,100000000000000000000000000010000000000000000010000000000000000000000000000010000000000000000000000000000000000000000000000000000000000000000000001000000000010000010000000000000100000000000000000000000000000000000000000000001010010000000000000001000000000000111000000000000001000000000000000000000
32601,1000000000000000000000000000100000000000000000100000000000000000000000000000100000000000000000000000000000000000000000000000000000000000000000000010000000000100000100000000000000000010000000000000100000000000000000000000010000000000100001000000001001000011110001000010100010110001100000000010000000
31677,1000000000000000000000000000100000000000000000100000000000000000000000000000100000000000000000000000000000000000000000000000000000000000000000000010000000000100000100000000000000000010000000000000100000000000000000000000010000000000100001000000001001000011110001000010100010110001100000000010000010
31676,1000000000000000000000000000100000000000000000100000000000000000000000000000100000000000000000000000000000000000000000000000000000000000000000000010000000000100000100000000000000000010000000000000100000000000000000000000010000000000100001000000001001000011110001000010100010110001100000000010010000
32608,1000000000000000000000000000100000000000000000100000000000000000000000000000100000000000000000000000000000000000000000000000000000000000000000000010000000000100000100000000000000000010000000000000100000000000000000000000010000000000100001000000001001000011110001000010100010110001100000000010010001
32655,1000000000000000000000000000100000000000000000100000000000000000000000000000100000000000000000000000000000000000000000000000000000000000000000000010000000000100000100000000000000000010000000000000100000000000000000000000010000000000100001000000001001000011110001000010100010110001100000000010010100
30593,1000000000000000000000000000100000000000000000100000000000000000000000000000100000000000000000000000000000000000000000000000000000000000000000000010000000000100000100000000000001000000000000000000000000000000000000000000000010100100000000000000010000000000001100000000000010100010000000000000000000
31165,1000000000000000000000000000100000000000000000100000000000000000000000000000100000000000000000000000000000000000000000000000000000000000000000000010000000000100000100000000000001000000000000000000000000000000000000000000000010100100000000000000010000000000001100000000000010100010000000000000000001
30599,1000000000000000000000000000100000000000000000100000000000000000000000000000100000000000000000000000000000000000000000000000000000000000000000000010000000000100000100000000000001000000000000000000000000000000000000000000000010100100000000000000010000000000001100000000000010100010000000000000000100
30600,1000000000000000000000000000100000000000000000100000000000000000000000000000100000000000000000000000000000000000000000000000000000000000000000000010000000000100000100000000000001000000000000000000000000000000000000000000000010100100000000000000010000000000001100000000000010100010000000000000000101
31070,1000000000000000000000000000100000000000000000100000000000000000000000000000100000000000000000000000000000000000000000000000000000000000000000000010000000000100000100000000000001000000000000000000000000000000000000000000000010100100000000000000010000000000001110000000000000010000000000000000000000
32602,10000000000000000000000000001000000000000000001000000000000000000000000000001000000000000000000000000000000000000000000000000000000000000000000000100000000001000001000000000000000000100000000000001000000000000000000000000100000000001000010000000010010000111100010000101000101100011000000000100000000
32657,10000000000000000000000000001000000000000000001000000000000000000000000000001000000000000000000000000000000000000000000000000000000000000000000000100000000001000001000000000000000000100000000000001000000000000000000000000100000000001000010000000010010000111100010000101000101100011000000000100000100
31679,10000000000000000000000000001000000000000000001000000000000000000000000000001000000000000000000000000000000000000000000000000000000000000000000000100000000001000001000000000000000000100000000000001000000000000000000000000100000000001000010000000010010000111100010000101000101100011000000000100100000
32609,10000000000000000000000000001000000000000000001000000000000000000000000000001000000000000000000000000000000000000000000000000000000000000000000000100000000001000001000000000000000000100000000000001000000000000000000000000100000000001000010000000010010000111100010000101000101100011000000000100100010
30594,10000000000000000000000000001000000000000000001000000000000000000000000000001000000000000000000000000000000000000000000000000000000000000000000000100000000001000001000000000000010000000000000000000000000000000000000000000000101001000000000000000100000000000011000000000000101000100000000000000000000
31156,10000000000000000000000000001000000000000000001000000000000000000000000000001000000000000000000000000000000000000000000000000000000000000000000000100000000001000001000000000000010000000000000000000000000000000000000000000000101001000000000000000100000000000011000000000000101000100000000000000001000
32779,10000000000000000000000000001000000000000000001000000000000000000000000000001000000000000000000000000000000000000000000000000000000000000000000000100000000001000001000000000000010000000000000000000000000000000000000000000000101001000000000000000100000000000011000000000000101000100000000000000001001
31159,10000000000000000000000000001000000000000000001000000000000000000000000000001000000000000000000000000000000000000000000000000000000000000000000000100000000001000001000000000000010000000000000000000000000000000000000000000000101001000000000000000100000000000011000000000000101000100000000000000001010
32780,10000000000000000000000000001000000000000000001000000000000000000000000000001000000000000000000000000000000000000000000000000000000000000000000000100000000001000001000000000000010000000000000000000000000000000000000000000000101001000000000000000100000000000011000000000000101000100000000000000001011
30996,10000000000000000000000000001000000000000000001000000000000000000000000000001000000000000000000000000000000000000000000000000000000000000000000000100000000001000001000000000000010000000000000000000000000000000000000000000000101001000000000000000100000000000011100000000000000100000000000000000000000
31069,10000000000000000000000000001000000000000000001000000000000000000000000000001000000000000000000000000000000000000000000000000000000000000000000000100000000001000001000000000000010000000000000000000000000000000000000000000000101001000000000000000100000000000011100000000000000100000000000000000000001
32603,100000000000000000000000000010000000000000000010000000000000000000000000000010000000000000000000000000000000000000000000000000000000000000000000001000000000010000010000000000000000001000000000000010000000000000000000000001000000000010000100000000100100001111000100001010001011000110000000001000000000
31678,100000000000000000000000000010000000000000000010000000000000000000000000000010000000000000000000000000000000000000000000000000000000000000000000001000000000010000010000000000000000001000000000000010000000000000000000000001000000000010000100000000100100001111000100001010001011000110000000001001000000
32610,100000000000000000000000000010000000000000000010000000000000000000000000000010000000000000000000000000000000000000000000000000000000000000000000001000000000010000010000000000000000001000000000000010000000000000000000000001000000000010000100000000100100001111000100001010001011000110000000001001000100
30595,100000000000000000000000000010000000000000000010000000000000000000000000000010000000000000000000000000000000000000000000000000000000000000000000001000000000010000010000000000000100000000000000000000000000000000000000000000001010010000000000000001000000000000110000000000001010001000000000000000000000
31164,100000000000000000000000000010000000000000000010000000000000000000000000000010000000000000000000000000000000000000000000000000000000000000000000001000000000010000010000000000000100000000000000000000000000000000000000000000001010010000000000000001000000000000110000000000001010001000000000000000000001
31158,100000000000000000000000000010000000000000000010000000000000000000000000000010000000000000000000000000000000000000000000000000000000000000000000001000000000010000010000000000000100000000000000000000000000000000000000000000001010010000000000000001000000000000110000000000001010001000000000000000010000
32781,100000000000000000000000000010000000000000000010000000000000000000000000000010000000000000000000000000000000000000000000000000000000000000000000001000000000010000010000000000000100000000000000000000000000000000000000000000001010010000000000000001000000000000110000000000001010001000000000000000010001
32714,100000000000000000000000000010000000000000000010000000000000000000000000000010000000000000000000000000000000000000000000000000000000000000000000001000000000010000010000000000000100000000000000000000000000000000000000000000001010010000000000000001000000000000110000000000001010001000000000000000010010
32744,100000000000000000000000000010000000000000000010000000000000000000000000000010000000000000000000000000000000000000000000000000000000000000000000001000000000010000010000000000000100000000000000000000000000000000000000000000001010010000000000000001000000000000110000000000001010001000000000000000010011
32719,100000000000000000000000000010000000000000000010000000000000000000000000000010000000000000000000000000000000000000000000000000000000000000000000001000000000010000010000000000000100000000000000000000000000000000000000000000001010010000000000000001000000000000110000000000001010001000000000000000010110
32751,100000000000000000000000000010000000000000000010000000000000000000000000000010000000000000000000000000000000000000000000000000000000000000000000001000000000010000010000000000000100000000000000000000000000000000000000000000001010010000000000000001000000000000110000000000001010001000000000000000010111
30995,100000000000000000000000000010000000000000000010000000000000000000000000000010000000000000000000000000000000000000000000000000000000000000000000001000000000010000010000000000000100000000000000000000000000000000000000000000001010010000000000000001000000000000111000000000000001000000000000000000000000
30572,100000000000000000000000000010000000000000000010000000000000000000000000000010000000000000000000000000000000000000000000000000000000000000000000001000000000010000010000000000000100000000000000000000000000000000000000000000001010010000000000000001000000000000111000000000000001000000000000000000000010
32611,1000000000000000000000000000100000000000000000100000000000000000000000000000100000000000000000000000000000000000000000000000000000000000000000000010000000000100000100000000000000000010000000000000100000000000000000000000010000000000100001000000001001000011110001000010100010110001100000000010010001000
32659,1000000000000000000000000000100000000000000000100000000000000000000000000000100000000000000000000000000000000000000000000000000000000000000000000010000000000100000100000000000000000010000000000000100000000000000000000000010000000000100001000000001001000011110001000010100010110001100000000010010001001
30596,1000000000000000000000000000100000000000000000100000000000000000000000000000100000000000000000000000000000000000000000000000000000000000000000000010000000000100000100000000000001000000000000000000000000000000000000000000000010100100000000000000010000000000001100000000000010100010000000000000000000000
31157,1000000000000000000000000000100000000000000000100000000000000000000000000000100000000000000000000000000000000000000000000000000000000000000000000010000000000100000100000000000001000000000000000000000000000000000000000000000010100100000000000000010000000000001100000000000010100010000000000000000100000
32701,1000000000000000000000000000100000000000000000100000000000000000000000000000100000000000000000000000000000000000000000000000000000000000000000000010000000000100000100000000000001000000000000000000000000000000000000000000000010100100000000000000010000000000001100000000000010100010000000000000000100110
32745,1000000000000000000000000000100000000000000000100000000000000000000000000000100000000000000000000000000000000000000000000000000000000000000000000010000000000100000100000000000001000000000000000000000000000000000000000000000010100100000000000000010000000000001100000000000010100010000000000000000100111
32715,1000000000000000000000000000100000000000000000100000000000000000000000000000100000000000000000000000000000000000000000000000000000000000000000000010000000000100000100000000000001000000000000000000000000000000000000000000000010100100000000000000010000000000001100000000000010100010000000000000000101110
32752,1000000000000000000000000000100000000000000000100000000000000000000000000000100000000000000000000000000000000000000000000000000000000000000000000010000000000100000100000000000001000000000000000000000000000000000000000000000010100100000000000000010000000000001100000000000010100010000000000000000101111
30994,1000000000000000000000000000100000000000000000100000000000000000000000000000100000000000000000000000000000000000000000000000000000000000000000000010000000000100000100000000000001000000000000000000000000000000000000000000000010100100000000000000010000000000001110000000000000010000000000000000000000000
30608,1000000000000000000000000000100000000000000000100000000000000000000000000000100000000000000000000000000000000000000000000000000000000000000000000010000000000100000100000000000001000000000000000000000000000000000000000000000010100100000000000000010000000000001110000000000000010000000000000000000000100
32612,10000000000000000000000000001000000000000000001000000000000000000000000000001000000000000000000000000000000000000000000000000000000000000000000000100000000001000001000000000000000000100000000000001000000000000000000000000100000000001000010000000010010000111100010000101000101100011000000000100100010000
32658,10000000000000000000000000001000000000000000001000000000000000000000000000001000000000000000000000000000000000000000000000000000000000000000000000100000000001000001000000000000000000100000000000001000000000000000000000000100000000001000010000000010010000111100010000101000101100011000000000100100010001
32661,10000000000000000000000000001000000000000000001000000000000000000000000000001000000000000000000000000000000000000000000000000000000000000000000000100000000001000001000000000000000000100000000000001000000000000000000000000100000000001000010000000010010000111100010000101000101100011000000000100100010010
32663,10000000000000000000000000001000000000000000001000000000000000000000000000001000000000000000000000000000000000000000000000000000000000000000000000100000000001000001000000000000000000100000000000001000000000000000000000000100000000001000010000000010010000111100010000101000101100011000000000100100010011
31160,10000000000000000000000000001000000000000000001000000000000000000000000000001000000000000000000000000000000000000000000000000000000000000000000000100000000001000001000000000000010000000000000000000000000000000000000000000000101001000000000000000100000000000011000000000000101000100000000000000001000000
32768,10000000000000000000000000001000000000000000001000000000000000000000000000001000000000000000000000000000000000000000000000000000000000000000000000100000000001000001000000000000010000000000000000000000000000000000000000000000101001000000000000000100000000000011000000000000101000100000000000000001001100
32716,10000000000000000000000000001000000000000000001000000000000000000000000000001000000000000000000000000000000000000000000000000000000000000000000000100000000001000001000000000000010000000000000000000000000000000000000000000000101001000000000000000100000000000011000000000000101000100000000000000001001110
32746,10000000000000000000000000001000000000000000001000000000000000000000000000001000000000000000000000000000000000000000000000000000000000000000000000100000000001000001000000000000010000000000000000000000000000000000000000000000101001000000000000000100000000000011000000000000101000100000000000000001001111
32712,10000000000000000000000000001000000000000000001000000000000000000000000000001000000000000000000000000000000000000000000000000000000000000000000000100000000001000001000000000000010000000000000000000000000000000000000000000000101001000000000000000100000000000011000000000000101000100000000000000001011100
32702,10000000000000000000000000001000000000000000001000000000000000000000000000001000000000000000000000000000000000000000000000000000000000000000000000100000000001000001000000000000010000000000000000000000000000000000000000000000101001000000000000000100000000000011000000000000101000100000000000000001011110
32753,10000000000000000000000000001000000000000000001000000000000000000000000000001000000000000000000000000000000000000000000000000000000000000000000000100000000001000001000000000000010000000000000000000000000000000000000000000000101001000000000000000100000000000011000000000000101000100000000000000001011111
31349,10000000000000000000000000001000000000000000001000000000000000000000000000001000000000000000000000000000000000000000000000000000000000000000000000100000000001000001000000000000010000000000000000000000000000000000000000000000101001000000000000000100000000000011100000000000000100000000000000000000000000
31671,100000000000000000000000000010000000000000000010000000000000000000000000000010000000000000000000000000000000000000000000000000000000000000000000001000000000010000010000000000000000001000000000000010000000000000000000000001000000000010000100000000100100001111000100001010001011000110000000001001000100000
32613,100000000000000000000000000010000000000000000010000000000000000000000000000010000000000000000000000000000000000000000000000000000000000000000000001000000000010000010000000000000000001000000000000010000000000000000000000001000000000010000100000000100100001111000100001010001011000110000000001001000100001
32656,100000000000000000000000000010000000000000000010000000000000000000000000000010000000000000000000000000000000000000000000000000000000000000000000001000000000010000010000000000000000001000000000000010000000000000000000000001000000000010000100000000100100001111000100001010001011000110000000001001000100010
32690,100000000000000000000000000010000000000000000010000000000000000000000000000010000000000000000000000000000000000000000000000000000000000000000000001000000000010000010000000000000000001000000000000010000000000000000000000001000000000010000100000000100100001111000100001010001011000110000000001001000100100
32666,100000000000000000000000000010000000000000000010000000000000000000000000000010000000000000000000000000000000000000000000000000000000000000000000001000000000010000010000000000000000001000000000000010000000000000000000000001000000000010000100000000100100001111000100001010001011000110000000001001000100110
32668,100000000000000000000000000010000000000000000010000000000000000000000000000010000000000000000000000000000000000000000000000000000000000000000000001000000000010000010000000000000000001000000000000010000000000000000000000001000000000010000100000000100100001111000100001010001011000110000000001001000100111
31344,100000000000000000000000000010000000000000000010000000000000000000000000000010000000000000000000000000000000000000000000000000000000000000000000001000000000010000010000000000000100000000000000000000000000000000000000000000001010010000000000000001000000000000110000000000001010001000000000000000010000000
32717,100000000000000000000000000010000000000000000010000000000000000000000000000010000000000000000000000000000000000000000000000000000000000000000000001000000000010000010000000000000100000000000000000000000000000000000000000000001010010000000000000001000000000000110000000000001010001000000000000000010011100
32724,100000000000000000000000000010000000000000000010000000000000000000000000000010000000000000000000000000000000000000000000000000000000000000000000001000000000010000010000000000000100000000000000000000000000000000000000000000001010010000000000000001000000000000110000000000001010001000000000000000010011101
32749,100000000000000000000000000010000000000000000010000000000000000000000000000010000000000000000000000000000000000000000000000000000000000000000000001000000000010000010000000000000100000000000000000000000000000000000000000000001010010000000000000001000000000000110000000000001010001000000000000000010011110
32711,100000000000000000000000000010000000000000000010000000000000000000000000000010000000000000000000000000000000000000000000000000000000000000000000001000000000010000010000000000000100000000000000000000000000000000000000000000001010010000000000000001000000000000110000000000001010001000000000000000010111000
32713,100000000000000000000000000010000000000000000010000000000000000000000000000010000000000000000000000000000000000000000000000000000000000000000000001000000000010000010000000000000100000000000000000000000000000000000000000000001010010000000000000001000000000000110000000000001010001000000000000000010111100
32754,100000000000000000000000000010000000000000000010000000000000000000000000000010000000000000000000000000000000000000000000000000000000000000000000001000000000010000010000000000000100000000000000000000000000000000000000000000001010010000000000000001000000000000110000000000001010001000000000000000010111110
30993,100000000000000000000000000010000000000000000010000000000000000000000000000010000000000000000000000000000000000000000000000000000000000000000000001000000000010000010000000000000100000000000000000000000000000000000000000000001010010000000000000001000000000000111000000000000001000000000000000000000000000
32614,1000000000000000000000000000100000000000000000100000000000000000000000000000100000000000000000000000000000000000000000000000000000000000000000000010000000000100000100000000000000000010000000000000100000000000000000000000010000000000100001000000001001000011110001000010100010110001100000000010010001000010
32660,1000000000000000000000000000100000000000000000100000000000000000000000000000100000000000000000000000000000000000000000000000000000000000000000000010000000000100000100000000000000000010000000000000100000000000000000000000010000000000100001000000001001000011110001000010100010110001100000000010010001000011
32664,1000000000000000000000000000100000000000000000100000000000000000000000000000100000000000000000000000000000000000000000000000000000000000000000000010000000000100000100000000000000000010000000000000100000000000000000000000010000000000100001000000001001000011110001000010100010110001100000000010010001001000
31672,1000000000000000000000000000100000000000000000100000000000000000000000000000100000000000000000000000000000000000000000000000000000000000000000000010000000000100000100000000000000000010000000000000100000000000000000000000010000000000100001000000001001000011110001000010100010110001100000000010010001001100
31674,1000000000000000000000000000100000000000000000100000000000000000000000000000100000000000000000000000000000000000000000000000000000000000000000000010000000000100000100000000000000000010000000000000100000000000000000000000010000000000100001000000001001000011110001000010100010110001100000000010010001001110
32718,1000000000000000000000000000100000000000000000100000000000000000000000000000100000000000000000000000000000000000000000000000000000000000000000000010000000000100000100000000000001000000000000000000000000000000000000000000000010100100000000000000010000000000001100000000000010100010000000000000000100111000
32774,1000000000000000000000000000100000000000000000100000000000000000000000000000100000000000000000000000000000000000000000000000000000000000000000000010000000000100000100000000000001000000000000000000000000000000000000000000000010100100000000000000010000000000001100000000000010100010000000000000000100111010
32750,1000000000000000000000000000100000000000000000100000000000000000000000000000100000000000000000000000000000000000000000000000000000000000000000000010000000000100000100000000000001000000000000000000000000000000000000000000000010100100000000000000010000000000001100000000000010100010000000000000000100111100
32775,1000000000000000000000000000100000000000000000100000000000000000000000000000100000000000000000000000000000000000000000000000000000000000000000000010000000000100000100000000000001000000000000000000000000000000000000000000000010100100000000000000010000000000001100000000000010100010000000000000000100111101
32771,1000000000000000000000000000100000000000000000100000000000000000000000000000100000000000000000000000000000000000000000000000000000000000000000000010000000000100000100000000000001000000000000000000000000000000000000000000000010100100000000000000010000000000001100000000000010100010000000000000000101110000
32741,1000000000000000000000000000100000000000000000100000000000000000000000000000100000000000000000000000000000000000000000000000000000000000000000000010000000000100000100000000000001000000000000000000000000000000000000000000000010100100000000000000010000000000001100000000000010100010000000000000000101111100
32755,1000000000000000000000000000100000000000000000100000000000000000000000000000100000000000000000000000000000000000000000000000000000000000000000000010000000000100000100000000000001000000000000000000000000000000000000000000000010100100000000000000010000000000001100000000000010100010000000000000000101111101
30992,1000000000000000000000000000100000000000000000100000000000000000000000000000100000000000000000000000000000000000000000000000000000000000000000000010000000000100000100000000000001000000000000000000000000000000000000000000000010100100000000000000010000000000001110000000000000010000000000000000000000000000
31669,10000000000000000000000000001000000000000000001000000000000000000000000000001000000000000000000000000000000000000000000000000000000000000000000000100000000001000001000000000000000000100000000000001000000000000000000000000100000000001000010000000010010000111100010000101000101100011000000000100100010000100
32615,10000000000000000000000000001000000000000000001000000000000000000000000000001000000000000000000000000000000000000000000000000000000000000000000000100000000001000001000000000000000000100000000000001000000000000000000000000100000000001000010000000010010000111100010000101000101100011000000000100100010000101
32669,10000000000000000000000000001000000000000000001000000000000000000000000000001000000000000000000000000000000000000000000000000000000000000000000000100000000001000001000000000000000000100000000000001000000000000000000000000100000000001000010000000010010000111100010000101000101100011000000000100100010011000
32710,10000000000000000000000000001000000000000000001000000000000000000000000000001000000000000000000000000000000000000000000000000000000000000000000000100000000001000001000000000000010000000000000000000000000000000000000000000000101001000000000000000100000000000011000000000000101000100000000000000001001110100
32776,10000000000000000000000000001000000000000000001000000000000000000000000000001000000000000000000000000000000000000000000000000000000000000000000000100000000001000001000000000000010000000000000000000000000000000000000000000000101001000000000000000100000000000011000000000000101000100000000000000001001111000
32832,10000000000000000000000000001000000000000000001000000000000000000000000000001000000000000000000000000000000000000000000000000000000000000000000000100000000001000001000000000000010000000000000000000000000000000000000000000000101001000000000000000100000000000011000000000000101000100000000000000001001111001
32766,10000000000000000000000000001000000000000000001000000000000000000000000000001000000000000000000000000000000000000000000000000000000000000000000000100000000001000001000000000000010000000000000000000000000000000000000000000000101001000000000000000100000000000011000000000000101000100000000000000001001111010
32767,10000000000000000000000000001000000000000000001000000000000000000000000000001000000000000000000000000000000000000000000000000000000000000000000000100000000001000001000000000000010000000000000000000000000000000000000000000000101001000000000000000100000000000011000000000000101000100000000000000001011100000
32740,10000000000000000000000000001000000000000000001000000000000000000000000000001000000000000000000000000000000000000000000000000000000000000000000000100000000001000001000000000000010000000000000000000000000000000000000000000000101001000000000000000100000000000011000000000000101000100000000000000001011111000
30991,10000000000000000000000000001000000000000000001000000000000000000000000000001000000000000000000000000000000000000000000000000000000000000000000000100000000001000001000000000000010000000000000000000000000000000000000000000000101001000000000000000100000000000011100000000000000100000000000000000000000000000
31670,100000000000000000000000000010000000000000000010000000000000000000000000000010000000000000000000000000000000000000000000000000000000000000000000001000000000010000010000000000000000001000000000000010000000000000000000000001000000000010000100000000100100001111000100001010001011000110000000001001000100001000
32616,100000000000000000000000000010000000000000000010000000000000000000000000000010000000000000000000000000000000000000000000000000000000000000000000001000000000010000010000000000000000001000000000000010000000000000000000000001000000000010000100000000100100001111000100001010001011000110000000001001000100001010
31673,100000000000000000000000000010000000000000000010000000000000000000000000000010000000000000000000000000000000000000000000000000000000000000000000001000000000010000010000000000000000001000000000000010000000000000000000000001000000000010000100000000100100001111000100001010001011000110000000001001000100110000
32722,100000000000000000000000000010000000000000000010000000000000000000000000000010000000000000000000000000000000000000000000000000000000000000000000001000000000010000010000000000000100000000000000000000000000000000000000000000001010010000000000000001000000000000110000000000001010001000000000000000010011101000
32723,100000000000000000000000000010000000000000000010000000000000000000000000000010000000000000000000000000000000000000000000000000000000000000000000001000000000010000010000000000000100000000000000000000000000000000000000000000001010010000000000000001000000000000110000000000001010001000000000000000010011101001
32763,100000000000000000000000000010000000000000000010000000000000000000000000000010000000000000000000000000000000000000000000000000000000000000000000001000000000010000010000000000000100000000000000000000000000000000000000000000001010010000000000000001000000000000110000000000001010001000000000000000010011110000
32728,100000000000000000000000000010000000000000000010000000000000000000000000000010000000000000000000000000000000000000000000000000000000000000000000001000000000010000010000000000000100000000000000000000000000000000000000000000001010010000000000000001000000000000110000000000001010001000000000000000010011110010
32729,100000000000000000000000000010000000000000000010000000000000000000000000000010000000000000000000000000000000000000000000000000000000000000000000001000000000010000010000000000000100000000000000000000000000000000000000000000001010010000000000000001000000000000110000000000001010001000000000000000010011110011
32764,100000000000000000000000000010000000000000000010000000000000000000000000000010000000000000000000000000000000000000000000000000000000000000000000001000000000010000010000000000000100000000000000000000000000000000000000000000001010010000000000000001000000000000110000000000001010001000000000000000010011110100
31076,100000000000000000000000000010000000000000000010000000000000000000000000000010000000000000000000000000000000000000000000000000000000000000000000001000000000010000010000000000000100000000000000000000000000000000000000000000001010010000000000000001000000000000111000000000000001000000000000000000000000000000
31668,1000000000000000000000000000100000000000000000100000000000000000000000000000100000000000000000000000000000000000000000000000000000000000000000000010000000000100000100000000000000000010000000000000100000000000000000000000010000000000100001000000001001000011110001000010100010110001100000000010010001000010000
32617,1000000000000000000000000000100000000000000000100000000000000000000000000000100000000000000000000000000000000000000000000000000000000000000000000010000000000100000100000000000000000010000000000000100000000000000000000000010000000000100001000000001001000011110001000010100010110001100000000010010001000010100
32662,1000000000000000000000000000100000000000000000100000000000000000000000000000100000000000000000000000000000000000000000000000000000000000000000000010000000000100000100000000000000000010000000000000100000000000000000000000010000000000100001000000001001000011110001000010100010110001100000000010010001000010101
32670,1000000000000000000000000000100000000000000000100000000000000000000000000000100000000000000000000000000000000000000000000000000000000000000000000010000000000100000100000000000000000010000000000000100000000000000000000000010000000000100001000000001001000011110001000010100010110001100000000010010001001100000
32709,1000000000000000000000000000100000000000000000100000000000000000000000000000100000000000000000000000000000000000000000000000000000000000000000000010000000000100000100000000000001000000000000000000000000000000000000000000000010100100000000000000010000000000001100000000000010100010000000000000000100111010010
32738,1000000000000000000000000000100000000000000000100000000000000000000000000000100000000000000000000000000000000000000000000000000000000000000000000010000000000100000100000000000001000000000000000000000000000000000000000000000010100100000000000000010000000000001100000000000010100010000000000000000100111100000
32756,1000000000000000000000000000100000000000000000100000000000000000000000000000100000000000000000000000000000000000000000000000000000000000000000000010000000000100000100000000000001000000000000000000000000000000000000000000000010100100000000000000010000000000001100000000000010100010000000000000000100111100100
32730,1000000000000000000000000000100000000000000000100000000000000000000000000000100000000000000000000000000000000000000000000000000000000000000000000010000000000100000100000000000001000000000000000000000000000000000000000000000010100100000000000000010000000000001100000000000010100010000000000000000100111100110
32705,1000000000000000000000000000100000000000000000100000000000000000000000000000100000000000000000000000000000000000000000000000000000000000000000000010000000000100000100000000000001000000000000000000000000000000000000000000000010100100000000000000010000000000001100000000000010100010000000000000000100111101000
31078,1000000000000000000000000000100000000000000000100000000000000000000000000000100000000000000000000000000000000000000000000000000000000000000000000010000000000100000100000000000001000000000000000000000000000000000000000000000010100100000000000000010000000000001110000000000000010000000000000000000000000000000
32618,10000000000000000000000000001000000000000000001000000000000000000000000000001000000000000000000000000000000000000000000000000000000000000000000000100000000001000001000000000000000000100000000000001000000000000000000000000100000000001000010000000010010000111100010000101000101100011000000000100100010000101000
32691,10000000000000000000000000001000000000000000001000000000000000000000000000001000000000000000000000000000000000000000000000000000000000000000000000100000000001000001000000000000000000100000000000001000000000000000000000000100000000001000010000000010010000111100010000101000101100011000000000100100010000101010
32721,10000000000000000000000000001000000000000000001000000000000000000000000000001000000000000000000000000000000000000000000000000000000000000000000000100000000001000001000000000000010000000000000000000000000000000000000000000000101001000000000000000100000000000011000000000000101000100000000000000001001110100100
32757,10000000000000000000000000001000000000000000001000000000000000000000000000001000000000000000000000000000000000000000000000000000000000000000000000100000000001000001000000000000010000000000000000000000000000000000000000000000101001000000000000000100000000000011000000000000101000100000000000000001001111001000
32731,10000000000000000000000000001000000000000000001000000000000000000000000000001000000000000000000000000000000000000000000000000000000000000000000000100000000001000001000000000000010000000000000000000000000000000000000000000000101001000000000000000100000000000011000000000000101000100000000000000001001111001100
32769,10000000000000000000000000001000000000000000001000000000000000000000000000001000000000000000000000000000000000000000000000000000000000000000000000100000000001000001000000000000010000000000000000000000000000000000000000000000101001000000000000000100000000000011000000000000101000100000000000000001001111001101
32708,10000000000000000000000000001000000000000000001000000000000000000000000000001000000000000000000000000000000000000000000000000000000000000000000000100000000001000001000000000000010000000000000000000000000000000000000000000000101001000000000000000100000000000011000000000000101000100000000000000001001111010000
31083,10000000000000000000000000001000000000000000001000000000000000000000000000001000000000000000000000000000000000000000000000000000000000000000000000100000000001000001000000000000010000000000000000000000000000000000000000000000101001000000000000000100000000000011100000000000000100000000000000000000000000000000
31675,100000000000000000000000000010000000000000000010000000000000000000000000000010000000000000000000000000000000000000000000000000000000000000000000001000000000010000010000000000000000001000000000000010000000000000000000000001000000000010000100000000100100001111000100001010001011000110000000001001000100001010100
32747,100000000000000000000000000010000000000000000010000000000000000000000000000010000000000000000000000000000000000000000000000000000000000000000000001000000000010000010000000000000100000000000000000000000000000000000000000000001010010000000000000001000000000000110000000000001010001000000000000000010011110010000
32758,100000000000000000000000000010000000000000000010000000000000000000000000000010000000000000000000000000000000000000000000000000000000000000000000001000000000010000010000000000000100000000000000000000000000000000000000000000001010010000000000000001000000000000110000000000001010001000000000000000010011110010001
32732,100000000000000000000000000010000000000000000010000000000000000000000000000010000000000000000000000000000000000000000000000000000000000000000000001000000000010000010000000000000100000000000000000000000000000000000000000000001010010000000000000001000000000000110000000000001010001000000000000000010011110011000
32772,100000000000000000000000000010000000000000000010000000000000000000000000000010000000000000000000000000000000000000000000000000000000000000000000001000000000010000010000000000000100000000000000000000000000000000000000000000001010010000000000000001000000000000110000000000001010001000000000000000010011110011010
31084,100000000000000000000000000010000000000000000010000000000000000000000000000010000000000000000000000000000000000000000000000000000000000000000000001000000000010000010000000000000100000000000000000000000000000000000000000000001010010000000000000001000000000000111000000000000001000000000000000000000000000000000
32692,1000000000000000000000000000100000000000000000100000000000000000000000000000100000000000000000000000000000000000000000000000000000000000000000000010000000000100000100000000000000000010000000000000100000000000000000000000010000000000100001000000001001000011110001000010100010110001100000000010010001000010101000
32748,1000000000000000000000000000100000000000000000100000000000000000000000000000100000000000000000000000000000000000000000000000000000000000000000000010000000000100000100000000000001000000000000000000000000000000000000000000000010100100000000000000010000000000001100000000000010100010000000000000000100111100100000
32759,1000000000000000000000000000100000000000000000100000000000000000000000000000100000000000000000000000000000000000000000000000000000000000000000000010000000000100000100000000000001000000000000000000000000000000000000000000000010100100000000000000010000000000001100000000000010100010000000000000000100111100100010
32733,1000000000000000000000000000100000000000000000100000000000000000000000000000100000000000000000000000000000000000000000000000000000000000000000000010000000000100000100000000000001000000000000000000000000000000000000000000000010100100000000000000010000000000001100000000000010100010000000000000000100111100110000
32765,1000000000000000000000000000100000000000000000100000000000000000000000000000100000000000000000000000000000000000000000000000000000000000000000000010000000000100000100000000000001000000000000000000000000000000000000000000000010100100000000000000010000000000001100000000000010100010000000000000000100111100110001
32773,1000000000000000000000000000100000000000000000100000000000000000000000000000100000000000000000000000000000000000000000000000000000000000000000000010000000000100000100000000000001000000000000000000000000000000000000000000000010100100000000000000010000000000001100000000000010100010000000000000000100111100110100
30607,1000000000000000000000000000100000000000000000100000000000000000000000000000100000000000000000000000000000000000000000000000000000000000000000000010000000000100000100000000000001000000000000000000000000000000000000000000000010100100000000000000010000000000001110000000000000010000000000000000000000000000000000
31086,1000000000000000000000000000100000000000000000100000000000000000000000000000100000000000000000000000000000000000000000000000000000000000000000000010000000000100000100000000000001000000000000000000000000000000000000000000000010100100000000000000010000000000001110000000000000010000000000000000000000000000000001
32665,10000000000000000000000000001000000000000000001000000000000000000000000000001000000000000000000000000000000000000000000000000000000000000000000000100000000001000001000000000000000000100000000000001000000000000000000000000100000000001000010000000010010000111100010000101000101100011000000000100100010000101010000
32704,10000000000000000000000000001000000000000000001000000000000000000000000000001000000000000000000000000000000000000000000000000000000000000000000000100000000001000001000000000000010000000000000000000000000000000000000000000000101001000000000000000100000000000011000000000000101000100000000000000001001111001000000
32706,10000000000000000000000000001000000000000000001000000000000000000000000000001000000000000000000000000000000000000000000000000000000000000000000000100000000001000001000000000000010000000000000000000000000000000000000000000000101001000000000000000100000000000011000000000000101000100000000000000001001111001000100
32760,10000000000000000000000000001000000000000000001000000000000000000000000000001000000000000000000000000000000000000000000000000000000000000000000000100000000001000001000000000000010000000000000000000000000000000000000000000000101001000000000000000100000000000011000000000000101000100000000000000001001111001000101
32720,10000000000000000000000000001000000000000000001000000000000000000000000000001000000000000000000000000000000000000000000000000000000000000000000000100000000001000001000000000000010000000000000000000000000000000000000000000000101001000000000000000100000000000011000000000000101000100000000000000001001111001100000
32734,10000000000000000000000000001000000000000000001000000000000000000000000000001000000000000000000000000000000000000000000000000000000000000000000000100000000001000001000000000000010000000000000000000000000000000000000000000000101001000000000000000100000000000011000000000000101000100000000000000001001111001100001
32703,10000000000000000000000000001000000000000000001000000000000000000000000000001000000000000000000000000000000000000000000000000000000000000000000000100000000001000001000000000000010000000000000000000000000000000000000000000000101001000000000000000100000000000011000000000000101000100000000000000001001111001100010
32770,10000000000000000000000000001000000000000000001000000000000000000000000000001000000000000000000000000000000000000000000000000000000000000000000000100000000001000001000000000000010000000000000000000000000000000000000000000000101001000000000000000100000000000011000000000000101000100000000000000001001111001100011
31251,10000000000000000000000000001000000000000000001000000000000000000000000000001000000000000000000000000000000000000000000000000000000000000000000000100000000001000001000000000000010000000000000000000000000000000000000000000000101001000000000000000100000000000011100000000000000100000000000000000000000000000000000
31087,10000000000000000000000000001000000000000000001000000000000000000000000000001000000000000000000000000000000000000000000000000000000000000000000000100000000001000001000000000000010000000000000000000000000000000000000000000000101001000000000000000100000000000011100000000000000100000000000000000000000000000000010
32693,100000000000000000000000000010000000000000000010000000000000000000000000000010000000000000000000000000000000000000000000000000000000000000000000001000000000010000010000000000000000001000000000000010000000000000000000000001000000000010000100000000100100001111000100001010001011000110000000001001000100001010100000
32737,100000000000000000000000000010000000000000000010000000000000000000000000000010000000000000000000000000000000000000000000000000000000000000000000001000000000010000010000000000000100000000000000000000000000000000000000000000001010010000000000000001000000000000110000000000001010001000000000000000010011110010000000
32707,100000000000000000000000000010000000000000000010000000000000000000000000000010000000000000000000000000000000000000000000000000000000000000000000001000000000010000010000000000000100000000000000000000000000000000000000000000001010010000000000000001000000000000110000000000001010001000000000000000010011110010001000
32761,100000000000000000000000000010000000000000000010000000000000000000000000000010000000000000000000000000000000000000000000000000000000000000000000001000000000010000010000000000000100000000000000000000000000000000000000000000001010010000000000000001000000000000110000000000001010001000000000000000010011110010001010
31088,100000000000000000000000000010000000000000000010000000000000000000000000000010000000000000000000000000000000000000000000000000000000000000000000001000000000010000010000000000000100000000000000000000000000000000000000000000001010010000000000000001000000000000111000000000000001000000000000000000000000000000000100
32667,1000000000000000000000000000100000000000000000100000000000000000000000000000100000000000000000000000000000000000000000000000000000000000000000000010000000000100000100000000000000000010000000000000100000000000000000000000010000000000100001000000001001000011110001000010100010110001100000000010010001000010101000000
32735,1000000000000000000000000000100000000000000000100000000000000000000000000000100000000000000000000000000000000000000000000000000000000000000000000010000000000100000100000000000001000000000000000000000000000000000000000000000010100100000000000000010000000000001100000000000010100010000000000000000100111100100010100
32762,1000000000000000000000000000100000000000000000100000000000000000000000000000100000000000000000000000000000000000000000000000000000000000000000000010000000000100000100000000000001000000000000000000000000000000000000000000000010100100000000000000010000000000001100000000000010100010000000000000000100111100100010101
31089,1000000000000000000000000000100000000000000000100000000000000000000000000000100000000000000000000000000000000000000000000000000000000000000000000010000000000100000100000000000001000000000000000000000000000000000000000000000010100100000000000000010000000000001110000000000000010000000000000000000000000000000001000
32736,10000000000000000000000000001000000000000000001000000000000000000000000000001000000000000000000000000000000000000000000000000000000000000000000000100000000001000001000000000000010000000000000000000000000000000000000000000000101001000000000000000100000000000011000000000000101000100000000000000001001111001000101000
32739,10000000000000000000000000001000000000000000001000000000000000000000000000001000000000000000000000000000000000000000000000000000000000000000000000100000000001000001000000000000010000000000000000000000000000000000000000000000101001000000000000000100000000000011000000000000101000100000000000000001001111001000101001
31090,10000000000000000000000000001000000000000000001000000000000000000000000000001000000000000000000000000000000000000000000000000000000000000000000000100000000001000001000000000000010000000000000000000000000000000000000000000000101001000000000000000100000000000011100000000000000100000000000000000000000000000000010000
31091,100000000000000000000000000010000000000000000010000000000000000000000000000010000000000000000000000000000000000000000000000000000000000000000000001000000000010000010000000000000100000000000000000000000000000000000000000000001010010000000000000001000000000000111000000000000001000000000000000000000000000000000100000
31637,100000000000000000000000000010000000000000000010000000000000000000000000000010000000000000000000000000000000000000000000000000000000000000000000001000000000010000010000000000000100000000000000000000000000000000000000000000001010010000000000000001000000000000111000000000000001000000000000000000000000000000000100001
31092,1000000000000000000000000000100000000000000000100000000000000000000000000000100000000000000000000000000000000000000000000000000000000000000000000010000000000100000100000000000001000000000000000000000000000000000000000000000010100100000000000000010000000000001110000000000000010000000000000000000000000000000001000000
31639,1000000000000000000000000000100000000000000000100000000000000000000000000000100000000000000000000000000000000000000000000000000000000000000000000010000000000100000100000000000001000000000000000000000000000000000000000000000010100100000000000000010000000000001110000000000000010000000000000000000000000000000001000010
31640,1000000000000000000000000000100000000000000000100000000000000000000000000000100000000000000000000000000000000000000000000000000000000000000000000010000000000100000100000000000001000000000000000000000000000000000000000000000010100100000000000000010000000000001110000000000000010000000000000000000000000000000001000011
31093,10000000000000000000000000001000000000000000001000000000000000000000000000001000000000000000000000000000000000000000000000000000000000000000000000100000000001000001000000000000010000000000000000000000000000000000000000000000101001000000000000000100000000000011100000000000000100000000000000000000000000000000010000000
31547,10000000000000000000000000001000000000000000001000000000000000000000000000001000000000000000000000000000000000000000000000000000000000000000000000100000000001000001000000000000010000000000000000000000000000000000000000000000101001000000000000000100000000000011100000000000000100000000000000000000000000000000010000001
31220,10000000000000000000000000001000000000000000001000000000000000000000000000001000000000000000000000000000000000000000000000000000000000000000000000100000000001000001000000000000010000000000000000000000000000000000000000000000101001000000000000000100000000000011100000000000000100000000000000000000000000000000010000100
31218,10000000000000000000000000001000000000000000001000000000000000000000000000001000000000000000000000000000000000000000000000000000000000000000000000100000000001000001000000000000010000000000000000000000000000000000000000000000101001000000000000000100000000000011100000000000000100000000000000000000000000000000010000110
31094,100000000000000000000000000010000000000000000010000000000000000000000000000010000000000000000000000000000000000000000000000000000000000000000000001000000000010000010000000000000100000000000000000000000000000000000000000000001010010000000000000001000000000000111000000000000001000000000000000000000000000000000100000000
31548,100000000000000000000000000010000000000000000010000000000000000000000000000010000000000000000000000000000000000000000000000000000000000000000000001000000000010000010000000000000100000000000000000000000000000000000000000000001010010000000000000001000000000000111000000000000001000000000000000000000000000000000100000010
31095,1000000000000000000000000000100000000000000000100000000000000000000000000000100000000000000000000000000000000000000000000000000000000000000000000010000000000100000100000000000001000000000000000000000000000000000000000000000010100100000000000000010000000000001110000000000000010000000000000000000000000000000001000000000
30518,1000000000000000000000000000100000000000000000100000000000000000000000000000100000000000000000000000000000000000000000000000000000000000000000000010000000000100000100000000000001000000000000000000000000000000000000000000000010100100000000000000010000000000001110000000000000010000000000000000000000000000000001000000100
30519,10000000000000000000000000001000000000000000001000000000000000000000000000001000000000000000000000000000000000000000000000000000000000000000000000100000000001000001000000000000010000000000000000000000000000000000000000000000101001000000000000000100000000000011100000000000000100000000000000000000000000000000010000000000
30786,10000000000000000000000000001000000000000000001000000000000000000000000000001000000000000000000000000000000000000000000000000000000000000000000000100000000001000001000000000000010000000000000000000000000000000000000000000000101001000000000000000100000000000011100000000000000100000000000000000000000000000000010000000001
30517,10000000000000000000000000001000000000000000001000000000000000000000000000001000000000000000000000000000000000000000000000000000000000000000000000100000000001000001000000000000010000000000000000000000000000000000000000000000101001000000000000000100000000000011100000000000000100000000000000000000000000000000010000001000
30787,100000000000000000000000000010000000000000000010000000000000000000000000000010000000000000000000000000000000000000000000000000000000000000000000001000000000010000010000000000000100000000000000000000000000000000000000000000001010010000000000000001000000000000111000000000000001000000000000000000000000000000000100000000010
30516,100000000000000000000000000010000000000000000010000000000000000000000000000010000000000000000000000000000000000000000000000000000000000000000000001000000000010000010000000000000100000000000000000000000000000000000000000000001010010000000000000001000000000000111000000000000001000000000000000000000000000000000100000010000
30788,1000000000000000000000000000100000000000000000100000000000000000000000000000100000000000000000000000000000000000000000000000000000000000000000000010000000000100000100000000000001000000000000000000000000000000000000000000000010100100000000000000010000000000001110000000000000010000000000000000000000000000000001000000000100
31638,1000000000000000000000000000100000000000000000100000000000000000000000000000100000000000000000000000000000000000000000000000000000000000000000000010000000000100000100000000000001000000000000000000000000000000000000000000000010100100000000000000010000000000001110000000000000010000000000000000000000000000000001000000000101
31211,1000000000000000000000000000100000000000000000100000000000000000000000000000100000000000000000000000000000000000000000000000000000000000000000000010000000000100000100000000000001000000000000000000000000000000000000000000000010100100000000000000010000000000001110000000000000010000000000000000000000000000000001000000100000
30520,10000000000000000000000000001000000000000000001000000000000000000000000000001000000000000000000000000000000000000000000000000000000000000000000000100000000001000001000000000000010000000000000000000000000000000000000000000000101001000000000000000100000000000011100000000000000100000000000000000000000000000000010000000001000
30789,10000000000000000000000000001000000000000000001000000000000000000000000000001000000000000000000000000000000000000000000000000000000000000000000000100000000001000001000000000000010000000000000000000000000000000000000000000000101001000000000000000100000000000011100000000000000100000000000000000000000000000000010000000001001
31225,10000000000000000000000000001000000000000000001000000000000000000000000000001000000000000000000000000000000000000000000000000000000000000000000000100000000001000001000000000000010000000000000000000000000000000000000000000000101001000000000000000100000000000011100000000000000100000000000000000000000000000000010000000001010
30513,10000000000000000000000000001000000000000000001000000000000000000000000000001000000000000000000000000000000000000000000000000000000000000000000000100000000001000001000000000000010000000000000000000000000000000000000000000000101001000000000000000100000000000011100000000000000100000000000000000000000000000000010000001000000
31230,100000000000000000000000000010000000000000000010000000000000000000000000000010000000000000000000000000000000000000000000000000000000000000000000001000000000010000010000000000000100000000000000000000000000000000000000000000001010010000000000000001000000000000111000000000000001000000000000000000000000000000000100000000010000
30790,100000000000000000000000000010000000000000000010000000000000000000000000000010000000000000000000000000000000000000000000000000000000000000000000001000000000010000010000000000000100000000000000000000000000000000000000000000001010010000000000000001000000000000111000000000000001000000000000000000000000000000000100000000010010
30791,100000000000000000000000000010000000000000000010000000000000000000000000000010000000000000000000000000000000000000000000000000000000000000000000001000000000010000010000000000000100000000000000000000000000000000000000000000001010010000000000000001000000000000111000000000000001000000000000000000000000000000000100000000010011
30512,100000000000000000000000000010000000000000000010000000000000000000000000000010000000000000000000000000000000000000000000000000000000000000000000001000000000010000010000000000000100000000000000000000000000000000000000000000001010010000000000000001000000000000111000000000000001000000000000000000000000000000000100000010000000
31240,1000000000000000000000000000100000000000000000100000000000000000000000000000100000000000000000000000000000000000000000000000000000000000000000000010000000000100000100000000000001000000000000000000000000000000000000000000000010100100000000000000010000000000001110000000000000010000000000000000000000000000000001000000000100000
31246,1000000000000000000000000000100000000000000000100000000000000000000000000000100000000000000000000000000000000000000000000000000000000000000000000010000000000100000100000000000001000000000000000000000000000000000000000000000010100100000000000000010000000000001110000000000000010000000000000000000000000000000001000000000100001
31229,1000000000000000000000000000100000000000000000100000000000000000000000000000100000000000000000000000000000000000000000000000000000000000000000000010000000000100000100000000000001000000000000000000000000000000000000000000000010100100000000000000010000000000001110000000000000010000000000000000000000000000000001000000000100100
30792,1000000000000000000000000000100000000000000000100000000000000000000000000000100000000000000000000000000000000000000000000000000000000000000000000010000000000100000100000000000001000000000000000000000000000000000000000000000010100100000000000000010000000000001110000000000000010000000000000000000000000000000001000000000100110
30522,10000000000000000000000000001000000000000000001000000000000000000000000000001000000000000000000000000000000000000000000000000000000000000000000000100000000001000001000000000000010000000000000000000000000000000000000000000000101001000000000000000100000000000011100000000000000100000000000000000000000000000000010000000001000000
31232,10000000000000000000000000001000000000000000001000000000000000000000000000001000000000000000000000000000000000000000000000000000000000000000000000100000000001000001000000000000010000000000000000000000000000000000000000000000101001000000000000000100000000000011100000000000000100000000000000000000000000000000010000000001001000
30793,10000000000000000000000000001000000000000000001000000000000000000000000000001000000000000000000000000000000000000000000000000000000000000000000000100000000001000001000000000000010000000000000000000000000000000000000000000000101001000000000000000100000000000011100000000000000100000000000000000000000000000000010000000001001100
31224,10000000000000000000000000001000000000000000001000000000000000000000000000001000000000000000000000000000000000000000000000000000000000000000000000100000000001000001000000000000010000000000000000000000000000000000000000000000101001000000000000000100000000000011100000000000000100000000000000000000000000000000010000000001001101
30521,100000000000000000000000000010000000000000000010000000000000000000000000000010000000000000000000000000000000000000000000000000000000000000000000001000000000010000010000000000000100000000000000000000000000000000000000000000001010010000000000000001000000000000111000000000000001000000000000000000000000000000000100000000010000000
31221,100000000000000000000000000010000000000000000010000000000000000000000000000010000000000000000000000000000000000000000000000000000000000000000000001000000000010000010000000000000100000000000000000000000000000000000000000000001010010000000000000001000000000000111000000000000001000000000000000000000000000000000100000000010011000
31227,100000000000000000000000000010000000000000000010000000000000000000000000000010000000000000000000000000000000000000000000000000000000000000000000001000000000010000010000000000000100000000000000000000000000000000000000000000001010010000000000000001000000000000111000000000000001000000000000000000000000000000000100000000010011001
31214,1000000000000000000000000000100000000000000000100000000000000000000000000000100000000000000000000000000000000000000000000000000000000000000000000010000000000100000100000000000001000000000000000000000000000000000000000000000010100100000000000000010000000000001110000000000000010000000000000000000000000000000001000000000100110000
31215,1000000000000000000000000000100000000000000000100000000000000000000000000000100000000000000000000000000000000000000000000000000000000000000000000010000000000100000100000000000001000000000000000000000000000000000000000000000010100100000000000000010000000000001110000000000000010000000000000000000000000000000001000000000100110001
31226,1000000000000000000000000000100000000000000000100000000000000000000000000000100000000000000000000000000000000000000000000000000000000000000000000010000000000100000100000000000001000000000000000000000000000000000000000000000010100100000000000000010000000000001110000000000000010000000000000000000000000000000001000000000100110010
31231,1000000000000000000000000000100000000000000000100000000000000000000000000000100000000000000000000000000000000000000000000000000000000000000000000010000000000100000100000000000001000000000000000000000000000000000000000000000010100100000000000000010000000000001110000000000000010000000000000000000000000000000001000000000100110011
31212,10000000000000000000000000001000000000000000001000000000000000000000000000001000000000000000000000000000000000000000000000000000000000000000000000100000000001000001000000000000010000000000000000000000000000000000000000000000101001000000000000000100000000000011100000000000000100000000000000000000000000000000010000000001001100010
31213,10000000000000000000000000001000000000000000001000000000000000000000000000001000000000000000000000000000000000000000000000000000000000000000000000100000000001000001000000000000010000000000000000000000000000000000000000000000101001000000000000000100000000000011100000000000000100000000000000000000000000000000010000000001001100011
31222,10000000000000000000000000001000000000000000001000000000000000000000000000001000000000000000000000000000000000000000000000000000000000000000000000100000000001000001000000000000010000000000000000000000000000000000000000000000101001000000000000000100000000000011100000000000000100000000000000000000000000000000010000000001001100100
31239,10000000000000000000000000001000000000000000001000000000000000000000000000001000000000000000000000000000000000000000000000000000000000000000000000100000000001000001000000000000010000000000000000000000000000000000000000000000101001000000000000000100000000000011100000000000000100000000000000000000000000000000010000000001001100101
30602,10000000000000000000000000001000000000000000001000000000000000000000000000001000000000000000000000000000000000000000000000000000000000000000000000100000000001000001000000000000010000000000000000000000000000000000000000000000101001000000000000000100000000000011100000000000000100000000000000000000000000000000010000000001001100110
31243,10000000000000000000000000001000000000000000001000000000000000000000000000001000000000000000000000000000000000000000000000000000000000000000000000100000000001000001000000000000010000000000000000000000000000000000000000000000101001000000000000000100000000000011100000000000000100000000000000000000000000000000010000000001001100111
31201,100000000000000000000000000010000000000000000010000000000000000000000000000010000000000000000000000000000000000000000000000000000000000000000000001000000000010000010000000000000100000000000000000000000000000000000000000000001010010000000000000001000000000000111000000000000001000000000000000000000000000000000100000000010011000100
31207,100000000000000000000000000010000000000000000010000000000000000000000000000010000000000000000000000000000000000000000000000000000000000000000000001000000000010000010000000000000100000000000000000000000000000000000000000000001010010000000000000001000000000000111000000000000001000000000000000000000000000000000100000000010011000101
31217,100000000000000000000000000010000000000000000010000000000000000000000000000010000000000000000000000000000000000000000000000000000000000000000000001000000000010000010000000000000100000000000000000000000000000000000000000000001010010000000000000001000000000000111000000000000001000000000000000000000000000000000100000000010011001000
31219,100000000000000000000000000010000000000000000010000000000000000000000000000010000000000000000000000000000000000000000000000000000000000000000000001000000000010000010000000000000100000000000000000000000000000000000000000000001010010000000000000001000000000000111000000000000001000000000000000000000000000000000100000000010011001001
31244,100000000000000000000000000010000000000000000010000000000000000000000000000010000000000000000000000000000000000000000000000000000000000000000000001000000000010000010000000000000100000000000000000000000000000000000000000000001010010000000000000001000000000000111000000000000001000000000000000000000000000000000100000000010011001010
31192,1000000000000000000000000000100000000000000000100000000000000000000000000000100000000000000000000000000000000000000000000000000000000000000000000010000000000100000100000000000001000000000000000000000000000000000000000000000010100100000000000000010000000000001110000000000000010000000000000000000000000000000001000000000100110001000
31202,1000000000000000000000000000100000000000000000100000000000000000000000000000100000000000000000000000000000000000000000000000000000000000000000000010000000000100000100000000000001000000000000000000000000000000000000000000000010100100000000000000010000000000001110000000000000010000000000000000000000000000000001000000000100110001001
31210,1000000000000000000000000000100000000000000000100000000000000000000000000000100000000000000000000000000000000000000000000000000000000000000000000010000000000100000100000000000001000000000000000000000000000000000000000000000010100100000000000000010000000000001110000000000000010000000000000000000000000000000001000000000100110010000
31538,1000000000000000000000000000100000000000000000100000000000000000000000000000100000000000000000000000000000000000000000000000000000000000000000000010000000000100000100000000000001000000000000000000000000000000000000000000000010100100000000000000010000000000001110000000000000010000000000000000000000000000000001000000000100110010001
31190,10000000000000000000000000001000000000000000001000000000000000000000000000001000000000000000000000000000000000000000000000000000000000000000000000100000000001000001000000000000010000000000000000000000000000000000000000000000101001000000000000000100000000000011100000000000000100000000000000000000000000000000010000000001001100010000
31193,10000000000000000000000000001000000000000000001000000000000000000000000000001000000000000000000000000000000000000000000000000000000000000000000000100000000001000001000000000000010000000000000000000000000000000000000000000000101001000000000000000100000000000011100000000000000100000000000000000000000000000000010000000001001100010001
31198,10000000000000000000000000001000000000000000001000000000000000000000000000001000000000000000000000000000000000000000000000000000000000000000000000100000000001000001000000000000010000000000000000000000000000000000000000000000101001000000000000000100000000000011100000000000000100000000000000000000000000000000010000000001001100100000
31199,10000000000000000000000000001000000000000000001000000000000000000000000000001000000000000000000000000000000000000000000000000000000000000000000000100000000001000001000000000000010000000000000000000000000000000000000000000000101001000000000000000100000000000011100000000000000100000000000000000000000000000000010000000001001100100001
31233,10000000000000000000000000001000000000000000001000000000000000000000000000001000000000000000000000000000000000000000000000000000000000000000000000100000000001000001000000000000010000000000000000000000000000000000000000000000101001000000000000000100000000000011100000000000000100000000000000000000000000000000010000000001001100100010
30997,100000000000000000000000000010000000000000000010000000000000000000000000000010000000000000000000000000000000000000000000000000000000000000000000001000000000010000010000000000000100000000000000000000000000000000000000000000001010010000000000000001000000000000111000000000000001000000000000000000000000000000000100000000010011000100000
31181,100000000000000000000000000010000000000000000010000000000000000000000000000010000000000000000000000000000000000000000000000000000000000000000000001000000000010000010000000000000100000000000000000000000000000000000000000000001010010000000000000001000000000000111000000000000001000000000000000000000000000000000100000000010011000100001
31182,100000000000000000000000000010000000000000000010000000000000000000000000000010000000000000000000000000000000000000000000000000000000000000000000001000000000010000010000000000000100000000000000000000000000000000000000000000001010010000000000000001000000000000111000000000000001000000000000000000000000000000000100000000010011001000000
31195,100000000000000000000000000010000000000000000010000000000000000000000000000010000000000000000000000000000000000000000000000000000000000000000000001000000000010000010000000000000100000000000000000000000000000000000000000000001010010000000000000001000000000000111000000000000001000000000000000000000000000000000100000000010011001000010
31200,100000000000000000000000000010000000000000000010000000000000000000000000000010000000000000000000000000000000000000000000000000000000000000000000001000000000010000010000000000000100000000000000000000000000000000000000000000001010010000000000000001000000000000111000000000000001000000000000000000000000000000000100000000010011001000011
30515,1000000000000000000000000000100000000000000000100000000000000000000000000000100000000000000000000000000000000000000000000000000000000000000000000010000000000100000100000000000001000000000000000000000000000000000000000000000010100100000000000000010000000000001110000000000000010000000000000000000000000000000001000000000100110001000000
30998,1000000000000000000000000000100000000000000000100000000000000000000000000000100000000000000000000000000000000000000000000000000000000000000000000010000000000100000100000000000001000000000000000000000000000000000000000000000010100100000000000000010000000000001110000000000000010000000000000000000000000000000001000000000100110001000010
31184,1000000000000000000000000000100000000000000000100000000000000000000000000000100000000000000000000000000000000000000000000000000000000000000000000010000000000100000100000000000001000000000000000000000000000000000000000000000010100100000000000000010000000000001110000000000000010000000000000000000000000000000001000000000100110001000011
31206,1000000000000000000000000000100000000000000000100000000000000000000000000000100000000000000000000000000000000000000000000000000000000000000000000010000000000100000100000000000001000000000000000000000000000000000000000000000010100100000000000000010000000000001110000000000000010000000000000000000000000000000001000000000100110010000110
31178,10000000000000000000000000001000000000000000001000000000000000000000000000001000000000000000000000000000000000000000000000000000000000000000000000100000000001000001000000000000010000000000000000000000000000000000000000000000101001000000000000000100000000000011100000000000000100000000000000000000000000000000010000000001001100010000000
30999,10000000000000000000000000001000000000000000001000000000000000000000000000001000000000000000000000000000000000000000000000000000000000000000000000100000000001000001000000000000010000000000000000000000000000000000000000000000101001000000000000000100000000000011100000000000000100000000000000000000000000000000010000000001001100010000100
31171,100000000000000000000000000010000000000000000010000000000000000000000000000010000000000000000000000000000000000000000000000000000000000000000000001000000000010000010000000000000100000000000000000000000000000000000000000000001010010000000000000001000000000000111000000000000001000000000000000000000000000000000100000000010011000100001000
31177,100000000000000000000000000010000000000000000010000000000000000000000000000010000000000000000000000000000000000000000000000000000000000000000000001000000000010000010000000000000100000000000000000000000000000000000000000000001010010000000000000001000000000000111000000000000001000000000000000000000000000000000100000000010011000100001001
31169,1000000000000000000000000000100000000000000000100000000000000000000000000000100000000000000000000000000000000000000000000000000000000000000000000010000000000100000100000000000001000000000000000000000000000000000000000000000010100100000000000000010000000000001110000000000000010000000000000000000000000000000001000000000100110001000010000
31000,1000000000000000000000000000100000000000000000100000000000000000000000000000100000000000000000000000000000000000000000000000000000000000000000000010000000000100000100000000000001000000000000000000000000000000000000000000000010100100000000000000010000000000001110000000000000010000000000000000000000000000000001000000000100110001000010010
31001,10000000000000000000000000001000000000000000001000000000000000000000000000001000000000000000000000000000000000000000000000000000000000000000000000100000000001000001000000000000010000000000000000000000000000000000000000000000101001000000000000000100000000000011100000000000000100000000000000000000000000000000010000000001001100010000100100
